# Blender 4.4.0
# www.blender.org
mtllib temp.mtl
o mesh_node
v -0.494141 -0.259766 -0.004547
v 0.104492 -0.193359 -0.003708
v 0.351562 -0.277344 -0.032227
v 0.028931 0.133789 0.075684
v 0.011536 -0.269531 0.005951
v 0.445312 -0.019287 -0.047607
v 0.218750 -0.285156 0.046875
v -0.281250 -0.025146 -0.000311
v -0.101562 -0.250000 0.043213
v 0.138672 0.109375 -0.003296
v 0.410156 -0.275391 0.006226
v 0.059814 -0.211914 -0.062256
v -0.006287 -0.273438 -0.014526
v 0.373047 -0.101562 0.017212
v 0.189453 -0.209961 -0.031738
v -0.153320 -0.237305 0.000179
v 0.135742 0.114746 0.039795
v 0.394531 -0.275391 -0.016479
v 0.030029 0.133789 0.076172
v 0.122070 -0.312500 0.040771
v 0.373047 -0.104004 -0.005280
v 0.359375 -0.267578 0.009583
v -0.152344 -0.255859 -0.000237
v 0.137695 0.103027 -0.034668
v 0.453125 -0.207031 0.001755
v 0.034912 0.208008 -0.052734
v -0.029785 -0.279297 -0.045898
v 0.369141 -0.052734 -0.000118
v 0.174805 -0.351562 -0.014282
v -0.322266 -0.246094 0.003708
v 0.131836 0.103516 -0.026367
v 0.380859 -0.283203 0.043457
v 0.028809 -0.171875 -0.003601
v 0.083496 -0.287109 -0.061035
v 0.373047 -0.103516 0.003555
v 0.251953 -0.251953 -0.026367
v -0.099609 -0.281250 -0.024292
v 0.371094 -0.106445 0.017700
v 0.478516 -0.205078 -0.001114
v 0.035156 0.194336 0.003464
v 0.057129 -0.214844 0.062256
v 0.373047 -0.038330 -0.002426
v 0.269531 -0.273438 0.035156
v -0.153320 -0.247070 0.009766
v 0.134766 0.104492 -0.012390
v 0.375000 -0.208984 -0.000519
v 0.016113 -0.271484 -0.004028
v 0.478516 -0.019287 0.083008
v 0.320312 -0.289062 -0.045654
v 0.026367 -0.142578 0.002960
v -0.148438 -0.242188 -0.006866
v 0.133789 0.116211 0.014893
v 0.406250 -0.271484 -0.000114
v 0.027100 0.129883 0.142578
v -0.095703 -0.349609 0.009338
v 0.373047 -0.181641 -0.004822
v 0.123535 -0.279297 0.060303
v -0.238281 0.045410 -0.004303
v -0.492188 -0.249023 0.002792
v 0.035400 0.208008 -0.053467
v 0.373047 -0.281250 0.003433
v 0.027100 0.131836 -0.140625
v 0.001045 -0.353516 0.000423
v 0.373047 -0.206055 0.003738
v 0.271484 -0.275391 -0.038330
v -0.230469 0.048096 0.003799
v -0.101074 -0.259766 -0.036621
v 0.343750 -0.041992 0.000668
v 0.474609 -0.203125 0.001083
v 0.036377 0.251953 0.168945
v 0.004364 -0.263672 -0.000404
v 0.441406 -0.019653 -0.050293
v 0.220703 -0.292969 0.042236
v -0.310547 -0.057129 -0.000702
v -0.166992 -0.279297 0.003586
v 0.145508 -0.184570 -0.004791
v 0.375000 -0.213867 0.002914
v 0.032959 0.211914 -0.003830
v 0.060303 -0.214844 -0.064453
v 0.376953 -0.039307 -0.000706
v 0.363281 -0.275391 -0.019775
v 0.027832 0.133789 0.077148
v -0.148438 -0.247070 -0.002472
v 0.141602 0.103516 0.033447
v 0.398438 -0.281250 -0.031982
v 0.036865 -0.170898 0.003647
v -0.031250 -0.277344 0.053467
v 0.371094 -0.060303 -0.000629
v 0.150391 -0.251953 0.026733
v -0.441406 -0.259766 0.001923
v 0.114258 -0.094727 0.004883
v 0.373047 -0.212891 -0.003937
v 0.043457 -0.279297 0.036621
v 0.376953 -0.057129 -0.002029
v 0.287109 -0.339844 0.000175
v -0.069824 -0.226562 -0.000370
v 0.139648 0.116699 -0.031738
v 0.408203 -0.271484 0.021484
v 0.036621 0.069824 -0.058350
v 0.001228 -0.333984 -0.034424
v 0.376953 -0.182617 0.003998
v 0.249023 -0.248047 -0.000343
v -0.230469 -0.250000 -0.007996
v 0.129883 0.109863 0.014709
v 0.386719 -0.277344 -0.007538
v 0.039795 -0.024536 0.075684
v 0.079590 -0.281250 0.040283
v 0.378906 -0.058105 -0.006683
v 0.322266 -0.277344 0.056396
v 0.027100 0.267578 -0.000187
v -0.129883 -0.332031 0.016357
v 0.141602 -0.193359 -0.000265
v 0.414062 -0.267578 0.004883
v 0.029297 0.162109 -0.117676
v -0.092773 -0.259766 -0.008850
v 0.142578 0.107910 0.028320
v 0.124023 -0.283203 -0.066406
v -0.312500 -0.055908 0.001251
v -0.496094 -0.251953 -0.002518
v 0.030151 0.164062 0.104004
v 0.357422 -0.281250 -0.052246
v 0.024292 -0.150391 -0.000330
v 0.046875 -0.281250 0.063965
v 0.375000 -0.058838 -0.002014
v 0.281250 -0.210938 0.012390
v -0.129883 -0.349609 0.007629
v 0.283203 -0.208984 -0.010620
v 0.398438 -0.275391 0.037109
v 0.033203 0.192383 0.000000
v -0.029175 -0.271484 -0.051025
v 0.371094 -0.038818 0.000454
v 0.207031 -0.275391 -0.034912
v -0.150391 -0.259766 -0.010010
v 0.129883 0.003220 0.002518
v 0.378906 -0.210938 -0.000851
v 0.034912 0.251953 0.167969
v 0.119141 -0.271484 0.000019
v 0.482422 -0.021362 -0.080078
v 0.322266 -0.296875 0.036621
v 0.025146 -0.171875 -0.003876
v -0.076172 -0.226562 0.003738
v 0.135742 0.129883 -0.004883
v 0.410156 -0.269531 -0.000790
v 0.031494 0.160156 -0.177734
v -0.062012 -0.330078 -0.022583
v 0.373047 -0.104980 0.017700
v 0.165039 -0.279297 -0.052246
v -0.152344 -0.306641 0.010864
v 0.117676 -0.191406 -0.000771
v 0.371094 -0.214844 0.001450
v 0.030640 0.171875 -0.071777
v 0.036133 -0.242188 -0.004211
v 0.480469 -0.019409 0.082031
v 0.273438 -0.279297 -0.043945
v -0.052246 -0.002609 0.001251
v -0.066895 -0.261719 -0.043457
v 0.345703 -0.041260 0.000454
v 0.400391 -0.296875 -0.004761
v 0.101074 -0.212891 0.052734
v 0.010681 -0.275391 0.013489
v 0.375000 -0.104004 -0.019287
v 0.216797 -0.279297 0.050781
v -0.234375 0.052490 -0.002472
v -0.156250 -0.244141 0.000332
v 0.134766 0.111328 -0.038086
v 0.386719 -0.275391 0.019043
v 0.036133 0.069336 -0.059326
v 0.120605 -0.335938 -0.033936
v 0.476562 -0.202148 0.003113
v 0.353516 -0.275391 -0.000149
v 0.026733 0.132812 0.142578
v -0.164062 -0.253906 -0.003342
v 0.137695 0.105469 0.041260
v 0.453125 -0.208008 -0.000330
v 0.035156 0.253906 0.085449
v -0.030029 -0.271484 0.047607
v 0.287109 0.002426 -0.001251
v 0.173828 -0.351562 0.014465
v -0.492188 -0.253906 0.001556
v 0.028564 0.130859 -0.140625
v 0.371094 -0.210938 0.002090
v 0.031982 0.269531 -0.005707
v 0.046631 -0.281250 -0.053467
v 0.378906 -0.040527 0.003006
v 0.287109 -0.333984 -0.011780
v -0.136719 -0.246094 -0.000099
v 0.138672 0.112305 0.041748
v 0.410156 -0.275391 -0.020630
v 0.036621 -0.142578 0.003586
v -0.029541 -0.345703 0.025513
v 0.373047 -0.208008 -0.001465
v 0.217773 -0.271484 0.018433
v -0.145508 -0.248047 0.020386
v 0.133789 0.104004 -0.003540
v 0.396484 -0.298828 0.005920
v 0.057617 -0.211914 -0.062012
v 0.132812 -0.277344 -0.041016
v 0.375000 -0.102051 0.017578
v 0.357422 -0.275391 -0.054443
v 0.033691 0.253906 0.004120
v -0.101562 -0.257812 -0.040039
v 0.367188 -0.104004 -0.000031
v 0.453125 -0.210938 -0.000263
v 0.038086 0.208984 0.100098
v 0.025024 -0.238281 0.003250
v 0.143555 0.113281 -0.025024
v 0.166016 -0.283203 0.057617
v -0.239258 0.043213 -0.001907
v -0.488281 -0.248047 -0.001022
v 0.129883 0.130859 0.001968
v 0.373047 -0.275391 -0.003677
v 0.026855 0.131836 0.143555
v 0.006012 -0.283203 0.003494
v 0.375000 -0.106445 -0.021851
v 0.271484 -0.273438 0.038330
v 0.028198 0.172852 -0.072266
v -0.068848 -0.265625 0.038330
v 0.369141 -0.103516 -0.005005
v 0.478516 -0.204102 0.001450
v 0.036377 0.250000 -0.170898
v -0.009644 -0.275391 -0.000389
v 0.435547 -0.024902 0.048584
v 0.225586 -0.330078 -0.030762
v -0.153320 -0.239258 0.009705
v -0.177734 -0.333984 -0.001999
v 0.112793 -0.194336 0.006165
v 0.375000 -0.267578 -0.020630
v 0.031738 0.194336 0.003647
v 0.083496 -0.279297 0.068848
v 0.376953 -0.043213 -0.001816
v 0.273438 -0.277344 0.037354
v 0.028442 0.131836 -0.084473
v -0.154297 -0.246094 0.006958
v 0.129883 0.112793 -0.027588
v 0.382812 -0.285156 0.037598
v 0.033203 -0.142578 -0.005920
v -0.069336 -0.263672 -0.050049
v 0.347656 -0.040771 -0.000538
v 0.101074 -0.212891 -0.052246
v -0.492188 -0.246094 0.000000
v 0.035400 0.255859 -0.085938
v 0.357422 -0.279297 0.053955
v 0.030396 0.155273 -0.005798
v 0.047363 -0.285156 -0.060059
v 0.376953 -0.101562 0.004791
v 0.269531 -0.273438 -0.035156
v -0.153320 -0.251953 -0.006866
v 0.371094 -0.102539 0.016846
v 0.474609 -0.202148 -0.000698
v 0.034424 0.255859 0.003647
v 0.007629 -0.281250 0.055176
v 0.376953 -0.045898 -0.000092
v 0.171875 -0.333984 0.032959
v -0.154297 -0.238281 -0.008728
v -0.155273 -0.343750 0.008179
v 0.142578 -0.191406 -0.002991
v 0.396484 -0.267578 -0.000309
v 0.030151 0.162109 -0.177734
v 0.037354 -0.242188 -0.000191
v 0.482422 -0.020142 0.083984
v 0.355469 -0.291016 -0.034668
v -0.050781 -0.003265 0.001678
v -0.125000 -0.243164 -0.029419
v 0.138672 0.108887 0.010071
v 0.406250 -0.281250 -0.000534
v 0.057373 -0.212891 0.061279
v -0.068359 -0.265625 -0.000298
v 0.371094 -0.101074 -0.021973
v 0.152344 -0.247070 0.025879
v -0.322266 -0.251953 -0.007812
v 0.133789 0.105469 0.000919
v 0.373047 -0.209961 -0.004028
v 0.034180 0.253906 0.085938
v 0.010925 -0.267578 0.011963
v 0.414062 -0.034668 -0.017090
v 0.271484 -0.285156 0.048096
v -0.127930 -0.181641 -0.000523
v -0.099609 -0.250000 0.039551
v 0.135742 0.115723 -0.003525
v 0.416016 -0.267578 0.002853
v 0.039551 0.052490 -0.086426
v 0.001617 -0.345703 -0.027588
v 0.373047 -0.182617 0.004730
v 0.216797 -0.281250 -0.054443
v -0.230469 0.049316 0.000858
v -0.170898 -0.255859 -0.001419
v 0.132812 0.103516 0.030029
v 0.380859 -0.292969 -0.025024
v 0.028320 -0.205078 0.005737
v 0.123047 -0.294922 0.048096
v 0.375000 -0.102051 -0.019287
v 0.371094 -0.210938 -0.000610
v -0.176758 -0.308594 0.001846
v 0.283203 -0.208984 -0.014648
v 0.457031 -0.210938 0.001740
v 0.030396 0.173828 -0.071777
v 0.057373 -0.214844 -0.062500
v 0.139648 0.113281 0.018677
v 0.131836 -0.273438 -0.000305
v -0.496094 -0.259766 -0.000326
v 0.109863 -0.194336 0.006256
v 0.375000 -0.212891 -0.004395
v 0.030396 0.174805 0.067871
v 0.056885 -0.214844 0.061035
v 0.375000 -0.038086 -0.002792
v 0.271484 -0.273438 0.018066
v -0.097168 -0.255859 0.000126
v 0.139648 0.106445 -0.037109
v 0.406250 -0.279297 0.021240
v 0.107910 -0.192383 -0.006531
v 0.004883 -0.291016 -0.042236
v 0.371094 -0.103516 0.004669
v 0.204102 -0.243164 0.000214
v -0.127930 -0.243164 -0.034180
v 0.132812 0.116211 0.005096
v 0.394531 -0.275391 -0.011047
v 0.041016 -0.024048 0.076660
v 0.121094 -0.351562 0.015747
v 0.478516 -0.202148 -0.000992
v 0.359375 -0.281250 0.051270
v 0.031250 0.157227 -0.005798
v -0.069336 -0.265625 0.050049
v 0.283203 -0.000618 -0.000319
v 0.474609 -0.203125 0.001587
v 0.035889 0.253906 -0.085938
v -0.013855 -0.271484 -0.008728
v 0.373047 -0.041504 0.004456
v 0.166992 -0.285156 -0.052246
v -0.363281 -0.115723 -0.000065
v -0.445312 -0.251953 0.004578
v 0.130859 0.113770 -0.011169
v 0.380859 -0.275391 0.000206
v 0.026245 0.129883 -0.145508
v 0.016602 -0.277344 -0.008301
v 0.433594 -0.036133 0.043457
v 0.285156 -0.209961 -0.014648
v -0.098633 -0.302734 -0.023071
v 0.369141 -0.181641 0.002319
v 0.478516 -0.205078 -0.000168
v 0.031738 0.163086 0.176758
v 0.004150 -0.265625 0.003281
v 0.443359 -0.019165 -0.050537
v 0.217773 -0.279297 0.044922
v -0.237305 0.042725 -0.001610
v -0.173828 -0.279297 0.001709
v 0.116699 -0.095703 -0.005280
v 0.373047 -0.209961 0.005219
v 0.032959 0.214844 -0.003403
v 0.083984 -0.279297 -0.064453
v 0.382812 -0.052246 0.002975
v 0.328125 -0.314453 -0.019531
v -0.073242 -0.225586 0.004211
v -0.076172 -0.225586 -0.002609
v 0.132812 0.115234 0.021606
v 0.382812 -0.277344 -0.047852
v 0.033203 0.155273 0.005951
v -0.069336 -0.269531 0.042725
v 0.373047 -0.103027 -0.004517
v 0.132812 -0.273438 0.037354
v -0.494141 -0.255859 0.003128
v 0.110840 -0.094727 0.003006
v 0.369141 -0.210938 0.005402
v 0.036621 0.208984 -0.094727
v 0.004364 -0.273438 -0.016724
v 0.378906 -0.052979 0.004974
v 0.217773 -0.283203 -0.051270
v -0.077148 -0.224609 0.000439
v 0.056641 -0.212891 -0.063965
v 0.134766 0.132812 0.002319
v 0.414062 -0.267578 -0.002502
v 0.038818 0.132812 0.095703
v -0.030273 -0.306641 0.034424
v 0.375000 -0.103516 -0.017456
v 0.165039 -0.279297 0.054443
v -0.238281 0.052490 0.000290
v -0.158203 -0.245117 0.000095
v 0.133789 0.108398 -0.037842
v 0.396484 -0.285156 0.025757
v 0.030640 -0.165039 -0.004639
v 0.132812 -0.277344 -0.040771
v 0.431641 -0.036865 0.040527
v 0.369141 -0.209961 -0.001038
v -0.156250 -0.351562 0.000263
v 0.281250 -0.208984 0.010925
v 0.408203 -0.271484 -0.019653
v 0.036377 0.133789 0.054688
v -0.032227 -0.275391 0.031128
v 0.212891 0.050293 -0.001137
v 0.136719 -0.271484 -0.000149
v -0.324219 -0.246094 -0.004333
v 0.129883 0.112793 0.031738
v 0.378906 -0.277344 -0.031494
v 0.031494 0.153320 0.005829
v 0.084473 -0.285156 0.070801
v 0.375000 -0.204102 -0.001877
v 0.271484 -0.273438 0.036377
v 0.028687 0.165039 -0.117676
v -0.075195 -0.259766 0.001831
v 0.373047 -0.053711 -0.006378
v 0.476562 -0.204102 0.002884
v 0.043457 0.353516 -0.000149
v 0.046875 -0.281250 -0.063965
v 0.375000 -0.045654 -0.001381
v 0.219727 -0.292969 -0.041260
v -0.283203 -0.023560 0.002823
v -0.170898 -0.308594 -0.003815
v 0.116211 -0.191406 0.003494
v 0.375000 -0.214844 -0.000500
v 0.030273 0.163086 0.176758
v 0.037842 -0.205078 -0.000053
v 0.482422 -0.020752 -0.080566
v 0.355469 -0.285156 0.046387
v 0.035156 0.132812 -0.056641
v -0.125000 -0.248047 0.027588
v 0.136719 0.104980 -0.004425
v 0.400391 -0.296875 0.004089
v 0.057373 -0.211914 -0.062988
v -0.066895 -0.267578 -0.000362
v 0.373047 -0.104004 0.022095
v 0.152344 -0.247070 -0.026001
v -0.496094 -0.253906 -0.003967
v 0.039062 0.133789 0.053955
v 0.369141 -0.281250 0.000355
v 0.057129 -0.211914 0.062256
v 0.002930 -0.283203 0.006714
v 0.376953 -0.102051 -0.021606
v 0.249023 -0.245117 0.026001
v -0.100098 -0.281250 0.025146
v 0.373047 -0.103027 -0.019775
v 0.476562 -0.206055 0.001740
v 0.038574 0.201172 -0.174805
v 0.025513 -0.204102 -0.003998
v 0.143555 0.113770 0.034180
v 0.216797 -0.279297 -0.045166
v -0.238281 0.043457 0.003281
v -0.151367 -0.253906 -0.009888
v 0.135742 0.104004 0.021606
v 0.375000 -0.208984 -0.005432
v 0.123535 -0.279297 0.063965
v 0.384766 -0.052979 -0.001526
v 0.357422 -0.298828 0.024780
v 0.028320 -0.171875 -0.006653
v -0.140625 -0.243164 0.016724
v 0.136719 0.116211 -0.016968
v 0.398438 -0.279297 0.036621
v 0.037842 -0.143555 -0.000088
v -0.030762 -0.332031 -0.030640
v 0.134766 -0.273438 -0.035400
v -0.182617 -0.335938 0.000050
v 0.111328 -0.194336 -0.006805
v 0.365234 -0.267578 0.017822
v 0.029785 0.170898 -0.072266
v 0.047607 -0.277344 -0.056641
v 0.376953 -0.043945 0.000053
v 0.273438 -0.277344 -0.033691
v 0.027466 0.131836 0.137695
v -0.125000 -0.249023 0.000256
v 0.141602 0.108398 0.040039
v 0.408203 -0.277344 -0.020874
v 0.105957 -0.189453 0.002380
v 0.006134 -0.285156 0.046387
v 0.375000 -0.058350 -0.002136
v 0.187500 -0.208984 0.029907
v -0.126953 -0.244141 0.035156
v 0.129883 0.130859 -0.000038
v 0.380859 -0.279297 0.008057
v 0.038818 0.052490 -0.084473
v 0.077637 -0.351562 -0.016113
v 0.375000 -0.105957 0.017700
v 0.322266 -0.277344 -0.046631
v 0.030029 0.194336 0.005432
v -0.101562 -0.255859 -0.041992
v 0.122070 -0.096680 0.000259
v 0.417969 -0.211914 -0.001846
v 0.037109 0.208984 0.099121
v -0.073242 -0.259766 0.002640
v 0.371094 -0.052979 -0.003494
v 0.122070 -0.335938 0.034180
v -0.494141 -0.249023 -0.000303
v -0.494141 -0.255859 0.005646
v 0.032959 0.156250 -0.005554
v 0.328125 -0.316406 0.018677
v 0.057129 -0.212891 -0.061768
v 0.010132 -0.275391 -0.013916
v 0.375000 -0.104004 0.016113
v 0.271484 -0.277344 -0.050049
v 0.027954 0.194336 0.003708
v -0.069336 -0.267578 -0.047363
v 0.312500 -0.198242 -0.000507
v 0.474609 -0.205078 0.001038
v 0.030273 0.133789 0.077148
v -0.010132 -0.261719 0.006927
v 0.143555 0.113281 -0.030029
v 0.166016 -0.285156 0.052490
v -0.237305 0.041504 -0.001114
v -0.174805 -0.255859 0.000515
v 0.132812 0.104004 -0.035400
v 0.373047 -0.208984 0.003036
v 0.034424 0.255859 -0.005096
v 0.123535 -0.279297 -0.060303
v 0.410156 -0.032715 0.014282
v 0.330078 -0.322266 -0.009644
v 0.038818 -0.024902 0.076660
v -0.151367 -0.245117 -0.000423
v 0.133789 0.110352 0.042236
v 0.402344 -0.275391 -0.015747
v 0.037842 0.070801 0.055420
v -0.062500 -0.330078 0.022583
v 0.369141 -0.201172 -0.001350
v 0.134766 -0.273438 0.034668
v -0.179688 -0.349609 -0.001663
v 0.109375 -0.197266 0.005096
v 0.382812 -0.275391 -0.047363
v 0.031982 0.194336 0.001373
v 0.047363 -0.277344 0.055420
v 0.376953 -0.044189 -0.002548
v 0.271484 -0.277344 0.033203
v 0.037109 0.052490 -0.085938
v -0.114746 -0.250000 0.016602
v 0.142578 0.107910 -0.024780
v 0.398438 -0.279297 0.035645
v 0.105469 -0.189453 -0.003616
v 0.008545 -0.281250 -0.055420
v 0.375000 -0.060059 -0.000641
v 0.249023 -0.246094 -0.026978
v -0.156250 -0.240234 -0.009338
v 0.132812 0.130859 0.003616
v 0.388672 -0.275391 0.000080
v 0.031006 0.160156 0.176758
v 0.077637 -0.351562 0.016724
v 0.375000 -0.104004 -0.018799
v 0.322266 -0.277344 0.046143
v -0.127930 -0.255859 0.024414
v 0.129883 0.003220 -0.003464
v 0.419922 -0.208984 0.000229
v 0.035645 0.250000 -0.171875
v -0.070312 -0.267578 -0.004364
v 0.376953 -0.054688 0.005951
v 0.122070 -0.312500 -0.039795
v -0.490234 -0.244141 0.000660
v -0.451172 -0.257812 -0.005371
v 0.124023 0.003891 0.004211
v 0.373047 -0.210938 0.000500
v 0.038086 0.201172 0.170898
v 0.017090 -0.271484 -0.000568
v 0.480469 -0.020386 -0.082520
v 0.283203 -0.320312 0.030396
v -0.076172 -0.224609 -0.002502
v -0.069824 -0.226562 0.002731
v 0.135742 0.132812 -0.003357
v 0.412109 -0.269531 -0.000156
v 0.027832 0.131836 -0.145508
v 0.006958 -0.285156 -0.000710
v 0.375000 -0.106934 0.020508
v 0.207031 -0.273438 -0.036133
v -0.154297 -0.243164 -0.004181
v 0.130859 0.112793 0.036377
v 0.392578 -0.277344 -0.028687
v 0.036621 -0.151367 0.003830
v 0.124023 -0.285156 0.066895
v 0.380859 -0.058105 -0.001190
v 0.371094 -0.207031 0.007263
v 0.034180 0.253906 -0.085938
v -0.155273 -0.349609 0.005341
v 0.283203 -0.208008 -0.013000
v 0.396484 -0.273438 0.033447
v 0.032959 0.194336 -0.005035
v -0.029663 -0.271484 -0.053955
v 0.212891 0.051025 -0.000309
v 0.166016 -0.277344 -0.036133
v -0.445312 -0.249023 -0.001099
v 0.131836 0.108398 -0.035889
v 0.376953 -0.277344 0.021973
v 0.030273 -0.142578 -0.006256
v 0.036133 -0.345703 -0.028442
v 0.373047 -0.208008 0.001465
v 0.271484 -0.271484 -0.000378
v -0.067383 -0.267578 -0.014709
v 0.373047 -0.101074 0.021240
v 0.478516 -0.205078 -0.001450
v 0.035889 0.253906 0.003937
v 0.005066 -0.277344 0.041748
v 0.375000 -0.041016 -0.005829
v 0.229492 -0.345703 0.013000
v -0.150391 -0.281250 0.011108
v 0.116211 -0.191406 -0.004425
v 0.373047 -0.214844 0.001892
v 0.030273 0.164062 -0.118164
v 0.099609 -0.211914 -0.050049
v 0.439453 -0.022095 0.047607
v 0.324219 -0.279297 -0.056641
v 0.031006 0.154297 0.005951
v -0.127930 -0.253906 -0.027100
v 0.133789 0.104492 0.004059
v 0.394531 -0.298828 -0.005280
v 0.059570 -0.212891 0.060059
v -0.074707 -0.265625 0.004944
v 0.373047 -0.101074 -0.018433
v 0.124023 -0.279297 0.066895
v -0.496094 -0.257812 0.001709
v 0.100098 -0.209961 -0.052246
v 0.380859 -0.275391 0.043213
v 0.030151 0.194336 -0.000702
v 0.057617 -0.214844 -0.063477
v 0.376953 -0.038818 0.000370
v 0.269531 -0.273438 -0.034912
v -0.120605 -0.249023 -0.008057
v 0.140625 0.103516 0.028931
v 0.400391 -0.283203 -0.035156
v 0.103516 -0.192383 -0.000977
v 0.007599 -0.283203 0.052979
v 0.373047 -0.100586 -0.004913
v 0.202148 -0.251953 0.027466
v -0.155273 -0.241211 0.009521
v 0.132812 0.116211 -0.013916
v 0.400391 -0.273438 0.000500
v 0.027100 0.129883 -0.146484
v 0.121094 -0.349609 -0.015137
v 0.476562 -0.201172 0.002396
v 0.357422 -0.279297 -0.053955
v 0.029785 0.171875 0.066895
v -0.126953 -0.255859 -0.023926
v 0.137695 0.105957 0.016479
v 0.453125 -0.207031 0.000683
v -0.070312 -0.267578 0.004486
v 0.143555 0.108398 -0.034668
v 0.166992 -0.287109 0.050537
v -0.365234 -0.114258 -0.001068
v -0.146484 -0.243164 -0.021484
v 0.129883 0.110352 0.005371
v 0.375000 -0.281250 -0.006744
v 0.030396 -0.166992 0.005066
v 0.016724 -0.277344 0.007385
v 0.431641 -0.036621 -0.038574
v 0.322266 -0.275391 0.052979
v 0.027954 0.267578 -0.003189
v -0.097168 -0.330078 0.020996
v 0.371094 -0.207031 -0.001587
v 0.482422 -0.204102 0.000698
v 0.038330 0.131836 -0.091797
v 0.007782 -0.267578 -0.006500
v 0.437500 -0.023560 0.049316
v 0.216797 -0.285156 -0.046875
v -0.281250 -0.024902 0.002274
v -0.178711 -0.277344 0.000401
v 0.136719 0.102539 0.038574
v 0.375000 -0.211914 -0.003128
v 0.035889 0.208008 0.053223
v 0.124023 -0.281250 0.056396
v 0.382812 -0.052490 -0.003967
v 0.330078 -0.326172 -0.000257
v 0.056885 -0.211914 -0.063965
v -0.076172 -0.227539 -0.000164
v 0.137695 0.112793 -0.038086
v 0.402344 -0.275391 0.015991
v 0.037354 0.131836 -0.089355
v -0.029663 -0.306641 -0.034668
v 0.373047 -0.104492 0.004181
v 0.151367 -0.248047 -0.026001
v -0.488281 -0.248047 0.000439
v 0.036133 0.251953 0.167969
v 0.365234 -0.275391 -0.019287
v 0.035889 0.070801 0.055664
v 0.037598 -0.310547 0.040771
v 0.375000 -0.181641 -0.004425
v 0.251953 -0.250000 0.000736
v -0.093262 -0.257812 0.009338
v 0.371094 -0.103027 -0.019409
v 0.472656 -0.204102 0.002304
v 0.034668 0.208008 -0.052002
v 0.004517 -0.277344 -0.032715
v 0.371094 -0.053467 0.002991
v 0.229492 -0.349609 0.000057
v -0.155273 -0.333984 -0.010010
v 0.141602 -0.192383 0.002350
v 0.408203 -0.267578 -0.002609
v 0.030151 0.163086 0.104004
v 0.131836 -0.275391 0.039062
v 0.443359 -0.018433 -0.047852
v 0.324219 -0.281250 0.053711
v -0.048096 -0.003906 0.000301
v -0.125977 -0.243164 0.032715
v 0.138672 0.114258 -0.005920
v 0.406250 -0.277344 0.002350
v 0.039551 -0.023315 -0.079102
v -0.032715 -0.273438 -0.014404
v 0.373047 -0.058838 0.004333
v 0.190430 -0.209961 -0.033203
v -0.441406 -0.257812 0.004089
v 0.130859 0.105469 -0.003723
v 0.373047 -0.208984 0.001038
v 0.005341 -0.265625 -0.000610
v 0.480469 -0.020386 0.085449
v 0.271484 -0.291016 -0.044678
v -0.129883 -0.180664 0.002182
v -0.099609 -0.250000 -0.036865
v 0.137695 0.114746 0.013489
v 0.414062 -0.273438 -0.000511
v 0.028198 0.131836 0.138672
v -0.028320 -0.353516 -0.000046
v 0.373047 -0.205078 -0.003860
v 0.205078 -0.273438 0.035889
v -0.235352 0.049072 -0.005554
v -0.229492 -0.247070 0.006470
v 0.129883 0.107422 -0.032715
v 0.382812 -0.294922 0.023682
v 0.030029 -0.166992 -0.005219
v 0.083008 -0.285156 -0.070801
v 0.376953 -0.060059 -0.000473
v 0.283203 -0.210938 -0.013306
v 0.034668 0.253906 0.085449
v -0.167969 -0.279297 -0.003479
v 0.145508 -0.183594 0.004517
v 0.378906 -0.209961 -0.005127
v 0.033203 0.212891 0.002136
v 0.056885 -0.212891 0.062988
v 0.136719 0.132812 -0.002136
v 0.130859 -0.275391 0.038330
v -0.492188 -0.253906 -0.001434
v 0.039307 0.132812 0.095215
v 0.373047 -0.207031 -0.004791
v 0.041260 0.353516 0.000191
v 0.047363 -0.279297 0.063477
v 0.375000 -0.044678 -0.001282
v 0.273438 -0.277344 0.038574
v -0.128906 -0.181641 -0.000908
v -0.142578 -0.245117 0.010132
v 0.138672 0.116699 -0.026855
v 0.410156 -0.273438 0.021729
v 0.036621 0.068848 -0.057373
v 0.002411 -0.312500 -0.038330
v 0.369141 -0.182617 -0.000084
v 0.206055 -0.271484 -0.032959
v -0.145508 -0.248047 -0.018921
v 0.130859 0.105957 0.004181
v 0.396484 -0.300781 0.000301
v 0.056152 -0.212891 0.061523
v 0.077148 -0.273438 0.000126
v 0.355469 -0.277344 0.047607
v 0.033936 0.207031 -0.053467
v -0.128906 -0.281250 0.019043
v 0.312500 -0.202148 -0.004700
v 0.451172 -0.211914 -0.000118
v 0.037842 0.201172 -0.174805
v 0.024170 -0.237305 -0.000175
v 0.139648 0.114746 0.039062
v 0.166016 -0.281250 -0.050049
v -0.238281 0.044434 0.003860
v 0.131836 0.133789 -0.002716
v 0.382812 -0.275391 0.005463
v 0.029907 0.132812 -0.084473
v 0.077148 -0.312500 -0.040527
v 0.376953 -0.105469 0.017090
v 0.322266 -0.275391 -0.053955
v 0.029907 0.194336 0.000835
v -0.067871 -0.269531 -0.042480
v 0.371094 -0.058350 0.002457
v 0.037842 0.208984 0.100586
v 0.003967 -0.275391 0.016113
v 0.378906 -0.053467 -0.006744
v 0.216797 -0.285156 0.051025
v -0.127930 -0.181641 0.000729
v -0.181641 -0.351562 0.000061
v 0.188477 -0.208008 -0.030029
v 0.386719 -0.267578 0.017822
v 0.036377 0.132812 -0.055420
v 0.133789 -0.275391 -0.039307
v 0.408203 -0.033691 0.014893
v 0.359375 -0.312500 -0.008423
v -0.150391 -0.246094 -0.001923
v 0.137695 0.108887 0.041504
v 0.396484 -0.285156 -0.025024
v 0.030640 -0.164062 0.004608
v -0.063477 -0.304688 0.028442
v 0.373047 -0.059814 -0.002899
v 0.108887 -0.197266 -0.000395
v -0.496094 -0.250000 0.000275
v 0.032227 0.162109 -0.177734
v 0.365234 -0.275391 0.018921
v 0.029907 -0.150391 -0.006958
v 0.046143 -0.287109 -0.053711
v 0.376953 -0.058105 0.000046
v 0.283203 -0.208984 -0.011536
v -0.129883 -0.351562 0.000385
v 0.281250 -0.209961 0.013550
v 0.476562 -0.205078 -0.000809
v 0.037354 0.133789 0.055908
v 0.008118 -0.277344 0.047852
v 0.375000 -0.038818 -0.004272
v 0.206055 -0.271484 0.032715
v -0.127930 -0.251953 0.031982
v 0.120117 -0.096191 -0.003571
v 0.376953 -0.212891 0.001923
v 0.036133 0.209961 -0.093750
v 0.131836 -0.275391 -0.038818
v 0.478516 -0.021362 0.081543
v 0.355469 -0.283203 -0.048828
v -0.069824 -0.225586 -0.000011
v 0.057617 -0.214844 -0.064941
v 0.133789 0.132812 -0.000362
v 0.400391 -0.275391 -0.011841
v 0.039307 0.131836 0.093750
v -0.059570 -0.349609 0.010437
v 0.373047 -0.106934 -0.018799
v 0.165039 -0.279297 0.051514
v -0.237305 0.052246 -0.003174
v -0.324219 -0.255859 -0.004883
v 0.117676 -0.094727 0.005310
v 0.373047 -0.211914 -0.000538
v 0.036377 -0.205078 0.003860
v 0.476562 -0.020020 -0.080566
v 0.273438 -0.277344 0.046143
v -0.230469 0.046143 -0.002274
v -0.100586 -0.253906 0.033936
v 0.210938 0.048828 -0.001892
v 0.402344 -0.291016 -0.001083
v 0.059326 -0.211914 -0.064941
v -0.001396 -0.279297 -0.007996
v 0.375000 -0.100586 0.020752
v 0.247070 -0.245117 -0.025635
v -0.229492 -0.244141 -0.003601
v 0.130859 0.111816 0.019897
v 0.380859 -0.279297 -0.047607
v 0.025024 -0.143555 -0.000351
v 0.076660 -0.335938 0.035645
v 0.378906 -0.204102 -0.001205
v 0.320312 -0.275391 0.019775
v 0.028687 0.162109 -0.117676
v -0.151367 -0.253906 0.010010
v 0.134766 0.104004 -0.019287
v 0.380859 -0.210938 0.003937
v 0.034424 0.267578 -0.003174
v -0.067871 -0.259766 -0.046875
v 0.211914 0.050781 0.001099
v 0.121094 -0.345703 -0.026855
v -0.363281 -0.114258 0.001251
v -0.492188 -0.251953 -0.005310
v 0.035156 0.253906 0.003891
v 0.357422 -0.298828 -0.024780
v 0.039795 0.051270 0.086426
v 0.035889 -0.345703 0.029053
v 0.375000 -0.208008 -0.003571
v 0.271484 -0.279297 0.054443
v -0.230469 0.049316 -0.001366
v -0.102051 -0.255859 0.042725
v 0.283203 -0.000763 -0.001518
v 0.036133 0.251953 -0.171875
v -0.004272 -0.263672 -0.012878
v 0.376953 -0.040283 0.004700
v 0.164062 -0.285156 -0.056885
v -0.310547 -0.056885 0.001434
v -0.178711 -0.306641 -0.001404
v 0.188477 -0.208008 0.031250
v 0.386719 -0.269531 -0.018921
v 0.100586 -0.213867 0.051270
v 0.414062 -0.032471 -0.016113
v 0.357422 -0.275391 0.000095
v 0.025757 0.130859 -0.145508
v -0.148438 -0.246094 0.001175
v 0.140625 0.103516 -0.030396
v 0.392578 -0.291016 0.018921
v 0.033203 -0.205078 -0.006744
v -0.027832 -0.289062 -0.038330
v 0.371094 -0.101562 0.004120
v 0.152344 -0.245117 -0.000343
v -0.230469 -0.255859 0.003830
v 0.131836 0.103516 -0.031494
v 0.373047 -0.210938 0.002991
v 0.034912 0.251953 -0.004578
v 0.083984 -0.283203 -0.071289
v 0.375000 -0.055176 -0.000637
v 0.285156 -0.328125 -0.022095
v -0.075684 -0.224609 0.003464
v -0.070312 -0.224609 -0.002960
v 0.139648 0.117188 0.031250
v 0.410156 -0.275391 -0.021973
v 0.037598 0.133789 0.052979
v 0.046875 -0.285156 0.059570
v 0.375000 -0.103516 -0.005585
v 0.250000 -0.251953 0.027710
v -0.144531 -0.245117 0.022095
v 0.129883 0.109863 -0.004181
v 0.390625 -0.279297 0.002701
v 0.037354 -0.023315 -0.080566
v 0.040771 -0.275391 0.000362
v 0.480469 -0.020630 0.084961
v 0.369141 -0.209961 -0.007019
v 0.033936 0.253906 0.085449
v -0.155273 -0.343750 -0.008606
v 0.312500 -0.200195 0.003860
v 0.412109 -0.267578 -0.004364
v 0.032227 0.160156 0.176758
v -0.069336 -0.261719 -0.000195
v 0.143555 0.111816 -0.034912
v 0.166992 -0.289062 0.048584
v -0.312500 -0.055420 0.000530
v -0.494141 -0.259766 0.002136
v 0.099609 -0.209961 -0.050781
v 0.373047 -0.214844 -0.000296
v 0.003967 -0.265625 -0.004761
v 0.437500 -0.022217 0.047852
v 0.273438 -0.277344 -0.046143
v -0.235352 0.043457 0.002563
v -0.129883 -0.245117 -0.016479
v 0.139648 0.108887 0.016602
v 0.410156 -0.275391 0.000317
v 0.041260 -0.024414 0.077637
v -0.005737 -0.279297 0.006287
v 0.375000 -0.057373 -0.007996
v 0.188477 -0.209961 0.030151
v -0.149414 -0.240234 0.007446
v 0.133789 0.116211 -0.021851
v 0.382812 -0.277344 0.047119
v 0.031128 0.154297 -0.005402
v 0.123535 -0.285156 -0.065918
v 0.476562 -0.201172 0.001953
v 0.359375 -0.267578 -0.009644
v 0.028564 0.164062 0.104004
v -0.129883 -0.263672 -0.018677
v 0.369141 -0.104980 0.018066
v 0.457031 -0.209961 -0.002457
v 0.033936 0.213867 0.002350
v -0.030762 -0.279297 0.051025
v 0.373047 -0.058105 -0.001404
v 0.172852 -0.343750 0.026367
v -0.490234 -0.245117 -0.001595
v -0.492188 -0.255859 -0.000103
v 0.131836 0.107910 0.040039
v 0.380859 -0.300781 -0.015320
v 0.029297 -0.171875 0.006500
v 0.046143 -0.285156 0.053223
v 0.375000 -0.101562 -0.005707
v 0.281250 -0.209961 0.010681
v -0.079102 -0.265625 -0.000200
v 0.371094 -0.104004 -0.021851
v 0.476562 -0.206055 0.002335
v 0.035156 0.207031 -0.054199
v 0.057617 -0.214844 -0.062256
v 0.136719 0.129883 0.002518
v 0.217773 -0.271484 -0.019531
v -0.145508 -0.246094 -0.020752
v 0.122070 0.004486 0.002640
v 0.375000 -0.208984 -0.002228
v 0.035889 0.209961 0.101074
v 0.041260 -0.275391 0.016846
v 0.431641 -0.034424 -0.037354
v 0.271484 -0.289062 0.046631
v -0.073242 -0.225586 -0.000164
v -0.126953 -0.247070 0.034668
v 0.135742 0.115723 0.005798
v 0.400391 -0.275391 0.011169
v 0.038818 -0.023438 -0.078613
v -0.097168 -0.349609 -0.009460
v 0.371094 -0.208008 0.001587
v 0.124023 -0.281250 -0.056641
v -0.240234 0.046387 0.002502
v -0.496094 -0.253906 -0.001091
v 0.039062 0.201172 0.170898
v 0.357422 -0.287109 -0.042480
v 0.029907 -0.142578 0.005707
v 0.001541 -0.345703 0.028198
v 0.375000 -0.207031 -0.002274
v 0.269531 -0.271484 -0.000368
v -0.147461 -0.248047 -0.000427
v 0.371094 -0.102539 -0.022095
v 0.472656 -0.203125 0.002884
v -0.029419 -0.271484 -0.046387
v 0.369141 -0.040527 -0.000496
v 0.172852 -0.341797 -0.025757
v -0.128906 -0.281250 -0.017822
v 0.146484 -0.178711 -0.000607
v 0.376953 -0.213867 -0.002655
v 0.030273 0.174805 0.068359
v 0.104980 -0.196289 0.001862
v 0.478516 -0.019775 -0.080566
v 0.322266 -0.279297 0.054932
v -0.052246 -0.002716 -0.000153
v -0.101562 -0.253906 0.042969
v 0.136719 0.105957 -0.001564
v 0.394531 -0.294922 0.013306
v 0.060303 -0.211914 -0.061768
v -0.062988 -0.304688 -0.028198
v 0.373047 -0.102051 0.017090
v 0.151367 -0.253906 -0.028198
v -0.320312 -0.255859 0.004517
v 0.113770 -0.095215 -0.005188
v 0.375000 -0.209961 0.001846
v 0.017212 -0.269531 -0.007782
v 0.431641 -0.033203 0.042480
v 0.283203 -0.320312 -0.031494
v -0.075195 -0.226562 0.002197
v -0.070312 -0.227539 -0.003082
v 0.136719 0.116211 0.021362
v 0.478516 -0.205078 0.000607
v 0.028442 0.130859 0.141602
v 0.001305 -0.351562 0.016235
v 0.375000 -0.106934 -0.021362
v 0.217773 -0.277344 0.045166
v -0.233398 0.051514 -0.003555
v -0.156250 -0.244141 0.009766
v 0.129883 0.112793 -0.017334
v 0.384766 -0.279297 0.048096
v 0.031738 -0.160156 -0.000164
v 0.083496 -0.281250 -0.060547
v 0.382812 -0.057617 0.003281
v 0.371094 -0.209961 -0.001770
v -0.170898 -0.333984 -0.003708
v 0.142578 -0.189453 0.004944
v 0.398438 -0.273438 -0.033691
v -0.029907 -0.271484 0.053711
v 0.137695 0.129883 -0.003204
v 0.132812 -0.277344 0.040527
v -0.496094 -0.261719 -0.000694
v 0.110352 -0.197266 -0.004150
v 0.376953 -0.267578 0.020264
v 0.030151 0.194336 -0.005524
v 0.047119 -0.279297 -0.062988
v 0.375000 -0.044189 -0.000061
v 0.275391 -0.277344 -0.038086
v -0.231445 0.046143 0.005219
v -0.134766 -0.245117 -0.007324
v 0.143555 0.107910 0.033447
v 0.400391 -0.279297 -0.034668
v 0.038330 -0.171875 -0.000191
v 0.007477 -0.283203 0.054443
v 0.376953 -0.057373 -0.000916
v 0.202148 -0.245117 0.025635
v -0.141602 -0.240234 0.018921
v 0.133789 0.132812 -0.003937
v 0.406250 -0.267578 0.002213
v 0.028564 0.131836 -0.139648
v 0.132812 -0.275391 -0.000210
v 0.480469 -0.020508 0.083984
v 0.355469 -0.275391 -0.047852
v 0.028931 0.173828 0.067383
v -0.100586 -0.259766 -0.033447
v 0.283203 -0.000380 0.000561
v 0.457031 -0.208984 0.001709
v 0.034912 0.250000 0.168945
v -0.034424 -0.271484 0.000515
v 0.429688 -0.035400 -0.040527
v 0.170898 -0.312500 0.039062
v -0.363281 -0.115723 -0.002075
v -0.445312 -0.251953 -0.005676
v 0.133789 0.103027 0.000500
v 0.382812 -0.304688 -0.007202
v 0.056641 -0.211914 0.061035
v 0.041504 -0.292969 0.046631
v 0.376953 -0.102539 -0.018311
v 0.271484 -0.277344 0.053711
v 0.031738 0.213867 -0.003326
v -0.065430 -0.285156 0.031738
v 0.312500 -0.198242 -0.002197
v 0.480469 -0.205078 0.001450
v 0.030640 0.164062 -0.117188
v 0.028198 -0.239258 -0.006561
v 0.375000 -0.038330 0.001129
v 0.216797 -0.283203 -0.052979
v -0.237305 0.041992 0.001846
v -0.230469 -0.255859 -0.003586
v 0.131836 0.103027 0.034912
v 0.378906 -0.208008 -0.003250
v 0.042236 0.355469 0.000340
v 0.083984 -0.281250 0.060303
v 0.414062 -0.034912 -0.015320
v 0.359375 -0.312500 0.007874
v -0.148438 -0.243164 0.006348
v 0.133789 0.116699 -0.032715
v 0.396484 -0.275391 0.030518
v 0.035889 0.069336 -0.057129
v -0.096191 -0.343750 -0.016846
v 0.371094 -0.201172 0.001984
v 0.134766 -0.271484 -0.000107
v -0.496094 -0.255859 -0.005035
v 0.038086 0.133789 0.055420
v 0.373047 -0.210938 0.000332
v 0.015747 -0.271484 0.003494
v 0.441406 -0.020630 -0.049072
v 0.271484 -0.292969 0.043457
v -0.130859 -0.180664 -0.000587
v -0.128906 -0.246094 0.017456
v 0.140625 0.108398 -0.019287
v 0.412109 -0.275391 -0.000053
v 0.027832 0.129883 -0.144531
v -0.029175 -0.351562 -0.014771
v 0.373047 -0.206055 0.006836
v 0.217773 -0.277344 -0.046143
v -0.237305 0.050049 0.004456
v -0.155273 -0.247070 -0.008972
v 0.131836 0.106934 0.018066
v 0.384766 -0.281250 -0.047607
v 0.029175 -0.173828 -0.000376
v 0.124512 -0.285156 0.062256
v 0.376953 -0.059570 -0.001442
v 0.371094 -0.211914 0.000175
v -0.130859 -0.263672 0.018555
v 0.371094 -0.104980 -0.019409
v 0.457031 -0.208984 0.004272
v 0.033936 0.212891 -0.003265
v 0.055908 -0.212891 -0.063477
v 0.135742 0.132812 0.001495
v 0.135742 -0.273438 -0.035400
v -0.230469 -0.245117 0.003647
v 0.131836 0.112305 -0.036133
v 0.380859 -0.275391 0.018066
v 0.035156 0.068848 -0.057617
v 0.077148 -0.335938 -0.034912
v 0.378906 -0.182617 0.003342
v 0.320312 -0.273438 -0.000359
v -0.077148 -0.265625 -0.004181
v 0.373047 -0.102539 0.021118
v 0.478516 -0.204102 0.000744
v 0.036865 0.208984 0.054932
v 0.007782 -0.283203 0.050781
v 0.375000 -0.057617 -0.001358
v 0.227539 -0.337891 0.023560
v -0.143555 -0.239258 -0.020264
v -0.154297 -0.333984 0.010620
v 0.114258 -0.198242 -0.000168
v 0.396484 -0.267578 0.010986
v 0.036621 0.130859 -0.090332
v 0.032959 -0.241211 -0.006287
v 0.437500 -0.023438 0.046875
v 0.324219 -0.283203 -0.054199
v -0.049072 -0.003738 0.001419
v -0.101074 -0.250000 -0.042725
v 0.136719 0.106445 -0.000488
v 0.400391 -0.287109 -0.013306
v 0.033691 -0.150391 0.006256
v -0.035400 -0.273438 0.014282
v 0.371094 -0.058105 -0.006622
v 0.188477 -0.209961 0.031250
v -0.496094 -0.253906 0.002914
v 0.034912 0.194336 -0.004089
v 0.376953 -0.279297 0.006683
v 0.031494 -0.171875 -0.007294
v 0.042236 -0.279297 -0.036621
v 0.378906 -0.057861 0.004852
v 0.271484 -0.277344 -0.053955
v 0.027954 0.267578 0.002594
v -0.097656 -0.330078 -0.020142
v 0.312500 -0.199219 0.002121
v 0.474609 -0.205078 0.000668
v 0.029297 0.131836 0.137695
v -0.004456 -0.263672 0.011597
v 0.373047 -0.041016 -0.005798
v 0.217773 -0.283203 0.052734
v -0.279297 -0.025024 0.000874
v -0.165039 -0.257812 0.003143
v 0.136719 0.101562 -0.030762
v 0.378906 -0.208008 0.002808
v 0.034912 0.253906 -0.004730
v 0.132812 -0.275391 -0.041016
v 0.431641 -0.035400 0.039307
v 0.359375 -0.314453 0.000568
v 0.057373 -0.213867 0.064453
v -0.073730 -0.226562 -0.003235
v 0.139648 0.116699 0.035889
v 0.410156 -0.271484 -0.021484
v 0.036621 0.133789 0.053467
v -0.028687 -0.287109 0.039062
v 0.373047 -0.104492 -0.019165
v 0.151367 -0.246094 -0.000189
v -0.439453 -0.259766 -0.002014
v 0.112793 -0.190430 0.005524
v 0.367188 -0.267578 -0.017090
v 0.057373 -0.213867 0.062988
v 0.376953 -0.043945 -0.000851
v 0.273438 -0.275391 0.036133
v 0.027588 0.133789 -0.084473
v -0.121094 -0.248047 0.008423
v 0.140625 0.104004 -0.025757
v 0.398438 -0.279297 0.031738
v 0.104492 -0.189453 -0.000999
v 0.007660 -0.283203 -0.054443
v 0.375000 -0.100098 0.003769
v 0.203125 -0.245117 -0.025879
v -0.229492 -0.247070 -0.006287
v 0.130859 0.113770 0.004944
v 0.388672 -0.275391 -0.003082
v 0.027344 0.131836 0.138672
v 0.077148 -0.355469 0.000244
v 0.375000 -0.104004 -0.020874
v 0.273438 -0.273438 0.037598
v 0.028687 0.172852 -0.071289
v -0.146484 -0.250000 0.018188
v 0.131836 0.105957 -0.011597
v 0.416016 -0.208008 0.001282
v 0.035156 0.251953 -0.170898
v -0.072754 -0.259766 -0.003250
v 0.141602 0.111328 0.040771
v 0.122070 -0.294922 -0.047607
v -0.365234 -0.114258 0.000614
v -0.494141 -0.257812 0.002670
v 0.109863 -0.094238 0.000080
v 0.369141 -0.213867 0.004089
v 0.028076 0.164062 -0.117676
v 0.036377 -0.205078 -0.004303
v 0.480469 -0.019043 0.084473
v 0.271484 -0.273438 -0.038086
v -0.234375 0.048828 0.007050
v -0.125000 -0.248047 -0.026367
v 0.137695 0.105957 0.010010
v 0.402344 -0.285156 0.000484
v 0.059570 -0.211914 0.062256
v -0.016357 -0.271484 -0.000702
v 0.375000 -0.101074 -0.021973
v 0.153320 -0.247070 0.025513
v -0.154297 -0.244141 0.003891
v 0.129883 0.112793 -0.022583
v 0.392578 -0.277344 0.029419
v 0.026855 -0.142578 -0.003860
v 0.083008 -0.285156 -0.066895
v 0.455078 -0.207031 0.000843
v 0.320312 -0.277344 -0.036621
v 0.028564 0.135742 0.076660
v -0.152344 -0.248047 -0.008057
v 0.135742 0.102539 0.029541
v 0.455078 -0.208984 -0.001907
v 0.034668 0.267578 0.003036
v -0.030762 -0.273438 0.054688
v 0.287109 0.002533 -0.000412
v 0.167969 -0.294922 0.045166
v -0.365234 -0.114746 -0.001923
v -0.324219 -0.245117 0.000362
v 0.129883 0.107422 0.036865
v 0.376953 -0.277344 -0.023193
v 0.029541 -0.150391 0.006592
v 0.046387 -0.281250 0.052734
v 0.382812 -0.057617 -0.004395
v 0.310547 -0.209961 -0.000969
v -0.095215 -0.351562 0.000023
v 0.371094 -0.207031 -0.006439
v 0.478516 -0.205078 0.001923
v 0.032959 0.194336 -0.005493
v 0.004120 -0.265625 -0.014160
v 0.375000 -0.038574 0.001389
v 0.267578 -0.271484 -0.000481
v -0.151367 -0.281250 -0.010376
v 0.120117 -0.095703 0.003525
v 0.375000 -0.209961 -0.001175
v 0.037109 0.208984 0.101562
v 0.120605 -0.279297 0.040283
v 0.431641 -0.035156 -0.038086
v 0.322266 -0.291016 0.044434
v -0.071289 -0.226562 -0.002350
v -0.072754 -0.225586 0.004639
v 0.132812 0.129883 -0.004791
v 0.394531 -0.275391 0.001465
v 0.036621 0.130859 -0.091309
v -0.060791 -0.343750 -0.018433
v 0.373047 -0.106934 0.017822
v 0.123047 -0.281250 -0.066895
v -0.240234 0.047363 -0.001244
v 0.130859 0.133789 -0.000401
v 0.378906 -0.275391 -0.006592
v 0.037598 0.132812 0.093750
v 0.036133 -0.335938 0.035889
v 0.375000 -0.105469 -0.018677
v 0.273438 -0.275391 0.050537
v 0.028076 0.194336 -0.003326
v -0.069824 -0.267578 0.047607
v 0.343750 -0.042480 -0.000580
v 0.476562 -0.204102 0.001877
v 0.036865 0.209961 -0.092773
v -0.005554 -0.277344 -0.007141
v 0.375000 -0.057861 0.006592
v 0.221680 -0.310547 -0.036377
v -0.152344 -0.238281 0.008606
v -0.173828 -0.351562 0.000584
v 0.188477 -0.208008 0.033203
v 0.394531 -0.267578 -0.011353
v 0.030029 0.135742 0.076660
v 0.131836 -0.275391 0.040283
v 0.416016 -0.033203 -0.015015
v 0.361328 -0.306641 0.017456
v 0.038818 0.052490 -0.086914
v -0.150391 -0.247070 0.001297
v 0.137695 0.108887 -0.038086
v 0.402344 -0.281250 0.016968
v 0.034912 -0.170898 -0.006287
v -0.029785 -0.281250 -0.043213
v 0.373047 -0.060059 0.000408
v 0.153320 -0.248047 -0.025391
v -0.322266 -0.253906 0.007263
v 0.131836 0.104492 -0.020996
v 0.373047 -0.210938 0.005157
v 0.041992 0.353516 0.000221
v 0.048096 -0.277344 -0.060547
v 0.376953 -0.044922 0.001236
v 0.275391 -0.275391 -0.037354
v 0.039062 -0.024658 0.075684
v -0.115234 -0.250000 -0.015625
v 0.137695 0.116699 0.026489
v 0.398438 -0.277344 -0.037109
v 0.032227 0.154297 0.005646
v 0.002487 -0.310547 0.038574
v 0.373047 -0.202148 -0.000771
v 0.267578 -0.273438 0.034912
v -0.229492 -0.249023 0.007812
v 0.129883 0.108398 -0.020264
v 0.382812 -0.308594 -0.000034
v 0.056885 -0.212891 -0.065430
v 0.041748 -0.275391 -0.016846
v 0.376953 -0.102051 0.019531
v 0.324219 -0.275391 -0.050049
v 0.032227 0.214844 0.002930
v -0.152344 -0.306641 -0.010498
v 0.145508 -0.180664 0.002548
v 0.417969 -0.211914 0.000515
v 0.031494 0.163086 0.176758
v -0.068359 -0.225586 -0.000267
v 0.139648 0.114746 -0.035645
v 0.124023 -0.287109 0.056641
v -0.283203 -0.023804 -0.000568
v -0.496094 -0.253906 -0.000126
v 0.031982 0.160156 -0.178711
v 0.357422 -0.291016 0.034668
v 0.029663 -0.169922 -0.005341
v 0.041504 -0.292969 -0.046387
v 0.375000 -0.100586 0.004639
v 0.250000 -0.244141 -0.000511
v -0.129883 -0.306641 -0.017700
v 0.369141 -0.104980 0.020874
v 0.474609 -0.205078 -0.000595
v 0.033691 0.197266 0.003906
v 0.057129 -0.213867 0.060547
v 0.140625 0.112793 -0.019531
v 0.165039 -0.269531 -0.000034
v -0.128906 -0.253906 0.027710
v 0.131836 0.002914 -0.000618
v 0.375000 -0.208984 0.001068
v 0.034668 0.253906 -0.086426
v 0.131836 -0.273438 -0.039307
v 0.433594 -0.033203 0.041260
v 0.324219 -0.283203 -0.051514
v 0.025391 -0.171875 0.003860
v -0.125977 -0.243164 -0.032227
v 0.137695 0.114746 0.004211
v 0.406250 -0.275391 -0.003204
v 0.040527 0.051514 0.085938
v -0.061035 -0.343750 0.018311
v 0.371094 -0.208984 -0.000584
v 0.165039 -0.281250 0.057373
v -0.241211 0.045166 -0.000889
v -0.180664 -0.335938 -0.000843
v 0.111816 -0.198242 0.003342
v 0.373047 -0.215820 -0.000729
v 0.027588 0.131836 0.136719
v 0.036621 -0.241211 0.003769
v 0.482422 -0.020630 -0.081055
v 0.273438 -0.275391 0.039307
v 0.034912 0.069336 -0.058594
v -0.099609 -0.251953 0.037354
v 0.139648 0.109375 -0.012085
v 0.412109 -0.273438 -0.000065
v 0.039795 -0.022949 -0.080078
v -0.008911 -0.277344 -0.004639
v 0.433594 -0.036377 0.042480
v 0.188477 -0.209961 -0.030151
v -0.149414 -0.239258 -0.007172
v 0.133789 0.116699 0.027588
v 0.380859 -0.275391 -0.040039
v 0.032227 0.156250 0.005981
v 0.083984 -0.283203 0.071777
v 0.378906 -0.181641 0.000298
v 0.353516 -0.277344 0.033447
v 0.029053 0.173828 -0.072266
v -0.152344 -0.253906 0.003891
v 0.126953 0.003586 -0.005463
v 0.453125 -0.208008 0.003250
v 0.033936 0.214844 -0.003891
v -0.030518 -0.273438 -0.054932
v 0.373047 -0.052490 0.002167
v 0.171875 -0.333984 -0.032471
v -0.490234 -0.244141 0.001297
v -0.496094 -0.257812 -0.003723
v 0.040527 0.051514 0.084473
v 0.373047 -0.210938 -0.005951
v 0.034668 0.251953 0.004150
v 0.047363 -0.277344 0.059570
v 0.376953 -0.056885 -0.001419
v 0.285156 -0.328125 0.021851
v -0.075195 -0.224609 -0.004272
v -0.073242 -0.226562 0.003052
v 0.137695 0.116699 -0.022095
v 0.400391 -0.277344 0.037109
v 0.032471 0.157227 -0.005829
v 0.006805 -0.285156 -0.046387
v 0.375000 -0.104492 0.004089
v 0.203125 -0.251953 -0.027466
v -0.156250 -0.244141 -0.008911
v 0.130859 0.107910 0.013428
v 0.388672 -0.279297 -0.001724
v 0.057861 -0.212891 0.062988
v 0.118652 -0.273438 0.018433
v 0.357422 -0.273438 0.051025
v 0.029785 0.269531 -0.005005
v -0.129883 -0.341797 0.013794
v 0.312500 -0.208008 -0.005249
v 0.457031 -0.211914 0.000423
v 0.030029 0.160156 -0.177734
v -0.071289 -0.261719 -0.002350
v 0.142578 0.107910 0.037354
v 0.167969 -0.289062 -0.049072
v -0.312500 -0.056152 0.002350
v -0.492188 -0.251953 0.004974
v 0.130859 0.113770 -0.003754
v 0.378906 -0.275391 0.005371
v 0.037354 0.052490 -0.084961
v 0.036377 -0.351562 -0.015747
v 0.373047 -0.202148 0.003525
v 0.271484 -0.279297 -0.055176
v -0.232422 0.050781 0.003250
v -0.069824 -0.265625 -0.050049
v 0.343750 -0.043701 -0.000771
v 0.472656 -0.203125 0.001328
v 0.035400 0.253906 0.085449
v 0.007812 -0.267578 0.005463
v 0.412109 -0.033936 -0.017822
v 0.217773 -0.285156 0.045410
v -0.310547 -0.057129 0.001007
v -0.181641 -0.306641 0.000278
v 0.188477 -0.208008 -0.030518
v 0.373047 -0.213867 0.003403
v 0.029907 0.171875 -0.071289
v 0.081055 -0.281250 -0.041504
v 0.410156 -0.031128 0.015076
v 0.320312 -0.275391 -0.019287
v 0.026123 0.130859 0.141602
v -0.163086 -0.249023 -0.002899
v 0.134766 0.106445 0.041504
v 0.392578 -0.291016 -0.019653
v 0.032471 -0.204102 0.005951
v -0.068359 -0.273438 0.037109
v 0.373047 -0.102051 -0.005066
v 0.134766 -0.273438 0.034180
v -0.494141 -0.255859 -0.000893
v 0.028076 0.131836 -0.145508
v 0.355469 -0.277344 0.044434
v 0.033447 0.208008 -0.052734
v 0.008240 -0.277344 -0.048096
v 0.376953 -0.057617 -0.000660
v 0.230469 -0.343750 -0.012878
v -0.144531 -0.240234 0.022705
v -0.147461 -0.243164 0.000156
v 0.136719 0.112305 0.042236
v 0.404297 -0.271484 -0.017822
v 0.038330 0.070801 0.053955
v 0.000595 -0.335938 0.034424
v 0.369141 -0.182617 -0.002838
v 0.151367 -0.251953 0.000118
v -0.127930 -0.250000 0.033447
v 0.135742 0.104980 -0.001740
v 0.394531 -0.275391 0.011169
v 0.033936 -0.150391 -0.006775
v 0.120117 -0.279297 -0.039795
v 0.480469 -0.021484 0.083496
v 0.357422 -0.275391 -0.051270
v 0.029663 0.267578 0.004730
v -0.130859 -0.332031 -0.015503
v 0.310547 -0.209961 -0.002762
v 0.038574 0.132812 0.093262
v -0.070801 -0.261719 0.001617
v 0.144531 0.107910 -0.030884
v 0.165039 -0.285156 0.057617
v -0.283203 -0.023438 -0.000179
v -0.322266 -0.249023 -0.007080
v 0.131836 0.113770 0.013733
v 0.371094 -0.281250 -0.003265
v 0.026367 0.129883 0.142578
v 0.036621 -0.349609 0.016479
v 0.375000 -0.206055 -0.004944
v 0.273438 -0.279297 0.043945
v 0.035156 0.132812 -0.055664
v -0.094238 -0.257812 0.025146
v 0.371094 -0.058350 -0.004181
v 0.480469 -0.204102 0.001663
v 0.036377 0.250000 -0.171875
v -0.010681 -0.263672 -0.007751
v 0.431641 -0.033936 0.042725
v 0.217773 -0.285156 -0.044678
v -0.130859 -0.179688 0.001633
v -0.176758 -0.277344 -0.000977
v 0.144531 -0.186523 0.005188
v 0.382812 -0.275391 -0.043945
v 0.060059 -0.214844 0.063477
v 0.376953 -0.038574 -0.002457
v 0.320312 -0.277344 0.036133
v 0.028198 0.135742 -0.084961
v -0.153320 -0.248047 0.007690
v 0.138672 0.104980 -0.019897
v 0.382812 -0.281250 0.046875
v 0.037354 -0.170898 -0.003937
v -0.031006 -0.277344 -0.050781
v 0.371094 -0.060791 -0.000916
v 0.131836 -0.275391 -0.038086
v -0.445312 -0.249023 -0.003098
v 0.129883 0.107422 0.031250
v 0.382812 -0.287109 -0.031738
v 0.028931 -0.172852 0.002823
v 0.047363 -0.283203 0.063965
v 0.376953 -0.104004 -0.000904
v 0.250000 -0.247070 0.026367
v -0.129883 -0.304688 0.018311
v 0.371094 -0.106445 -0.018066
v 0.476562 -0.205078 0.002960
v 0.032959 0.196289 -0.005096
v 0.057373 -0.212891 -0.063477
v 0.137695 0.129883 -0.000771
v 0.217773 -0.277344 -0.035889
v -0.237305 0.045166 0.004944
v -0.150391 -0.250000 -0.011597
v 0.133789 0.104980 0.013306
v 0.378906 -0.208008 -0.000393
v 0.034668 0.251953 0.168945
v 0.132812 -0.273438 -0.000278
v 0.482422 -0.021606 -0.080566
v 0.355469 -0.287109 0.041748
v 0.026123 -0.150391 -0.004700
v -0.125000 -0.245117 0.029785
v 0.135742 0.116211 -0.011292
v 0.414062 -0.271484 -0.000488
v 0.028931 0.131836 -0.139648
v -0.059570 -0.351562 -0.010559
v 0.371094 -0.106934 0.020142
v 0.165039 -0.279297 -0.046631
v -0.179688 -0.349609 0.001938
v 0.115234 -0.198242 -0.002823
v 0.373047 -0.275391 0.003830
v 0.027466 0.131836 -0.139648
v 0.077148 -0.275391 -0.031494
v 0.408203 -0.034180 0.017334
v 0.271484 -0.283203 -0.053955
v -0.131836 -0.179688 0.000507
v -0.068359 -0.259766 -0.049805
v 0.208984 0.048096 0.000950
v 0.416016 -0.275391 -0.002396
v 0.100098 -0.209961 0.051758
v 0.002274 -0.273438 0.015442
v 0.375000 -0.101562 -0.018799
v 0.219727 -0.277344 0.046875
v -0.156250 -0.238281 -0.000160
v 0.130859 0.113281 -0.032959
v 0.376953 -0.277344 0.031128
v 0.035645 0.133789 -0.054932
v 0.080566 -0.292969 -0.051025
v 0.375000 -0.104004 0.004669
v 0.369141 -0.215820 -0.000193
v -0.166016 -0.259766 -0.003799
v 0.136719 0.101562 0.034180
v 0.416016 -0.208984 -0.001953
v 0.033936 0.214844 0.002716
v -0.067383 -0.261719 0.044922
v 0.343750 -0.042236 -0.001709
v 0.121582 -0.353516 0.000340
v -0.492188 -0.247070 0.000637
v 0.035889 0.253906 -0.004913
v 0.371094 -0.277344 0.000156
v 0.026367 0.132812 -0.145508
v 0.005432 -0.283203 -0.004547
v 0.373047 -0.105957 0.019043
v 0.271484 -0.275391 -0.038818
v 0.028687 0.173828 0.066895
v -0.101562 -0.265625 -0.027344
v 0.371094 -0.104004 0.017700
v 0.474609 -0.203125 0.001236
v 0.036377 0.250000 0.167969
v -0.013306 -0.271484 0.008362
v 0.375000 -0.053711 -0.008057
v 0.222656 -0.310547 0.037109
v -0.154297 -0.238281 0.000252
v -0.169922 -0.333984 0.003967
v 0.143555 -0.190430 -0.005096
v 0.382812 -0.275391 0.046631
v 0.032227 0.193359 -0.001320
v 0.123535 -0.279297 -0.063965
v 0.378906 -0.041260 0.001816
v 0.357422 -0.275391 -0.010254
v 0.038574 0.051025 0.086914
v -0.143555 -0.245117 -0.010925
v 0.141602 0.108887 0.023438
v 0.398438 -0.279297 -0.036377
v 0.038086 -0.150391 -0.000351
v -0.030762 -0.281250 0.044189
v 0.375000 -0.058350 -0.000092
v 0.151367 -0.248047 0.025146
v -0.230469 -0.257812 0.000011
v 0.133789 0.104004 0.039062
v 0.373047 -0.210938 -0.004120
v 0.035889 0.208008 0.055176
v 0.083984 -0.279297 0.064941
v 0.380859 -0.041748 -0.002869
v 0.328125 -0.322266 0.009521
v 0.037109 -0.023071 -0.078613
v -0.076660 -0.259766 -0.000305
v 0.140625 0.111328 -0.037842
v 0.414062 -0.275391 0.003647
v 0.110352 -0.094238 -0.003189
v 0.035889 -0.335938 -0.035156
v 0.375000 -0.206055 -0.000511
v 0.273438 -0.273438 -0.018555
v -0.127930 -0.250000 -0.032227
v 0.133789 0.104004 -0.001221
v 0.394531 -0.294922 -0.013733
v 0.033447 -0.171875 0.006470
v 0.077148 -0.275391 0.018799
v 0.478516 -0.021118 -0.080078
v 0.320312 -0.277344 0.049072
v 0.031982 0.214844 -0.003403
v -0.101562 -0.259766 0.040771
v 0.146484 -0.180664 -0.002609
v 0.416016 -0.211914 0.001266
v 0.030273 0.173828 -0.072754
v 0.025024 -0.238281 -0.004181
v 0.142578 0.113770 0.029663
v 0.165039 -0.279297 -0.055176
v -0.240234 0.043945 0.002457
v -0.494141 -0.255859 -0.005341
v 0.109863 -0.190430 0.005035
v 0.373047 -0.213867 -0.000463
v 0.029175 0.162109 0.103516
v 0.059814 -0.215820 0.060791
v 0.414062 -0.032959 -0.017334
v 0.273438 -0.283203 0.053955
v -0.229492 0.045898 0.000759
v -0.067871 -0.259766 0.047119
v 0.208984 0.047852 -0.001427
v 0.400391 -0.291016 0.008972
v 0.060059 -0.212891 -0.063965
v 0.002579 -0.273438 -0.016602
v 0.373047 -0.104004 0.016968
v 0.165039 -0.281250 -0.057861
v -0.236328 0.052979 0.004211
v -0.154297 -0.243164 0.000233
v 0.133789 0.116699 0.036377
v 0.386719 -0.275391 -0.020508
v 0.037109 0.070312 0.053711
v 0.121582 -0.345703 0.027832
v 0.478516 -0.201172 0.001633
v 0.357422 -0.267578 -0.000111
v -0.152344 -0.251953 0.007141
v 0.141602 0.104980 -0.034668
v 0.455078 -0.208008 0.003235
v 0.042236 0.355469 -0.000942
v -0.030762 -0.275391 -0.041260
v 0.371094 -0.040771 0.002090
v 0.165039 -0.273438 -0.018311
v -0.447266 -0.250000 0.001602
v 0.128906 0.107422 -0.027100
v 0.384766 -0.287109 0.031738
v 0.031006 -0.161133 -0.002731
v 0.046875 -0.283203 -0.063477
v 0.376953 -0.060059 -0.000668
v 0.283203 -0.211914 -0.012268
v -0.129883 -0.349609 -0.007751
v 0.310547 -0.204102 0.004181
v 0.476562 -0.205078 -0.001381
v 0.032959 0.194336 0.005280
v 0.008667 -0.279297 0.054199
v 0.371094 -0.038574 -0.000790
v 0.218750 -0.277344 0.035645
v -0.239258 0.044434 -0.003067
v -0.230469 -0.251953 0.006989
v 0.121582 0.004425 -0.003586
v 0.373047 -0.209961 -0.000900
v 0.034912 0.250000 -0.172852
v 0.019775 -0.269531 -0.000809
v 0.482422 -0.019287 0.082520
v 0.277344 -0.306641 -0.038574
v -0.070801 -0.225586 0.003235
v -0.142578 -0.239258 -0.018555
v 0.133789 0.132812 0.002380
v 0.408203 -0.265625 -0.002563
v 0.028809 0.131836 0.137695
v -0.077637 -0.265625 0.003647
v 0.373047 -0.103516 -0.023682
v 0.132812 -0.275391 0.039307
v -0.494141 -0.250000 -0.003250
v 0.037109 0.208984 0.053223
v 0.361328 -0.306641 -0.016846
v 0.040039 -0.025024 0.077148
v 0.004578 -0.273438 -0.000250
v 0.478516 -0.020020 -0.081543
v 0.283203 -0.209961 0.014099
v -0.098633 -0.302734 0.024048
v 0.312500 -0.205078 -0.005005
v 0.455078 -0.211914 0.000233
v 0.030151 0.162109 -0.118164
v -0.012268 -0.261719 -0.000721
v 0.142578 0.112305 0.038330
v 0.166992 -0.292969 -0.044189
v -0.283203 -0.022705 0.001785
v -0.172852 -0.277344 -0.002258
v 0.127930 0.003601 0.004303
v 0.373047 -0.210938 -0.004700
v 0.033203 0.214844 0.002731
v 0.083984 -0.279297 0.070801
v 0.375000 -0.056641 -0.001282
v 0.326172 -0.306641 0.027710
v -0.072266 -0.225586 -0.004517
v -0.078125 -0.226562 0.000153
v 0.133789 0.117188 -0.027100
v 0.406250 -0.271484 0.020386
v 0.032471 0.154297 -0.005859
v -0.030762 -0.275391 -0.053711
v 0.373047 -0.104492 -0.005951
v 0.150391 -0.253906 -0.026489
v -0.322266 -0.257812 -0.000080
v 0.112793 -0.191406 -0.006165
v 0.373047 -0.212891 0.002853
v 0.032471 0.197266 -0.004791
v 0.060303 -0.214844 -0.062500
v 0.406250 -0.031738 0.017090
v 0.269531 -0.271484 -0.000511
v -0.074707 -0.259766 -0.001999
v 0.139648 0.105957 0.040771
v 0.406250 -0.277344 -0.020020
v 0.105469 -0.193359 0.003647
v 0.004211 -0.291016 0.042236
v 0.375000 -0.100098 -0.005035
v 0.248047 -0.244141 -0.000309
v -0.145508 -0.242188 0.022583
v 0.132812 0.116211 -0.004150
v 0.386719 -0.277344 0.006317
v 0.039551 0.052246 -0.084961
v 0.077148 -0.343750 -0.027710
v 0.376953 -0.204102 0.002289
v 0.322266 -0.277344 -0.056885
v 0.027222 0.194336 0.000172
v -0.127930 -0.251953 -0.030518
v 0.208984 0.047119 -0.000231
v 0.416016 -0.208008 -0.000900
v 0.035645 0.253906 0.085449
v -0.067871 -0.267578 0.014832
v 0.285156 0.001373 -0.001480
v -0.492188 -0.245117 -0.001015
v -0.441406 -0.253906 0.005585
v 0.133789 0.103027 -0.000175
v 0.373047 -0.208008 0.003128
v 0.034424 0.255859 -0.086426
v 0.012024 -0.269531 -0.006317
v 0.437500 -0.025391 0.046631
v 0.271484 -0.287109 -0.048828
v -0.127930 -0.181641 0.002029
v -0.100098 -0.250000 -0.039551
v 0.138672 0.112793 0.003281
v 0.414062 -0.277344 -0.005463
v 0.040039 0.051270 0.083984
v -0.029175 -0.351562 0.014709
v 0.373047 -0.204102 -0.004395
v 0.216797 -0.279297 0.053467
v -0.232422 0.051758 -0.001472
v -0.163086 -0.250000 0.000229
v 0.135742 0.106445 -0.037354
v 0.382812 -0.298828 0.015076
v 0.057617 -0.212891 -0.061768
v 0.124023 -0.287109 -0.062988
v 0.376953 -0.103516 0.001968
v 0.371094 -0.213867 -0.005096
v 0.029541 0.164062 0.104492
v -0.156250 -0.349609 -0.005280
v 0.283203 -0.208008 0.012451
v 0.455078 -0.210938 -0.001526
v 0.030396 0.173828 0.066895
v 0.057129 -0.214844 0.061279
v 0.138672 0.113281 -0.011780
v 0.165039 -0.271484 0.017944
v -0.490234 -0.246094 -0.000877
v 0.130859 0.112793 0.026123
v 0.376953 -0.277344 -0.038574
v 0.031128 0.156250 0.006195
v 0.083496 -0.285156 0.067383
v 0.375000 -0.103516 -0.003403
v 0.251953 -0.251953 0.026489
v -0.101562 -0.267578 0.028320
v 0.371094 -0.102051 -0.018921
v 0.476562 -0.202148 0.003708
v 0.035400 0.267578 -0.000004
v 0.009277 -0.277344 -0.054932
v 0.376953 -0.045898 0.001007
v 0.228516 -0.337891 -0.022583
v -0.142578 -0.239258 0.021240
v -0.172852 -0.347656 -0.003616
v 0.115234 -0.195312 0.003586
v 0.375000 -0.267578 0.000114
v 0.029907 0.161133 0.176758
v 0.033203 -0.241211 0.005615
v 0.478516 -0.020020 -0.079590
v 0.322266 -0.285156 0.047852
v -0.050781 -0.003479 -0.000992
v -0.149414 -0.250000 0.012817
v 0.137695 0.105957 -0.012634
v 0.398438 -0.275391 -0.000248
v 0.038574 -0.023315 -0.080566
v -0.073242 -0.265625 -0.005493
v 0.375000 -0.101074 0.017456
v 0.101074 -0.210938 -0.053223
v -0.498047 -0.259766 -0.002258
v 0.100586 -0.210938 0.053223
v 0.357422 -0.277344 -0.055908
v 0.031738 0.193359 0.001602
v 0.004242 -0.265625 0.013611
v 0.376953 -0.040771 -0.004059
v 0.271484 -0.273438 0.000099
v -0.147461 -0.244141 0.005096
v 0.141602 0.109375 -0.037109
v 0.408203 -0.277344 0.021240
v 0.036865 -0.150391 -0.004028
v 0.006561 -0.277344 -0.042480
v 0.373047 -0.058594 -0.000294
v 0.153320 -0.245117 -0.000311
v -0.145508 -0.240234 -0.022095
v 0.130859 0.132812 0.001236
v 0.382812 -0.275391 -0.005524
v 0.037354 0.132812 0.094727
v 0.076660 -0.345703 0.029175
v 0.476562 -0.201172 0.000423
v 0.355469 -0.277344 0.054443
v 0.030762 0.194336 -0.001587
v -0.102051 -0.257812 0.036621
v 0.369141 -0.103516 -0.002869
v 0.455078 -0.209961 0.002029
v 0.037354 0.208984 -0.094727
v -0.036133 -0.273438 -0.029419
v 0.373047 -0.054199 0.005524
v 0.169922 -0.312500 -0.038330
v -0.488281 -0.245117 0.000298
v -0.322266 -0.249023 0.006653
v 0.129883 0.109863 -0.011719
v 0.384766 -0.302734 0.006744
v 0.057617 -0.211914 -0.062988
v 0.018921 -0.275391 -0.000690
v 0.480469 -0.020386 0.083496
v 0.249023 -0.251953 -0.027954
v 0.035156 0.209961 0.054199
v -0.068359 -0.273438 -0.036377
v 0.373047 -0.103516 0.004059
v 0.478516 -0.203125 0.001663
v 0.038330 0.201172 0.171875
v 0.025391 -0.204102 0.003250
v 0.480469 -0.020142 -0.081055
v 0.269531 -0.273438 0.037354
v -0.232422 0.047363 -0.004456
v -0.169922 -0.255859 0.001968
v 0.135742 0.102539 -0.025513
v 0.373047 -0.209961 0.004700
v 0.083496 -0.281250 -0.070801
v 0.378906 -0.042725 -0.000786
v 0.326172 -0.306641 -0.027954
v 0.025635 -0.150391 0.003677
v -0.147461 -0.245117 -0.005249
v 0.134766 0.117188 0.032227
v 0.396484 -0.275391 -0.030273
v 0.032715 -0.142578 0.006226
v -0.031494 -0.330078 0.030151
v 0.373047 -0.208008 -0.000202
v 0.132812 -0.275391 0.039795
v -0.496094 -0.251953 0.001450
v 0.038086 0.209961 -0.093750
v 0.375000 -0.277344 0.038330
v -0.048828 -0.003937 -0.000690
v 0.037598 -0.312500 -0.040283
v 0.375000 -0.206055 -0.000710
v 0.271484 -0.275391 -0.036621
v -0.097656 -0.257812 -0.023560
v 0.285156 0.001144 0.000736
v 0.476562 -0.203125 -0.001495
v 0.042969 0.355469 0.000092
v 0.008179 -0.277344 0.051514
v 0.371094 -0.041016 -0.003830
v 0.206055 -0.275391 0.035400
v -0.169922 -0.306641 0.003372
v 0.145508 -0.186523 -0.005798
v 0.376953 -0.214844 -0.000515
v 0.031006 0.164062 -0.176758
v 0.105957 -0.196289 -0.003204
v 0.482422 -0.019287 0.083496
v 0.355469 -0.277344 -0.044922
v 0.036133 0.070801 0.054443
v -0.141602 -0.243164 -0.016602
v 0.138672 0.104980 0.022949
v 0.402344 -0.294922 0.000229
v 0.060059 -0.212891 0.063965
v -0.002136 -0.279297 0.007690
v 0.375000 -0.101074 -0.018921
v 0.152344 -0.253906 0.028076
v -0.441406 -0.253906 -0.006317
v 0.120117 0.004608 -0.000511
v 0.373047 -0.208984 -0.001465
v 0.036377 0.209961 0.100098
v 0.017578 -0.267578 0.006897
v 0.429688 -0.034668 -0.040039
v 0.277344 -0.306641 0.037354
v -0.075684 -0.226562 -0.001923
v 0.057129 -0.214844 0.063965
v 0.136719 0.131836 -0.000740
v 0.412109 -0.267578 0.005951
v 0.037354 0.131836 -0.092285
v 0.000957 -0.351562 -0.015442
v 0.373047 -0.104980 0.018799
v 0.216797 -0.279297 -0.051758
v -0.233398 0.052734 0.002518
v -0.229492 -0.244141 0.000057
v 0.133789 0.108887 0.041748
v 0.378906 -0.279297 -0.007874
v 0.029907 -0.169922 0.004608
v 0.083496 -0.287109 0.060547
v 0.376953 -0.058350 -0.002594
v 0.310547 -0.208984 0.002106
v -0.172852 -0.347656 0.004028
v 0.189453 -0.208984 -0.032715
v 0.404297 -0.273438 0.017700
v 0.037354 0.132812 -0.056641
v -0.100098 -0.253906 -0.033936
v 0.139648 0.111816 0.010559
v 0.118652 -0.273438 -0.018555
v -0.494141 -0.253906 0.002502
v 0.038330 0.131836 -0.090820
v 0.322266 -0.283203 0.051758
v 0.024292 -0.170898 -0.000237
v 0.007416 -0.283203 -0.051514
v 0.376953 -0.058838 0.000130
v 0.249023 -0.246094 -0.026367
v -0.129883 -0.341797 -0.013489
v 0.310547 -0.207031 0.003830
v 0.400391 -0.273438 -0.036621
v -0.029663 -0.271484 0.051270
v 0.375000 -0.044678 -0.000671
v 0.166016 -0.277344 0.036377
v -0.312500 -0.056152 -0.001274
v -0.151367 -0.259766 0.009949
v 0.123535 0.004089 -0.005127
v 0.375000 -0.212891 0.000084
v 0.077637 -0.273438 -0.017090
v 0.478516 -0.020264 0.082031
v 0.322266 -0.296875 -0.037354
v -0.070801 -0.227539 0.002304
v -0.073730 -0.226562 -0.004181
v 0.134766 0.129883 0.003738
v 0.410156 -0.271484 -0.000633
v 0.028076 0.132812 0.142578
v -0.059326 -0.353516 0.000149
v 0.373047 -0.106934 -0.021851
v 0.166016 -0.281250 0.049316
v -0.175781 -0.308594 -0.002701
v 0.116699 -0.195312 0.001358
v 0.375000 -0.215820 -0.000263
v 0.028198 0.163086 0.104004
v 0.028687 -0.239258 0.006378
v 0.443359 -0.018066 -0.047607
v 0.271484 -0.283203 0.051514
v -0.234375 0.043701 -0.002029
v -0.068359 -0.261719 0.049805
v 0.287109 0.002838 0.000950
v 0.400391 -0.287109 0.012634
v 0.100098 -0.212891 -0.051025
v 0.002594 -0.283203 -0.007477
v 0.375000 -0.104492 0.017700
v 0.217773 -0.277344 -0.047119
v -0.158203 -0.240234 0.000454
v 0.131836 0.111816 0.039795
v 0.380859 -0.275391 -0.018188
v 0.037354 0.070312 0.055908
v 0.076660 -0.312500 0.041260
v 0.378906 -0.182617 -0.003204
v 0.359375 -0.275391 0.010376
v -0.162109 -0.250000 0.002518
v 0.137695 0.105469 -0.037354
v 0.416016 -0.209961 0.002136
v 0.042236 0.355469 -0.000454
v -0.068848 -0.263672 -0.037109
v 0.209961 0.049316 0.001282
v 0.131836 -0.277344 -0.039795
v -0.494141 -0.255859 -0.001328
v 0.028931 0.131836 0.138672
v 0.373047 -0.211914 -0.006805
v 0.032227 0.267578 0.004974
v 0.007019 -0.277344 0.034668
v 0.376953 -0.045654 -0.000893
v 0.287109 -0.333984 0.011658
v -0.134766 -0.246094 0.008057
v 0.138672 0.112793 -0.037598
v 0.410156 -0.275391 0.021240
v 0.036377 -0.143555 -0.003754
v -0.029419 -0.343750 -0.026001
v 0.373047 -0.208008 0.001251
v 0.216797 -0.269531 -0.000435
v -0.127930 -0.247070 -0.033447
v 0.136719 0.106934 0.000889
v 0.400391 -0.291016 -0.009644
v 0.056885 -0.211914 0.060791
v 0.131836 -0.277344 0.039062
v 0.431641 -0.036621 -0.038086
v 0.357422 -0.275391 0.054199
v 0.033936 0.253906 -0.004700
v -0.102051 -0.261719 0.033691
v 0.373047 -0.103516 -0.004974
v 0.451172 -0.208008 0.000111
v 0.038574 0.209961 -0.095215
v 0.028809 -0.205078 -0.006348
v 0.140625 0.113770 0.024414
v 0.166016 -0.283203 -0.058105
v -0.241211 0.043457 -0.000931
v -0.490234 -0.248047 0.001801
v 0.130859 0.130859 -0.003143
v 0.388672 -0.275391 0.003220
v 0.026978 0.131836 -0.140625
v 0.036621 -0.355469 0.000652
v 0.376953 -0.104492 0.019531
v 0.273438 -0.275391 -0.037109
v -0.064941 -0.285156 -0.030884
v 0.367188 -0.104004 0.002060
v 0.482422 -0.204102 0.001251
v 0.038086 0.200195 0.171875
v -0.008301 -0.277344 0.003647
v 0.431641 -0.036621 -0.040527
v 0.225586 -0.330078 0.031250
v -0.152344 -0.238281 -0.008362
v -0.177734 -0.333984 0.001740
v 0.115234 -0.195312 -0.004456
v 0.380859 -0.275391 0.039551
v 0.031982 0.194336 -0.004639
v 0.083496 -0.279297 -0.067871
v 0.376953 -0.042969 -0.001053
v 0.038330 0.051514 0.084961
v -0.154297 -0.245117 -0.007202
v 0.130859 0.107422 0.024902
v 0.382812 -0.283203 -0.037842
v 0.031128 -0.161133 0.002350
v -0.069336 -0.263672 0.050537
v 0.369141 -0.057373 -0.000526
v 0.099609 -0.212891 0.050537
v -0.494141 -0.257812 0.003647
v 0.109375 -0.190430 -0.005554
v 0.363281 -0.275391 0.020264
v 0.029297 0.134766 -0.085449
v 0.010803 -0.267578 -0.012817
v 0.406250 -0.033691 0.016846
v 0.271484 -0.283203 -0.052246
v -0.235352 0.042725 0.002487
v -0.101562 -0.253906 -0.042725
v 0.137695 0.105957 0.002975
v 0.402344 -0.283203 -0.017700
v 0.100098 -0.210938 0.050781
v -0.007294 -0.271484 0.013672
v 0.373047 -0.100586 -0.018677
v 0.189453 -0.208984 0.032959
v -0.149414 -0.240234 0.000076
v 0.135742 0.114746 -0.035889
v 0.396484 -0.275391 0.017822
v 0.035889 0.132812 -0.057373
v 0.124023 -0.287109 -0.055908
v 0.375000 -0.103027 0.005402
v 0.373047 -0.210938 0.000225
v -0.152344 -0.253906 -0.003647
v 0.140625 0.104004 0.038086
v 0.455078 -0.208984 -0.002380
v 0.036377 0.209961 0.055664
v -0.030762 -0.273438 0.042725
v 0.347656 -0.041016 -0.001190
v 0.172852 -0.355469 0.000523
v -0.230469 -0.251953 -0.007172
v 0.132812 0.104492 0.023926
v 0.382812 -0.283203 -0.043945
v 0.024658 -0.204102 -0.000305
v 0.081055 -0.292969 0.052002
v 0.376953 -0.103027 -0.005798
v 0.250000 -0.247070 0.025635
v -0.095703 -0.343750 0.016724
v 0.373047 -0.104004 -0.018433
v 0.478516 -0.204102 0.003113
v 0.035889 0.194336 -0.000265
v 0.008789 -0.277344 -0.052246
v 0.375000 -0.039062 -0.000587
v 0.027973 0.131780 -0.140203
v 0.373334 -0.209768 -0.001566
v 0.032890 0.213872 -0.003791
v 0.031316 0.181381 -0.049698
v -0.495180 -0.257367 -0.004805
v 0.033076 0.214226 0.002446
v 0.028233 0.131836 0.137974
v 0.376696 -0.045078 -0.000601
v -0.149422 -0.246597 -0.000462
v 0.376190 -0.044296 -0.001530
v 0.480053 -0.020499 0.082600
v 0.411119 -0.275800 0.000175
v 0.034589 0.253909 0.004012
v 0.031780 0.155757 -0.005812
v 0.031240 0.193317 0.034585
v 0.031403 0.187369 0.029260
v 0.375874 -0.058163 -0.001203
v 0.374341 -0.102591 0.004472
v 0.031892 0.154934 0.006037
v 0.034665 0.253901 -0.004836
v 0.376953 -0.058315 -0.001249
v 0.134479 0.105524 -0.000631
v 0.371611 -0.209357 -0.000215
v -0.073703 -0.264944 -0.000164
v 0.031982 0.213867 0.002380
v 0.480469 -0.021240 -0.081055
v 0.030640 0.172852 0.066406
v 0.032227 0.194336 0.003708
v 0.031494 0.196289 0.004181
v 0.032471 0.197266 0.003891
v 0.033691 0.195312 0.003860
v 0.028809 0.172852 0.066895
vn 0.0264 -0.8212 -0.5700
vn -0.3242 -0.7673 -0.5533
vn 0.0206 -0.8959 -0.4437
vn -0.0097 -0.1991 -0.9799
vn -0.5006 -0.1402 -0.8543
vn -0.5177 -0.3897 -0.7616
vn -0.4157 0.1250 -0.9009
vn -0.8870 0.2311 -0.3998
vn -0.8743 -0.4625 -0.1473
vn -0.5780 0.6679 -0.4688
vn 0.0043 0.9873 -0.1589
vn -0.0000 1.0000 -0.0000
vn 0.0157 0.9936 -0.1120
vn -0.0017 0.9882 -0.1534
vn 0.0255 -0.9980 -0.0573
vn -0.3637 -0.8907 -0.2728
vn 0.7789 -0.6108 -0.1422
vn -0.8915 -0.4267 -0.1520
vn 0.1216 -0.9541 -0.2736
vn -0.0816 -0.9948 -0.0612
vn 0.4167 -0.2130 0.8837
vn 0.3824 -0.2821 0.8799
vn -0.0213 0.2041 0.9787
vn 0.1292 -0.0871 0.9878
vn 0.1566 -0.0435 0.9867
vn -0.1061 0.0461 0.9933
vn -0.3230 0.8465 -0.4232
vn 0.3574 -0.9284 -0.1020
vn 0.2678 0.7755 0.5718
vn -0.0600 -0.9982 -0.0048
vn 0.3338 -0.9338 -0.1288
vn 0.2158 -0.9350 0.2815
vn 0.6187 -0.7493 0.2362
vn 0.3445 0.8804 0.3259
vn -0.0115 -0.8682 0.4961
vn 0.0771 -0.6855 0.7240
vn 0.0360 -0.9991 -0.0240
vn -0.0000 -1.0000 -0.0000
vn 0.0355 -0.9992 0.0167
vn 0.0855 -0.0662 -0.9941
vn 0.2399 -0.1697 -0.9559
vn 0.5029 -0.3412 -0.7941
vn 0.4791 -0.4695 -0.7417
vn 0.0809 -0.0729 -0.9940
vn 0.7374 -0.6755 -0.0000
vn 0.2205 0.9683 0.1176
vn -0.3311 -0.1551 0.9307
vn 0.0841 0.9131 0.3989
vn -0.3245 -0.0590 0.9440
vn -0.2150 -0.0609 0.9747
vn 0.3001 0.9404 0.1601
vn 0.9561 -0.2928 -0.0107
vn 0.9066 -0.4179 0.0581
vn 1.0000 -0.0000 -0.0000
vn 0.9665 0.2332 0.1074
vn 0.9743 0.1999 -0.1039
vn 0.8576 -0.5054 0.0953
vn 0.9492 -0.3145 -0.0115
vn 0.9181 -0.3901 -0.0697
vn -0.7068 0.0099 0.7073
vn 0.5477 -0.1078 0.8297
vn -0.5308 0.1619 0.8319
vn 0.4082 0.8165 -0.4082
vn 0.8588 0.4880 -0.1561
vn -0.5481 0.2478 -0.7989
vn -0.1057 0.1866 -0.9767
vn -0.2152 0.3297 -0.9192
vn -0.0353 0.1413 0.9893
vn 0.4345 0.8903 0.1366
vn -0.7645 0.6344 0.1141
vn 0.9884 0.0369 -0.1475
vn -0.9879 0.0376 -0.1505
vn 0.0705 0.1411 0.9875
vn 0.8250 0.5611 0.0668
vn 0.6269 -0.7537 0.1972
vn 0.0287 -0.9994 0.0191
vn -0.0092 -0.9999 -0.0061
vn 0.1262 -0.7224 -0.6799
vn 0.0289 -0.9994 0.0178
vn -0.0185 -0.9998 -0.0114
vn 0.0279 -0.9994 0.0224
vn 0.6000 0.8000 -0.0000
vn 0.5628 0.8260 0.0305
vn 0.3404 0.9378 -0.0683
vn -0.6918 0.7038 0.1617
vn -0.7039 0.6921 -0.1596
vn 0.5984 0.7941 0.1070
vn -0.3818 0.5727 0.7254
vn 0.0978 0.8476 0.5216
vn 0.0399 0.8772 0.4785
vn 0.1267 0.7263 0.6756
vn -0.4685 0.6247 0.6247
vn -0.4328 0.5771 0.6925
vn 0.0185 0.9888 -0.1479
vn 0.0150 0.9870 -0.1603
vn 0.0335 0.9860 -0.1631
vn -0.0000 -0.9983 -0.0587
vn 0.7083 -0.6834 -0.1771
vn 0.1959 -0.9794 -0.0490
vn 0.7229 -0.6692 -0.1721
vn 0.0337 -0.2717 0.9618
vn 0.0676 -0.3869 0.9196
vn 0.0342 -0.2706 0.9621
vn 0.0323 -0.3859 0.9220
vn 0.0104 -0.2707 0.9626
vn 0.0094 -0.4835 0.8753
vn -0.0709 -0.0059 -0.9975
vn -0.0709 -0.0065 -0.9975
vn 0.6731 -0.0273 -0.7390
vn 0.1991 -0.0058 -0.9800
vn 0.6916 0.0095 -0.7222
vn 0.6964 -0.0292 -0.7171
vn -0.9823 0.0190 0.1866
vn -0.9803 0.0052 0.1975
vn -0.8135 0.0588 0.5785
vn 0.0239 -0.9036 0.4276
vn 0.0201 -0.8676 -0.4969
vn 0.3333 -0.6667 -0.6667
vn -0.0063 -0.6200 -0.7845
vn -0.1272 -0.9179 -0.3760
vn 0.4364 -0.8729 -0.2182
vn -0.3470 -0.6940 -0.6309
vn 0.4134 -0.6737 -0.6125
vn -0.0263 0.9997 -0.0000
vn -0.0222 0.4007 0.9159
vn 0.0043 0.8373 0.5468
vn 0.1738 0.9117 0.3722
vn -0.0604 0.8357 0.5458
vn -0.7059 0.5294 -0.4706
vn 0.9487 0.0072 0.3162
vn -0.0000 0.6000 -0.8000
vn 0.7808 -0.0071 0.6247
vn -0.3363 0.7567 -0.5606
vn 0.8320 -0.0018 0.5547
vn -0.2621 -0.9168 -0.3012
vn -0.2518 -0.7827 -0.5692
vn -0.1361 -0.8012 -0.5827
vn -0.1483 -0.9304 -0.3351
vn -0.1518 -0.9175 -0.3676
vn -0.8633 0.0442 -0.5027
vn 0.3828 0.9236 -0.0229
vn 0.3917 0.9059 0.1611
vn -0.8507 -0.0461 0.5236
vn -0.0295 -0.9483 -0.3161
vn 0.0979 -0.9654 -0.2418
vn 0.0708 -0.7537 -0.6535
vn 0.1212 -0.7457 -0.6552
vn 0.1373 -0.9061 -0.4001
vn -0.0310 -0.9654 -0.2588
vn -0.0144 0.4354 0.9001
vn -0.0084 0.8210 0.5709
vn -0.0100 0.9583 0.2856
vn -0.0348 0.9537 0.2987
vn -0.0353 0.8247 0.5645
vn -0.0354 0.7085 0.7048
vn -0.0135 0.7089 0.7052
vn -0.3714 -0.9285 -0.0000
vn -0.2668 -0.9552 0.1281
vn -0.8049 -0.5838 0.1061
vn -0.8000 -0.6000 -0.0000
vn -0.2742 -0.9462 0.1720
vn 0.4516 -0.7903 0.4140
vn 0.1273 -0.8217 0.5555
vn 0.1117 -0.9310 0.3476
vn 0.3370 -0.8874 0.3145
vn 0.2169 -0.9762 -0.0000
vn 0.0857 -0.8854 0.4570
vn -0.1478 -0.8533 -0.5000
vn -0.1312 -0.7830 -0.6081
vn -0.1050 -0.6354 -0.7650
vn -0.0597 -0.9485 -0.3112
vn -0.0596 -0.9508 -0.3040
vn -0.0152 -0.9490 -0.3151
vn -0.1029 -0.8450 -0.5248
vn 0.0621 -0.8692 -0.4906
vn 0.3763 0.0238 0.9262
vn 0.4950 -0.0385 0.8680
vn 0.1843 0.0146 0.9828
vn 0.4954 0.0129 0.8686
vn 0.3762 -0.0269 0.9261
vn 0.3811 0.5997 -0.7036
vn 0.8944 0.4472 -0.0000
vn 0.7740 0.6332 -0.0000
vn 0.8069 0.5892 -0.0425
vn 0.7755 0.6313 0.0082
vn 0.4712 0.1450 -0.8700
vn 0.8940 0.4470 -0.0322
vn -0.1614 -0.0633 -0.9849
vn -0.2107 -0.2127 -0.9541
vn -0.2156 0.0036 -0.9765
vn -0.3038 -0.2191 -0.9272
vn -0.2157 -0.4653 -0.8585
vn -0.1934 -0.0644 -0.9790
vn 0.0184 -0.9804 -0.1961
vn -0.2486 -0.0904 -0.9644
vn -0.2492 -0.9514 0.1812
vn -0.6112 -0.7761 -0.1552
vn -0.0100 -0.2800 -0.9600
vn -0.1458 -0.3281 -0.9333
vn -0.7071 -0.7071 -0.0000
vn 0.9812 0.0043 0.1927
vn 0.6370 0.0087 0.7708
vn 0.6370 0.0017 0.7708
vn 0.9722 0.0078 0.2342
vn 0.5599 0.0027 0.8285
vn 0.9812 0.0059 0.1927
vn 0.1925 -0.6191 0.7613
vn 0.0214 -0.9998 -0.0043
vn -0.9051 -0.3847 0.1810
vn 0.1489 -0.8450 0.5137
vn -0.8146 -0.2037 0.5431
vn -0.3660 0.7280 -0.5797
vn -0.5317 0.6625 -0.5276
vn 0.1057 0.9573 0.2690
vn -0.5282 0.6621 -0.5316
vn 0.2978 0.9525 0.0631
vn -0.0343 0.9979 0.0549
vn -0.0032 0.9985 0.0549
vn 0.7755 0.6313 -0.0079
vn -0.1188 0.2863 0.9507
vn -0.4492 0.8042 0.3892
vn -0.8066 -0.0733 0.5866
vn -0.5860 0.6842 0.4341
vn -0.6020 -0.6020 0.5245
vn -0.7931 -0.2354 0.5618
vn -0.7287 -0.5576 0.3975
vn -0.6297 -0.0311 0.7762
vn -0.4665 -0.8789 -0.1000
vn 0.3113 -0.9502 -0.0181
vn 0.4505 -0.8905 0.0630
vn -0.4121 -0.9003 0.1403
vn -0.2031 -0.9767 0.0691
vn 0.4430 -0.8949 -0.0538
vn -0.0113 0.7367 0.6761
vn 0.0109 0.7531 -0.6579
vn -0.0238 0.9997 -0.0000
vn 0.8002 -0.5483 -0.2429
vn 0.8024 -0.5521 -0.2265
vn 0.7278 -0.6543 -0.2054
vn 0.4504 -0.3130 -0.8362
vn 0.6094 -0.5293 -0.5903
vn 0.3682 -0.2712 -0.8893
vn 0.4030 -0.2022 -0.8926
vn -0.0667 0.9649 -0.2541
vn -0.3725 -0.6562 0.6562
vn 0.2955 -0.6755 0.6755
vn 0.1790 -0.6951 -0.6963
vn 0.0154 -0.7281 -0.6853
vn 0.0840 -0.8995 -0.4288
vn 0.0961 -0.7351 -0.6711
vn 0.0171 -0.7127 -0.7013
vn 0.0153 -0.7263 -0.6872
vn -0.9416 0.1172 0.3155
vn -0.6391 0.0013 0.7691
vn -0.9271 0.0035 0.3749
vn -0.9320 0.1009 0.3482
vn -0.6130 0.0009 0.7901
vn -0.6079 0.1289 0.7835
vn 0.9464 0.3200 0.0431
vn 0.9590 0.2665 -0.0963
vn 0.7009 0.5648 0.4355
vn 0.7103 0.5066 0.4888
vn 0.7906 0.3180 0.5233
vn 0.8319 0.5536 -0.0387
vn -0.7965 0.5995 0.0794
vn -0.2349 0.9662 0.1064
vn 0.3595 0.9327 0.0271
vn 0.1683 0.9856 -0.0168
vn 0.3040 0.9427 -0.1377
vn -0.7758 0.6307 -0.0211
vn -0.3123 0.9371 -0.1561
vn -0.2952 0.9398 0.1720
vn 0.0323 0.9695 0.2430
vn -0.3267 0.9335 -0.1477
vn -0.3472 0.9272 0.1407
vn -0.0312 0.9715 -0.2350
vn -0.0000 -0.4472 0.8944
vn 0.5782 -0.8156 -0.0206
vn 0.6835 -0.2563 0.6835
vn -0.0102 -0.9788 0.2047
vn -0.0189 -0.7832 0.6214
vn -0.0539 -0.9779 0.2022
vn -0.0392 -0.6190 0.7844
vn -0.0108 -0.9349 0.3547
vn -0.0976 -0.7797 0.6186
vn -0.4506 -0.0109 -0.8927
vn 0.1990 0.0309 -0.9795
vn -0.4453 -0.0109 -0.8953
vn -0.4478 -0.0245 -0.8938
vn -0.0440 0.8913 -0.4512
vn -0.0963 0.8854 -0.4547
vn -0.0455 0.9207 -0.3877
vn -0.1303 -0.7253 -0.6760
vn 0.1091 -0.3984 -0.9107
vn -0.6871 0.3282 -0.6482
vn -0.7465 0.2310 -0.6240
vn -0.7544 -0.0714 -0.6525
vn 0.1829 -0.6089 -0.7719
vn 0.1232 -0.6800 -0.7228
vn 0.0325 0.8452 0.5335
vn -0.6339 0.6619 0.4000
vn 0.0068 0.5973 0.8020
vn 0.0214 0.9997 -0.0135
vn -0.5863 0.4839 0.6497
vn 0.4467 0.0493 -0.8933
vn 0.9384 0.0240 -0.3448
vn -0.6230 -0.0528 0.7805
vn -0.8752 -0.0327 0.4827
vn -0.5843 0.3298 0.7415
vn -0.2611 -0.3917 -0.8823
vn -0.0000 -0.4422 -0.8969
vn 0.0021 -0.9913 -0.1316
vn -0.0061 -0.9924 0.1227
vn -0.0027 -0.9925 -0.1222
vn -0.0021 -0.9914 0.1311
vn -0.0536 -0.9911 -0.1217
vn -0.0552 -0.9908 0.1233
vn -1.0000 -0.0000 -0.0000
vn -0.4093 0.9049 0.1163
vn 0.2342 0.2323 0.9440
vn -0.0449 -0.5295 -0.8471
vn -0.0303 -0.9995 -0.0000
vn -0.0516 -0.2248 -0.9730
vn 0.3835 0.6903 -0.6136
vn 0.7580 0.6024 0.2500
vn 0.9014 -0.1576 0.4034
vn 0.6484 0.2079 0.7324
vn 0.5924 0.5510 0.5878
vn 0.9563 0.2700 0.1121
vn -0.3497 -0.8341 -0.4267
vn -0.3152 -0.9100 -0.2694
vn -0.3432 -0.8155 -0.4660
vn -0.2750 -0.9605 0.0423
vn -0.2025 -0.9788 0.0312
vn -0.3409 -0.8364 -0.4292
vn 0.0753 0.0889 0.9932
vn 0.0708 0.1006 0.9924
vn -0.3701 -0.5982 0.7108
vn -0.3251 -0.5383 0.7775
vn -0.4277 -0.5820 0.6916
vn -0.0494 -0.0687 0.9964
vn 0.0600 0.8753 0.4798
vn 0.1240 0.9923 -0.0000
vn 0.0244 0.0234 -0.9994
vn -0.0000 0.9997 0.0234
vn 0.0977 -0.9949 -0.0244
vn -0.7512 0.5613 0.3474
vn -0.6017 0.7196 0.3465
vn -0.7661 0.5852 0.2657
vn -0.7609 0.5742 -0.3023
vn -0.6172 0.7374 -0.2744
vn -0.7744 0.6006 -0.1987
vn -0.2683 0.8956 -0.3549
vn -0.4683 -0.6900 -0.5520
vn -0.2976 -0.7455 -0.5964
vn -0.4456 0.8952 -0.0082
vn -0.2125 0.9545 0.2091
vn -0.1163 0.9797 -0.1633
vn 0.0665 -0.4945 0.8667
vn -0.0494 -0.3918 0.9187
vn -0.0187 -0.6305 0.7760
vn 0.0634 -0.2729 0.9599
vn 0.0851 -0.3475 0.9338
vn -0.0231 -0.2823 0.9591
vn 0.7433 -0.6690 -0.0000
vn 0.2030 -0.1600 -0.9660
vn 0.2020 -0.1619 -0.9659
vn -0.2222 0.0162 0.9749
vn -0.2646 0.0310 0.9639
vn -0.4095 0.0306 0.9118
vn -0.2645 0.0439 0.9634
vn -0.4089 0.0367 0.9119
vn -0.4382 0.0583 0.8970
vn 0.0723 0.4321 -0.8989
vn 0.0449 0.2714 -0.9614
vn 0.0115 0.1036 -0.9946
vn 0.0507 0.4773 -0.8773
vn 0.0805 0.4707 -0.8786
vn 0.0551 0.4576 -0.8875
vn 0.0729 0.4571 -0.8864
vn 0.5272 -0.8170 0.2337
vn 0.5026 -0.1387 0.8533
vn 0.0686 -0.9592 0.2744
vn 0.2309 -0.3066 0.9234
vn 0.5204 -0.7531 0.4025
vn -0.7440 -0.5593 0.3656
vn 0.9714 -0.2210 0.0872
vn 0.1761 -0.1761 -0.9685
vn 0.8729 0.2182 -0.4364
vn 0.2282 -0.0856 -0.9698
vn 0.9923 0.1240 -0.0000
vn 0.8221 0.5184 -0.2353
vn 0.1374 0.9138 0.3822
vn 0.8329 0.4823 -0.2716
vn 0.6200 0.7238 0.3028
vn 0.6066 0.3297 0.7234
vn 0.0885 0.9070 -0.4117
vn 0.0133 0.9890 -0.1471
vn -0.9291 0.3643 0.0635
vn -0.9370 0.3491 -0.0090
vn -0.9598 -0.2780 -0.0381
vn 0.9542 -0.2991 -0.0000
vn 0.3656 -0.0870 -0.9267
vn 0.8287 -0.2349 -0.5080
vn -0.2272 0.0910 -0.9696
vn 0.8965 -0.3984 -0.1938
vn 0.8909 -0.3959 0.2227
vn 0.8872 -0.4007 0.2289
vn 0.3602 -0.9296 -0.0779
vn 0.3883 -0.9044 0.1769
vn 0.1071 -0.9637 0.2447
vn -0.1555 -0.8811 0.4466
vn 0.2643 -0.8707 -0.4146
vn 0.6739 -0.7087 -0.2087
vn 0.1240 -0.9923 -0.0000
vn -0.2082 -0.8850 0.4165
vn 0.9331 -0.0122 0.3593
vn 0.6380 0.0008 0.7701
vn 0.9365 -0.0112 0.3505
vn 0.9349 0.0084 0.3547
vn 0.6367 0.0004 0.7711
vn 0.6375 -0.0043 0.7704
vn -0.0710 -0.2894 0.9546
vn -0.2790 -0.7219 0.6333
vn -0.1342 -0.7867 0.6025
vn -0.0758 -0.3449 0.9356
vn -0.1694 -0.2746 0.9465
vn -0.2821 -0.7759 0.5643
vn -0.5375 -0.8242 -0.1782
vn 0.0983 0.1536 -0.9832
vn 0.2973 0.4827 -0.8238
vn -0.4492 -0.7120 -0.5397
vn -0.7705 0.3957 0.4998
vn -0.8108 0.5852 -0.0128
vn -0.1624 0.4436 0.8814
vn -0.8087 0.5882 -0.0000
vn -0.7995 0.6000 -0.0293
vn -0.9728 0.2287 -0.0357
vn -0.3291 0.2890 0.8990
vn 0.0027 -0.7428 0.6695
vn 0.0023 -0.8238 0.5669
vn 0.0349 -0.9992 0.0173
vn 0.0165 -0.9998 0.0082
vn 0.0234 -0.7426 0.6694
vn -0.4812 0.0190 0.8764
vn -0.5573 0.0269 0.8299
vn -0.4806 0.0536 0.8753
vn -0.1240 0.0231 0.9920
vn -0.1240 0.0073 0.9923
vn -0.0228 0.0091 0.9997
vn 0.0140 -0.0933 -0.9955
vn -0.0716 -0.9602 -0.2700
vn -0.6119 -0.6535 -0.4456
vn -0.9766 0.2005 0.0776
vn 0.0258 0.9652 0.2603
vn 0.0481 0.9941 0.0967
vn -0.0038 0.9810 0.1942
vn 0.0422 0.9927 0.1127
vn -0.0106 0.9808 0.1949
vn 0.0472 0.9926 0.1117
vn 0.4608 0.3725 -0.8055
vn 0.5083 0.2739 -0.8165
vn -0.1077 0.9231 -0.3692
vn 0.2578 -0.8676 -0.4252
vn 0.2784 -0.8867 -0.3690
vn 0.2811 -0.8706 0.4039
vn 0.1513 -0.8876 -0.4350
vn 0.2680 -0.8581 0.4379
vn 0.1484 -0.8809 0.4495
vn 0.7410 0.0069 -0.6715
vn 0.5338 -0.8217 0.1998
vn -0.5022 -0.7809 0.3716
vn 0.5568 -0.8249 -0.0979
vn 0.8039 -0.0000 -0.5948
vn 0.7776 0.0139 0.6286
vn 0.9401 -0.0068 0.3408
vn 0.6940 0.6896 -0.2069
vn 0.6220 0.7731 0.1244
vn 0.6024 0.7139 -0.3570
vn 0.0144 0.9961 -0.0866
vn 0.0743 0.8920 -0.4460
vn 0.0985 0.9949 0.0197
vn 0.5722 0.6368 0.5168
vn -0.0459 0.9956 0.0816
vn 0.6838 0.7066 0.1823
vn 0.7102 0.6780 0.1894
vn -0.1018 0.9782 0.1809
vn 0.8941 0.0018 -0.4479
vn -0.5774 -0.5774 -0.5774
vn 1.0000 0.0037 0.0037
vn 0.6317 -0.7720 0.0702
vn 0.7806 -0.0260 0.6245
vn -0.0757 -0.5043 -0.8602
vn -0.1260 -0.1707 -0.9772
vn -0.0214 -0.5043 -0.8633
vn -0.0308 -0.1772 -0.9837
vn -0.0493 -0.5667 -0.8225
vn -0.1315 -0.3778 -0.9165
vn 0.1843 0.0184 0.9827
vn 0.3183 0.0351 0.9474
vn 0.3184 0.0243 0.9477
vn -0.0234 0.0143 0.9996
vn 0.5374 0.8410 0.0631
vn 0.9695 -0.2435 -0.0273
vn 0.9698 -0.2432 -0.0183
vn 0.5672 0.8219 -0.0522
vn -0.0071 0.2425 -0.9701
vn -0.0237 0.5096 -0.8601
vn 0.0090 -0.3887 -0.9213
vn -0.0032 0.5047 -0.8633
vn -0.0076 0.2753 -0.9613
vn 0.0064 -0.3887 -0.9213
vn -0.9001 -0.4351 -0.0228
vn -0.8944 0.4472 -0.0000
vn -0.7305 -0.6650 -0.1553
vn -0.8694 -0.4875 0.0804
vn -0.8918 0.4518 0.0236
vn -0.9806 0.1471 0.1292
vn -0.8386 -0.5425 -0.0496
vn 0.9276 -0.1227 -0.3528
vn 0.1932 0.8647 -0.4637
vn -0.1141 0.5934 -0.7968
vn 0.6012 -0.6871 -0.4080
vn 0.1610 -0.9662 -0.2013
vn 0.5267 -0.7762 -0.3465
vn -0.0181 0.1089 -0.9939
vn 0.0338 -0.9464 -0.3211
vn 0.6015 0.0850 -0.7944
vn -0.0476 0.9988 0.0104
vn -0.0459 0.9638 0.2626
vn -0.0429 0.9626 0.2674
vn -0.0608 -0.9376 -0.3424
vn 0.5066 -0.0113 -0.8621
vn 0.3157 -0.0158 -0.9487
vn 0.2191 -0.9610 -0.1690
vn 0.3191 -0.0125 -0.9476
vn -0.0248 0.8680 0.4960
vn 0.0470 -0.5993 0.7991
vn -0.0423 -0.5995 0.7993
vn -0.0271 0.8587 0.5118
vn 0.0586 0.0659 0.9961
vn -0.0172 0.8681 0.4961
vn -0.9618 -0.0029 -0.2738
vn -0.8585 0.1436 -0.4924
vn -0.9444 0.1543 0.2902
vn -0.9492 0.1612 -0.2702
vn -0.9559 -0.0002 0.2937
vn -0.1908 -0.2492 0.9495
vn -0.1326 -0.1170 0.9842
vn -0.2067 -0.2178 0.9538
vn -0.1211 -0.2520 0.9601
vn -0.2229 -0.0695 0.9724
vn -0.1759 -0.0701 0.9819
vn -0.0807 -0.7963 -0.5995
vn -0.1589 -0.9249 0.3454
vn -0.0902 -0.9330 0.3484
vn -0.1648 -0.9468 0.2765
vn 0.3162 0.9487 -0.0000
vn -0.1147 0.9350 0.3355
vn 0.0190 -0.9993 0.0332
vn 0.9716 -0.2338 0.0364
vn -0.0000 -0.9818 0.1900
vn -0.0000 -0.9995 0.0325
vn 0.1073 -0.9763 0.1878
vn 0.3486 0.9098 -0.2253
vn 0.2920 0.9564 -0.0099
vn 0.2997 0.9536 0.0271
vn 0.3450 0.9106 -0.2274
vn 0.3601 0.9229 0.1365
vn 0.4017 0.9157 -0.0117
vn 0.8275 -0.4196 -0.3730
vn 0.8916 -0.4198 -0.1698
vn 0.9636 0.2224 -0.1482
vn 0.9814 0.0428 -0.1869
vn 0.7864 -0.5563 -0.2685
vn 0.9342 0.0797 -0.3476
vn 0.1157 -0.2950 -0.9485
vn 0.1190 -0.1844 -0.9756
vn 0.1152 -0.2679 -0.9565
vn 0.2083 -0.1379 -0.9683
vn 0.1894 0.2145 -0.9582
vn 0.1861 -0.2818 -0.9413
vn -0.7464 0.6496 0.1444
vn -0.6782 0.6085 0.4121
vn -0.2994 0.2606 0.9179
vn -0.7431 0.6533 0.1452
vn -0.6650 0.6184 0.4188
vn -0.7260 0.6444 -0.2402
vn -0.8808 -0.2822 0.3802
vn -0.7297 0.6490 -0.2151
vn -0.5013 0.7091 -0.4959
vn -0.4978 0.5169 -0.6964
vn -0.9041 -0.3502 0.2449
vn -0.5605 0.2665 -0.7841
vn 0.9998 -0.0000 -0.0218
vn 0.9999 -0.0000 0.0130
vn 0.9751 0.2126 0.0624
vn 0.2255 0.9326 0.2818
vn -0.0000 0.9999 0.0134
vn 0.0106 0.9999 0.0132
vn 0.9962 0.0822 0.0282
vn 0.0608 -0.6573 -0.7512
vn 0.1266 -0.6532 -0.7465
vn 0.0791 -0.8843 -0.4601
vn 0.0743 -0.8958 -0.4381
vn 0.0808 -0.5283 -0.8452
vn 0.0819 -0.8848 -0.4588
vn -0.9736 -0.0010 -0.2283
vn -0.8932 0.0943 -0.4397
vn -0.9148 0.1269 -0.3833
vn -0.9220 0.0271 -0.3863
vn -0.9482 0.0014 0.3177
vn -0.2182 -0.0546 0.9744
vn -0.2050 -0.4782 0.8540
vn -0.2094 0.2861 0.9350
vn -0.1881 0.2382 0.9528
vn -0.1833 -0.0458 0.9820
vn -0.1881 0.2822 0.9407
vn -0.4916 -0.2112 -0.8448
vn -0.0902 -0.7995 -0.5939
vn -0.1120 -0.6230 -0.7742
vn -0.0716 -0.8660 -0.4949
vn 0.0515 -0.8913 0.4504
vn -0.1093 -0.8630 -0.4932
vn 0.0766 -0.9009 0.4273
vn 0.0838 -0.8851 0.4579
vn -0.0809 -0.4345 0.8970
vn -0.0235 -0.9653 0.2602
vn 0.0027 -0.9655 0.2603
vn -0.1250 -0.6146 0.7789
vn -0.0700 0.9229 0.3786
vn -0.1258 -0.2120 0.9691
vn -0.0103 -0.9999 -0.0000
vn 0.0103 0.9999 -0.0000
vn -0.0540 0.9238 0.3790
vn -0.0109 0.9999 -0.0000
vn 0.2219 0.9045 0.3641
vn 0.5987 0.5987 0.5322
vn 0.4616 0.4616 0.7575
vn 0.2702 0.9019 0.3369
vn 0.5481 -0.2241 0.8059
vn 0.7672 -0.3186 -0.5567
vn 0.6991 -0.2886 0.6542
vn 0.6643 -0.2751 -0.6950
vn 0.2531 0.9673 0.0133
vn 0.2848 0.9574 -0.0475
vn 0.3045 0.8619 0.4055
vn 0.1528 0.9882 0.0080
vn 0.1481 0.9887 -0.0247
vn 0.1534 0.9878 0.0279
vn -0.2014 0.7650 0.6117
vn -0.0471 0.9188 -0.3920
vn -0.5664 0.5293 0.6317
vn 0.1120 0.9751 0.1914
vn 0.0834 -0.5282 -0.8450
vn -0.5013 -0.0656 -0.8628
vn -0.4205 -0.3921 -0.8182
vn -0.3693 0.0217 -0.9291
vn -0.3837 0.0332 -0.9229
vn -0.3801 0.0330 -0.9243
vn -0.3690 -0.0422 -0.9285
vn 0.5768 -0.0486 0.8154
vn 0.6704 -0.0362 0.7411
vn 0.8428 -0.0778 0.5325
vn 0.8465 -0.0384 0.5310
vn 0.9573 -0.0517 0.2843
vn 0.6668 -0.0619 0.7427
vn 0.8577 -0.4012 0.3215
vn 0.5227 -0.8254 -0.2132
vn 0.8577 -0.5013 -0.1145
vn 0.8374 0.4266 -0.3416
vn 0.8680 -0.4517 -0.2061
vn -0.0484 0.9985 0.0242
vn -1.0000 0.0015 0.0030
vn -0.0000 -0.9997 -0.0237
vn -0.0000 0.4472 0.8944
vn -0.0915 -0.9955 -0.0229
vn -0.0459 0.9935 0.1039
vn -0.0424 0.9937 -0.1034
vn -0.0422 0.9937 0.1043
vn -0.0458 0.9935 0.1042
vn -0.0037 0.9945 -0.1045
vn -0.0465 0.9989 -0.0013
vn 0.2425 -0.7761 -0.5821
vn 0.1630 -0.7741 0.6117
vn 0.0958 -0.3713 0.9236
vn 0.0192 -0.7999 0.5999
vn 0.1644 -0.7891 0.5918
vn 0.2232 -0.6068 0.7629
vn 0.1500 -0.6330 0.7595
vn -0.9741 -0.0102 -0.2260
vn -0.6584 -0.0166 -0.7525
vn -0.6585 0.0011 -0.7526
vn -0.5812 -0.0035 -0.8137
vn -0.8239 0.3462 0.4487
vn -0.8653 0.2752 0.4190
vn -0.3040 0.2068 0.9300
vn 0.1159 -0.8614 0.4945
vn 0.6062 0.3674 -0.7054
vn 0.6512 -0.0418 -0.7578
vn 0.2546 0.4467 -0.8577
vn -0.0299 0.2890 -0.9568
vn -0.0961 0.0113 -0.9953
vn -0.0312 0.0050 -0.9995
vn -0.0460 0.9941 -0.0982
vn 0.0345 0.9937 -0.1065
vn -0.9462 0.0258 0.3225
vn -0.0281 0.9958 0.0867
vn -0.6675 0.7426 -0.0546
vn -0.9515 -0.0246 -0.3067
vn 0.0685 -0.9971 0.0342
vn -0.2557 -0.3017 -0.9185
vn -0.2554 -0.1407 -0.9565
vn -0.1983 -0.2189 -0.9554
vn -0.0663 -0.2406 -0.9684
vn -0.0667 -0.2179 -0.9737
vn -0.0428 -0.2937 -0.9549
vn -0.4470 -0.8940 -0.0323
vn -0.2425 0.9701 -0.0000
vn -0.1341 0.7103 0.6910
vn -0.1061 0.7193 0.6865
vn -0.0370 0.9993 -0.0000
vn -0.3920 0.0213 0.9197
vn -0.3464 0.0176 0.9379
vn -0.3158 0.0141 0.9487
vn -0.3133 -0.0166 0.9495
vn -0.3917 0.0198 0.9199
vn -0.3920 0.0200 0.9197
vn 0.9441 -0.0593 0.3243
vn 0.9447 -0.0474 0.3245
vn 0.9275 -0.0390 -0.3718
vn 0.9078 -0.3516 -0.2287
vn 0.9048 -0.2234 -0.3627
vn -0.0393 -0.5570 0.8296
vn -0.0969 -0.9894 -0.1085
vn -0.0558 -0.6608 0.7485
vn 0.7102 -0.6904 0.1379
vn 0.1269 -0.9414 0.3124
vn 0.9850 0.1701 -0.0293
vn 0.9994 -0.0011 -0.0344
vn 0.9861 0.1418 -0.0862
vn 0.9636 -0.2636 0.0453
vn 0.6763 -0.7025 0.2215
vn 0.9568 -0.0115 -0.2905
vn 0.5460 -0.0057 -0.8378
vn 0.9454 -0.0070 -0.3259
vn 0.6466 -0.5034 -0.5731
vn -0.1199 0.9741 -0.1918
vn 0.0044 0.9784 -0.2065
vn -0.0117 0.9823 -0.1871
vn 0.0066 0.7474 0.6643
vn -0.0000 0.7474 0.6644
vn -0.0192 0.4548 0.8904
vn -0.0404 0.9992 -0.0079
vn 0.0074 0.9823 -0.1871
vn -0.2371 0.0999 0.9663
vn -0.9225 0.3848 -0.0293
vn -0.9116 0.4099 -0.0312
vn -0.2343 0.1061 0.9664
vn -0.7158 0.3191 0.6212
vn -0.3203 0.1356 0.9376
vn 0.3468 0.5346 0.7706
vn 0.3787 0.8460 0.3753
vn 0.2419 0.7402 0.6273
vn 0.3113 0.8772 0.3657
vn 0.3099 0.8777 0.3654
vn 0.3166 0.4402 0.8402
vn 0.5909 0.7872 -0.1764
vn 0.2861 0.4141 0.8641
vn 0.3106 0.4539 0.8351
vn 0.2709 -0.6162 -0.7395
vn 0.3208 -0.8534 -0.4109
vn 0.9394 -0.1092 -0.3250
vn 0.7071 -0.7071 -0.0000
vn 0.9586 -0.1823 -0.2187
vn 0.1542 -0.8451 0.5120
vn 0.1360 -0.8917 0.4318
vn 0.2294 -0.1147 0.9666
vn 0.2270 -0.1824 0.9567
vn 0.2224 -0.1838 0.9575
vn 0.2616 0.1771 0.9488
vn 0.7062 -0.0264 0.7076
vn 0.6003 0.1352 0.7883
vn 0.9897 -0.0000 -0.1433
vn 0.2444 -0.9691 0.0345
vn -0.0624 -0.0000 -0.9981
vn 0.2459 -0.9687 0.0345
vn -0.0626 0.3504 0.9345
vn -0.0576 0.8657 0.4973
vn -0.0610 0.9103 0.4094
vn -0.0377 0.9993 -0.0000
vn 0.0254 0.8864 0.4623
vn -0.0303 0.9986 -0.0429
vn 0.1271 0.6440 -0.7544
vn -0.0619 0.9942 -0.0875
vn -0.1164 0.6833 -0.7208
vn 0.4710 0.8231 -0.3173
vn 0.4031 0.9068 -0.1233
vn -0.8670 -0.4407 0.2326
vn -0.9487 0.3162 -0.0000
vn -0.3940 0.8640 -0.3134
vn -0.9487 -0.3162 -0.0000
vn -0.8826 -0.4358 -0.1760
vn -0.5270 0.1054 -0.8433
vn -0.0000 -0.0000 -1.0000
vn -0.3123 0.5752 -0.7560
vn -0.0542 -0.0650 -0.9964
vn -0.2873 0.5747 -0.7663
vn 0.2566 0.1492 0.9549
vn 0.5688 0.1270 0.8126
vn 0.7008 -0.1589 0.6954
vn -0.7070 0.0190 -0.7070
vn -0.5143 0.0284 -0.8571
vn 0.4470 0.0292 -0.8940
vn 0.0370 -0.2445 -0.9689
vn 0.0158 -0.2434 -0.9698
vn 0.0182 -0.5863 -0.8099
vn 0.0612 -0.5839 -0.8095
vn 0.0218 -0.2329 -0.9722
vn 0.0464 -0.6477 -0.7605
vn 0.5617 -0.0963 0.8217
vn 0.3003 0.5646 0.7688
vn 0.6000 0.0125 0.7999
vn 0.0578 0.9937 0.0964
vn 0.0591 0.9930 -0.1025
vn -0.0000 0.7071 0.7071
vn -0.9525 0.3041 -0.0129
vn -0.0000 0.9990 0.0444
vn -0.9479 0.1580 0.2765
vn -0.3064 0.1465 -0.9406
vn -0.4474 0.2169 -0.8676
vn -0.5460 0.1833 -0.8175
vn -0.4420 -0.2645 -0.8571
vn -0.8975 0.3227 -0.3007
vn -0.2870 0.0634 -0.9558
vn 0.3331 -0.6951 0.6371
vn 0.0593 -0.0711 0.9957
vn -0.1506 -0.6403 0.7532
vn 0.2581 -0.0688 0.9637
vn 0.0568 0.7187 -0.6930
vn -0.0598 0.8139 -0.5780
vn 0.4472 0.8944 -0.0000
vn 0.0105 0.7331 -0.6800
vn 0.0107 0.7198 -0.6941
vn -0.0047 0.9011 -0.4337
vn 0.0119 0.9996 0.0238
vn 0.0117 0.9997 0.0235
vn 0.7995 0.6007 0.0072
vn 0.2496 0.8077 -0.5341
vn 0.1425 0.9115 -0.3860
vn 0.2546 0.9667 -0.0255
vn 0.1518 0.9884 -0.0025
vn 0.1531 0.9881 -0.0153
vn 0.2280 0.8917 -0.3909
vn 0.4342 0.6747 -0.5969
vn 0.5438 0.8325 -0.1060
vn 0.5799 0.8081 -0.1029
vn 0.0659 0.0937 -0.9934
vn 0.0627 0.0996 -0.9931
vn 0.0917 0.1264 -0.9877
vn 0.0065 -0.9630 0.2693
vn 0.1017 -0.8278 0.5517
vn 0.1077 -0.9518 0.2872
vn 0.0475 -0.8333 0.5509
vn 0.0106 -0.8999 0.4359
vn 0.1014 -0.9598 0.2618
vn 0.5580 -0.2194 0.8003
vn 0.7654 -0.4167 0.4905
vn 0.4288 -0.1798 0.8853
vn 0.9657 -0.2110 -0.1512
vn 0.1353 0.1678 0.9765
vn 0.0521 -0.8896 0.4537
vn 0.7002 -0.0485 -0.7123
vn 0.7228 0.0074 -0.6910
vn -0.3043 0.0051 -0.9526
vn 0.0109 -0.0027 -0.9999
vn -0.3029 0.0941 -0.9483
vn 0.2802 0.0252 -0.9596
vn 0.1704 0.5954 0.7852
vn 0.0406 0.9937 -0.1046
vn 0.1508 0.6004 0.7854
vn 0.0367 0.9937 -0.1056
vn 0.1055 0.9939 0.0315
vn 0.1029 0.9945 0.0215
vn 0.2961 0.8866 0.3554
vn 0.6496 -0.0606 0.7578
vn 0.3417 0.9020 0.2640
vn 0.8237 0.4829 -0.2972
vn 0.9993 -0.0313 0.0193
vn 0.2332 -0.7401 -0.6308
vn 0.1634 -0.9032 -0.3968
vn 0.2878 -0.8083 -0.5136
vn 0.1557 -0.8459 -0.5100
vn 0.2326 0.9535 0.1917
vn 0.0229 0.9899 0.1400
vn 0.2626 0.9466 0.1871
vn 0.1607 0.9863 -0.0385
vn 0.2411 0.9127 -0.3298
vn 0.2438 0.9681 -0.0584
vn 0.1741 0.6963 0.6963
vn 0.2691 -0.1449 0.9522
vn 0.4253 0.5873 0.6886
vn 0.2402 -0.1373 0.9610
vn 0.6839 -0.6401 -0.3501
vn 0.0211 -0.9955 0.0925
vn 0.4472 -0.8944 -0.0000
vn 0.1644 -0.9864 -0.0000
vn 0.8088 -0.2065 -0.5507
vn 0.9494 0.0057 0.3140
vn 0.9430 0.0092 0.3326
vn 0.6419 0.0213 0.7665
vn 0.9505 0.0220 0.3100
vn 0.5584 0.0730 0.8263
vn -0.0724 -0.5411 0.8378
vn -0.0380 -0.8971 0.4402
vn -0.1606 -0.8699 0.4664
vn -0.1796 -0.3005 0.9367
vn -0.0238 -0.8791 0.4760
vn -0.2303 -0.3033 0.9247
vn -0.1212 -0.3580 -0.9258
vn -0.1313 0.2799 -0.9510
vn 0.0368 0.9942 0.1007
vn 0.0366 0.9466 0.3202
vn 0.0370 0.9942 0.1010
vn -0.0028 0.9530 0.3031
vn 0.0045 0.9467 0.3220
vn -0.0010 0.9947 0.1030
vn -0.5515 -0.5005 0.6673
vn -0.4918 -0.5307 0.6903
vn -0.4678 -0.7585 0.4537
vn -0.5954 -0.2474 0.7644
vn 0.3320 -0.9413 0.0605
vn -0.4446 -0.8939 0.0574
vn -0.4390 -0.8918 -0.1098
vn -0.4493 -0.8917 0.0551
vn 0.5624 -0.5293 0.6352
vn 0.5307 -0.8006 0.2783
vn 0.3044 -0.8064 0.5070
vn 0.4695 -0.8340 0.2899
vn 0.7031 -0.5347 0.4688
vn 0.2949 -0.7633 0.5748
vn -0.5819 0.8001 0.1455
vn -0.2577 0.3393 0.9047
vn -0.0498 0.9987 0.0124
vn -0.6963 0.1741 0.6963
vn -0.2664 0.2338 0.9351
vn -0.0526 0.9986 -0.0000
vn -0.7454 0.2981 -0.5963
vn -0.3304 0.5663 -0.7551
vn 0.3865 0.8374 -0.3865
vn 0.6247 0.4685 -0.6247
vn 0.3982 -0.1138 -0.9102
vn 0.2460 0.5816 -0.7754
vn 0.2611 0.2341 -0.9365
vn -0.0077 0.8320 -0.5547
vn 0.0222 0.5999 -0.7998
vn -0.8944 -0.4471 0.0107
vn -0.3690 -0.6572 -0.6572
vn -0.3535 -0.7859 -0.5073
vn -0.3813 -0.6537 -0.6537
vn -0.9997 -0.0251 -0.0000
vn -0.9996 -0.0248 0.0101
vn -0.8253 0.0213 -0.5643
vn -0.9997 -0.0248 -0.0000
vn -0.8238 -0.0002 -0.5669
vn -0.9995 0.0308 -0.0000
vn 0.0504 -0.7568 -0.6517
vn -0.5221 0.2744 -0.8075
vn 0.0520 -0.3675 -0.9286
vn -0.2995 -0.8341 -0.4632
vn -0.3029 -0.5447 -0.7820
vn 0.9998 0.0167 -0.0112
vn 0.8943 -0.0143 0.4472
vn 0.6197 0.0741 -0.7813
vn 0.7055 0.0678 -0.7055
vn -0.6458 0.0069 0.7634
vn -0.3733 0.2860 0.8825
vn -0.5421 0.3753 0.7518
vn -0.9695 0.0104 0.2448
vn -0.6483 0.0073 0.7613
vn 0.5735 0.8192 -0.0000
vn 0.9406 -0.1573 0.3010
vn 0.5416 0.8333 0.1111
vn 0.8789 -0.1390 0.4564
vn 0.6008 0.7018 0.3828
vn 0.9839 0.1789 -0.0000
vn 0.2193 -0.1096 0.9695
vn 0.0692 -0.6763 0.7334
vn 0.0927 -0.1611 0.9826
vn 0.2007 0.2197 0.9547
vn 0.1261 -0.0630 0.9900
vn 0.0684 0.1574 0.9852
vn -0.4079 0.2499 -0.8782
vn -0.2945 -0.6582 -0.6929
vn -0.4093 -0.6284 -0.6615
vn 0.8000 -0.6000 -0.0000
vn -0.0023 0.0717 -0.9974
vn 0.6620 0.3079 -0.6834
vn -0.5460 -0.4959 -0.6753
vn 0.3363 -0.2873 0.8969
vn -0.9970 0.0771 -0.0000
vn -0.4256 0.4965 0.7566
vn -0.4900 0.0349 0.8710
vn -0.8000 0.5153 0.3075
vn -0.8477 0.0552 0.5276
vn -0.6558 0.1668 -0.7363
vn -0.9991 -0.0421 -0.0000
vn -0.4241 0.3050 -0.8527
vn -0.9056 0.2794 -0.3190
vn -0.8868 -0.0195 -0.4617
vn 0.7065 -0.2061 0.6771
vn -0.9457 0.0788 0.3152
vn 0.7455 -0.6193 0.2464
vn 0.7283 -0.5440 0.4167
vn 0.6194 -0.5145 0.5930
vn 0.6803 0.5183 0.5183
vn -0.3696 -0.6570 -0.6570
vn 0.5726 -0.7836 0.2411
vn 0.8190 0.2131 -0.5327
vn -0.0333 0.4201 0.9069
vn 0.2716 0.6338 0.7243
vn -0.8438 0.5274 -0.0998
vn -0.7096 0.6209 -0.3330
vn -0.7415 -0.5592 0.3708
vn -0.3569 -0.9170 0.1784
vn -0.7471 0.6537 -0.1205
vn 0.2674 0.9620 0.0551
vn 0.3570 0.7667 -0.5337
vn 0.3606 0.9208 -0.1488
vn 0.2182 0.9575 -0.1888
vn -0.0156 -0.0117 -0.9998
vn -0.9995 0.0312 -0.0000
vn -0.7094 0.0354 -0.7039
vn 0.1767 0.3534 0.9186
vn -0.4472 -0.8944 -0.0000
vn -0.0607 -0.9971 0.0455
vn -0.6147 0.6712 -0.4144
vn -0.5846 0.6368 0.5027
vn -0.6155 0.7178 0.3255
vn -0.5813 0.4920 0.6481
vn -0.2670 -0.8620 0.4310
vn 0.0241 -0.9639 0.2651
vn -0.0582 -0.9806 0.1870
vn 0.1258 -0.6945 -0.7084
vn 0.1191 -0.7513 -0.6492
vn 0.0335 -0.2700 -0.9623
vn 0.0495 -0.2586 -0.9647
vn 0.0738 -0.7078 -0.7025
vn 0.0464 -0.2674 -0.9625
vn -0.6426 0.5977 0.4794
vn -0.6143 0.7759 0.1436
vn -0.4315 0.8298 0.3540
vn -0.6931 0.6676 0.2719
vn -0.0221 0.9942 0.1050
vn -0.2425 -0.0041 -0.9701
vn -0.3830 0.0280 -0.9233
vn -0.4017 0.0056 -0.9158
vn -0.2425 0.0095 -0.9701
vn -0.3710 0.0070 -0.9286
vn -0.2224 -0.0098 -0.9749
vn 0.0290 -0.3721 0.9278
vn 0.5344 0.1368 0.8341
vn 0.2891 -0.6071 0.7401
vn 0.0308 0.1618 0.9863
vn 0.4608 -0.5926 0.6607
vn 0.6874 -0.1552 0.7095
vn -0.3884 0.3382 -0.8572
vn 0.1845 0.2839 -0.9409
vn -0.2817 0.1905 -0.9404
vn 0.1644 0.9864 -0.0000
vn 0.0400 -0.9467 -0.3197
vn -0.9915 -0.1018 -0.0809
vn -0.9884 -0.1236 -0.0878
vn -0.0663 0.8925 0.4462
vn 0.0523 0.9986 0.0065
vn 0.1853 0.5896 -0.7861
vn -0.2476 0.9495 -0.1925
vn -0.1737 0.9379 -0.3001
vn 0.9977 -0.0357 -0.0572
vn 0.9985 -0.0131 -0.0537
vn -0.0201 -0.9993 0.0327
vn 0.5429 -0.8144 0.2049
vn -0.8935 -0.4467 0.0465
vn -0.9067 -0.3967 0.1435
vn 0.5546 -0.8319 0.0214
vn -0.9152 -0.4004 0.0467
vn 0.0918 -0.9587 0.2692
vn -0.0127 0.5665 0.8240
vn -0.0144 0.8434 0.5371
vn -0.0030 0.3498 0.9368
vn -0.9723 0.1614 -0.1691
vn -0.7542 0.6520 -0.0779
vn -0.7474 0.6644 -0.0000
vn -0.9743 0.1556 -0.1630
vn -0.9839 0.1789 -0.0000
vn -0.7429 0.6668 -0.0580
vn 0.4653 -0.7035 0.5372
vn 0.1238 -0.9145 0.3851
vn 0.1194 -0.9293 0.3496
vn 0.3449 -0.8499 0.3983
vn 0.1138 0.0013 -0.9935
vn 0.1134 0.0836 -0.9900
vn 0.5642 0.0016 -0.8257
vn 0.5836 0.0015 -0.8120
vn 0.0451 0.1128 -0.9926
vn 0.5876 0.1422 -0.7966
vn -0.3041 -0.3345 -0.8920
vn -0.0000 0.4472 -0.8944
vn -0.1175 0.0294 -0.9926
vn -0.2291 0.0573 -0.9717
vn -0.0816 0.0825 -0.9933
vn -0.1890 0.1083 -0.9760
vn 0.5315 0.7933 -0.2969
vn 0.4575 0.6977 -0.5512
vn -0.0884 -0.1124 0.9897
vn 0.5561 0.7784 -0.2913
vn 0.2488 0.0311 -0.9681
vn 0.0449 -0.9990 -0.0000
vn 0.2240 -0.4358 -0.8717
vn 0.2011 -0.4381 -0.8762
vn 0.0379 -0.9988 0.0303
vn -0.6906 0.5211 0.5015
vn -0.3404 -0.5566 -0.7579
vn -0.7459 0.3639 0.5579
vn -0.6384 0.4206 0.6447
vn -0.2016 -0.7057 -0.6792
vn -0.4002 0.2145 -0.8910
vn 0.9701 0.2425 -0.0055
vn 0.7995 0.6006 0.0097
vn -0.0457 0.9979 -0.0457
vn 0.0230 0.9987 -0.0460
vn 0.9923 0.1240 0.0028
vn 0.9701 0.2425 -0.0000
vn 0.1199 -0.7594 0.6395
vn 0.0422 -0.7932 0.6075
vn 0.0238 -0.5126 0.8583
vn 0.2094 -0.0349 0.9772
vn 0.1620 -0.6344 0.7559
vn 0.0271 -0.2169 0.9758
vn -0.9137 0.3997 -0.0733
vn -0.8206 -0.5433 0.1776
vn -0.9566 0.2878 -0.0445
vn -0.1129 -0.9434 -0.3120
vn -0.1108 -0.8696 -0.4811
vn -0.0928 -0.8701 -0.4840
vn -0.0497 -0.9988 -0.0041
vn 0.7071 0.7071 -0.0000
vn -0.0239 0.2972 -0.9545
vn 0.0315 0.9993 0.0210
vn 0.7682 0.3841 0.5121
vn 0.0029 -0.6762 -0.7367
vn 0.0209 -0.8520 -0.5232
vn 0.0038 -0.2923 -0.9563
vn -0.3232 0.9315 -0.1668
vn -0.6642 0.6831 0.3036
vn -0.9089 -0.0346 0.4155
vn -0.1816 -0.3197 -0.9300
vn 0.1236 0.0824 -0.9889
vn -0.0257 -0.0351 -0.9991
vn -0.2281 0.9447 0.2356
vn -0.9359 0.3523 0.0056
vn -0.1990 0.5208 0.8301
vn -0.2194 -0.3275 0.9190
vn 0.0729 0.4148 0.9070
vn 0.2308 -0.9639 -0.1329
vn 0.2839 -0.9589 -0.0000
vn -0.1621 -0.6229 -0.7654
vn 0.0422 -0.5561 0.8301
vn 0.1015 -0.5496 0.8292
vn 0.0731 -0.6903 0.7198
vn 0.0503 -0.2708 0.9613
vn -0.6743 0.7223 -0.1537
vn -0.5501 0.6948 -0.4632
vn 0.0242 0.9914 -0.1290
vn -0.1771 -0.2220 0.9588
vn -0.1149 -0.4330 0.8940
vn -0.1551 -0.8668 -0.4739
vn -0.1098 -0.9940 -0.0000
vn -0.0971 -0.8849 -0.4555
vn 0.9847 -0.0068 -0.1741
vn 0.9701 -0.2425 -0.0000
vn 0.9202 0.2325 0.3148
vn 0.9160 0.2264 -0.3313
vn -0.9073 0.4182 -0.0425
vn -0.9542 -0.2982 -0.0233
vn -0.8471 0.5294 -0.0465
vn -0.9978 0.0624 -0.0243
vn 0.9826 -0.0136 0.1851
vn 0.7922 -0.5513 0.2618
vn 0.7890 -0.5466 0.2807
vn 0.4082 -0.8165 0.4082
vn 0.1829 -0.9755 -0.1219
vn 0.1599 -0.8527 -0.4974
vn 0.4704 0.5190 0.7137
vn 0.4444 0.4444 0.7778
vn 0.1819 -0.7538 -0.6315
vn 0.1840 -0.7532 -0.6315
vn 0.1717 -0.8976 -0.4059
vn 0.1757 -0.7665 -0.6178
vn 0.7665 -0.3219 -0.5558
vn 0.1344 -0.0571 0.9893
vn 0.1349 -0.0550 0.9893
vn -0.3562 0.1615 0.9203
vn 0.2474 0.9679 -0.0450
vn 0.1614 0.9826 -0.0922
vn 0.3645 0.4935 0.7897
vn 0.1765 0.9824 -0.0614
vn 0.5402 0.4460 0.7136
vn 0.2330 0.9691 -0.0811
vn 0.9487 -0.3162 -0.0000
vn 0.8280 -0.5469 -0.1238
vn 0.9460 -0.2917 -0.1415
vn 0.8062 -0.5636 0.1799
vn 0.8242 -0.5524 -0.1247
vn 0.8777 -0.4374 0.1959
vn 0.8337 -0.5371 -0.1286
vn -0.0429 0.9990 0.0122
vn -0.2018 0.6926 -0.6926
vn 0.0625 0.8399 0.5391
vn 0.1690 0.5071 0.8452
vn 0.1829 0.5113 0.8397
vn 0.8332 0.2217 -0.5066
vn 0.8734 0.2067 0.4410
vn -0.7738 0.5039 0.3839
vn -0.0000 0.5735 -0.8192
vn -0.0000 0.9884 0.1521
vn -0.6092 0.0659 -0.7903
vn 0.3989 0.8429 -0.3612
vn -0.7251 0.6867 0.0512
vn 0.0283 0.9968 0.0754
vn -0.0025 0.9972 0.0743
vn 0.3362 0.2882 0.8966
vn -0.0002 -0.5999 -0.8000
vn -0.0168 0.2425 -0.9700
vn -0.0167 0.2815 -0.9594
vn 0.0056 -0.6018 -0.7986
vn -0.1286 -0.1680 0.9774
vn -0.1262 -0.1649 0.9782
vn 0.0043 0.0123 0.9999
vn 0.0787 0.5378 -0.8394
vn 0.0664 0.4798 -0.8749
vn 0.0231 0.0933 -0.9954
vn 0.2854 0.9581 0.0221
vn 0.2783 0.1522 0.9484
vn 0.0875 0.9895 0.1149
vn -0.1368 -0.8587 -0.4939
vn -0.0605 -0.7818 -0.6205
vn 0.0045 -0.3511 0.9363
vn -0.0468 -0.3507 0.9353
vn 0.0022 -0.8944 0.4472
vn -0.0024 -0.8682 0.4961
vn 0.9122 -0.4097 -0.0000
vn 0.3621 -0.1621 -0.9179
vn 0.7616 -0.3395 -0.5520
vn 0.3708 0.6941 -0.6170
vn 0.3310 0.8323 -0.4445
vn 0.3620 0.6967 -0.6193
vn 0.1024 0.7955 0.5972
vn 0.4821 0.8744 0.0550
vn 0.1512 0.9866 0.0620
vn 0.9155 0.2243 -0.3339
vn 0.9318 -0.2024 0.3012
vn 0.6196 -0.0755 0.7813
vn 0.9999 0.0154 -0.0000
vn 0.5541 -0.0477 -0.8311
vn 0.5534 -0.0681 -0.8301
vn 1.0000 0.0033 0.0005
vn 0.9999 0.0155 0.0026
vn -0.0104 -0.9080 -0.4189
vn -0.0037 -0.9006 -0.4347
vn -0.0787 -0.8962 -0.4366
vn -0.5274 -0.0124 0.8495
vn -0.5267 -0.0082 0.8500
vn -0.2544 -0.0094 0.9671
vn 0.0805 -0.5981 -0.7974
vn -0.0021 -0.2983 -0.9545
vn -0.0143 -0.5999 -0.7999
vn 0.0388 0.8081 -0.5877
vn -0.0367 0.8082 -0.5878
vn 0.0651 0.1558 -0.9856
vn 0.7809 0.6247 -0.0000
vn 0.9615 0.2747 -0.0000
vn 0.7008 0.6986 0.1445
vn -0.3391 0.6448 -0.6850
vn -0.4414 0.1020 -0.8915
vn -0.3111 0.0653 -0.9481
vn -0.6144 0.7531 0.2351
vn -0.8123 -0.5415 -0.2166
vn -0.3326 -0.9345 -0.1267
vn -0.8121 -0.5700 -0.1249
vn -0.3051 -0.9396 -0.1550
vn -0.8419 -0.5329 -0.0853
vn -0.3349 -0.9304 -0.1489
vn 0.2720 -0.7496 -0.6034
vn 0.3851 -0.7189 -0.5787
vn 0.3749 -0.7498 -0.5453
vn 0.1583 -0.6635 -0.7312
vn -0.5599 -0.0026 0.8285
vn -0.6499 -0.0144 0.7599
vn -0.0463 -0.0216 0.9987
vn -0.0556 0.0181 0.9983
vn 0.0617 -0.3182 0.9460
vn 0.0438 -0.7398 0.6714
vn 0.0282 -0.7393 0.6727
vn -0.0770 0.5648 -0.8216
vn -0.2279 0.3419 -0.9117
vn 0.5989 0.8003 -0.0288
vn 0.3896 -0.3542 -0.8501
vn -0.0889 -0.7619 -0.6416
vn -0.2933 0.0338 0.9554
vn -0.3302 0.0087 0.9439
vn -0.3047 0.0027 0.9524
vn -0.2190 0.0043 0.9757
vn 0.1794 0.3588 -0.9160
vn 0.0813 0.8574 -0.5081
vn 0.1565 0.5624 -0.8119
vn 0.1394 0.2789 -0.9502
vn 0.0978 0.8562 -0.5074
vn -0.2920 -0.7574 0.5840
vn -0.0581 -0.8017 0.5949
vn -0.2235 -0.6599 0.7173
vn 0.9843 0.1266 -0.1230
vn -0.9082 -0.4087 -0.0908
vn -0.9566 -0.1993 0.2126
vn 0.1039 -0.3378 0.9355
vn -0.0000 -0.2425 0.9701
vn 0.6824 0.7292 -0.0510
vn 0.6144 0.7704 -0.1702
vn 0.9535 0.1287 -0.2724
vn 0.7708 0.6270 -0.1131
vn 0.9565 0.2277 -0.1822
vn -0.0014 0.9988 0.0496
vn -0.0371 0.9981 0.0495
vn -0.8927 -0.4485 -0.0445
vn -0.8944 -0.4451 0.0440
vn -0.8865 -0.4604 -0.0457
vn -0.8543 0.3750 -0.3599
vn -0.6576 -0.5435 0.5216
vn -0.7781 -0.1163 0.6172
vn -0.6402 0.4139 0.6471
vn -0.6970 -0.1328 0.7046
vn -0.6093 -0.2020 0.7668
vn -0.1571 0.2946 0.9426
vn -0.4475 0.2667 0.8536
vn -0.5336 -0.3735 0.7588
vn 0.4468 -0.7997 -0.4010
vn 0.5909 -0.2071 -0.7797
vn -0.6444 -0.7526 -0.1358
vn -0.0477 -0.8929 -0.4478
vn 0.4568 -0.2284 -0.8598
vn 0.9428 -0.2357 0.2357
vn -0.0041 0.9436 0.3311
vn 0.9985 -0.0381 0.0381
vn -0.7620 -0.1270 -0.6350
vn -0.1913 -0.4003 -0.8962
vn 0.2751 0.5664 -0.7768
vn 0.4747 0.6334 -0.6111
vn 0.1570 0.9030 0.3999
vn 0.0300 0.9678 0.2498
vn 0.0364 0.9947 0.0965
vn 0.0379 0.9942 0.1005
vn 0.0116 0.9682 0.2499
vn 0.2315 0.9467 -0.2239
vn 0.2372 0.9633 0.1254
vn 0.3613 0.9314 0.0443
vn 0.3287 0.9425 0.0604
vn 0.6163 -0.3522 -0.7044
vn 0.2592 -0.1728 -0.9503
vn 0.6223 -0.4149 -0.6638
vn 0.2214 -0.2043 -0.9535
vn 0.4946 -0.8673 -0.0557
vn -0.0360 -0.9811 -0.1899
vn 0.7056 -0.7056 0.0647
vn 0.6032 -0.6593 0.4489
vn 0.5037 -0.8613 -0.0668
vn 0.6258 -0.6258 0.4657
vn -0.3494 -0.5000 -0.7924
vn 0.0340 0.1973 -0.9798
vn -0.0261 0.4626 -0.8862
vn -0.1276 -0.1895 -0.9736
vn -0.1410 -0.1614 -0.9768
vn -0.1314 -0.5439 -0.8288
vn -0.1227 -0.2736 -0.9540
vn -0.1230 -0.5464 -0.8284
vn -0.0546 -0.1725 -0.9835
vn -0.7668 0.0264 0.6414
vn -0.0641 0.0055 0.9979
vn -0.5581 0.0341 0.8291
vn -0.5544 -0.0112 0.8321
vn 0.0226 0.9991 0.0362
vn 0.0004 0.9972 -0.0747
vn -0.0006 0.9971 0.0766
vn -0.0376 0.9966 -0.0732
vn 0.0217 0.9990 -0.0394
vn -0.0391 0.9965 0.0736
vn -0.5646 0.0163 -0.8252
vn -0.3384 -0.1734 -0.9249
vn 0.1863 0.9647 -0.1863
vn 0.0978 0.9904 -0.0978
vn -0.5580 -0.1529 -0.8156
vn -0.7806 0.6190 0.0867
vn -0.7809 0.6247 -0.0000
vn 0.7708 -0.0249 -0.6366
vn 0.9723 0.0302 -0.2317
vn 0.6848 0.0793 -0.7244
vn 0.0028 -0.9920 0.1258
vn -0.0382 -0.9915 0.1245
vn 0.0130 -0.8999 0.4358
vn 0.0096 -0.9045 0.4264
vn 0.1748 0.1520 -0.9728
vn 0.2111 0.9161 -0.3409
vn -0.1642 0.6913 -0.7037
vn 0.0474 -0.7296 0.6822
vn 0.0499 -0.7990 0.5993
vn -0.0068 0.9625 -0.2712
vn 0.5861 0.7760 -0.2332
vn -0.3218 -0.4553 0.8302
vn -0.1636 -0.2393 0.9571
vn -0.3109 -0.7109 0.6309
vn -0.2782 -0.2330 0.9319
vn -0.5656 -0.8187 0.0989
vn -0.5324 -0.8170 0.2215
vn -0.5544 -0.8032 0.2178
vn -0.4435 -0.6906 0.5712
vn -0.5451 -0.8323 0.1006
vn -0.4813 -0.7475 -0.4578
vn 0.0968 0.4561 0.8846
vn 0.4959 -0.4434 0.7467
vn 0.0947 0.4526 0.8867
vn -0.0182 -0.9988 0.0455
vn -0.8786 0.3912 -0.2739
vn -0.5894 0.3315 -0.7367
vn -0.2768 0.7712 0.5733
vn 0.0429 -0.9165 -0.3978
vn 0.0845 -0.6155 -0.7836
vn 0.0389 -0.9989 -0.0246
vn 0.0947 -0.6134 -0.7841
vn 0.0539 -0.9980 -0.0340
vn 0.0454 -0.9990 -0.0000
vn 0.5701 -0.5491 0.6111
vn 0.3100 -0.3008 0.9019
vn 0.5993 -0.5350 0.5955
vn 0.6905 -0.6280 0.3589
vn 0.7192 -0.6948 -0.0000
vn -0.0150 0.4343 0.9006
vn 0.0083 0.1653 0.9862
vn -0.7692 0.6386 0.0207
vn -0.9701 0.2425 -0.0000
vn -0.9672 0.2253 0.1175
vn -0.7044 -0.3522 -0.6163
vn 0.6553 -0.0010 -0.7554
vn 0.9374 -0.0504 -0.3446
vn 0.9563 -0.1446 -0.2543
vn 0.2589 -0.9635 0.0682
vn 0.4270 -0.9023 -0.0591
vn 0.6728 -0.2682 -0.6895
vn -0.2164 0.9471 -0.2368
vn -0.6495 -0.0000 0.7604
vn -0.1179 0.9634 -0.2408
vn 0.0960 -0.8662 -0.4903
vn 0.0775 -0.8565 -0.5103
vn 0.1171 -0.6724 -0.7309
vn -0.1474 -0.1106 -0.9829
vn -0.1312 -0.1102 -0.9852
vn -0.1593 -0.0790 -0.9841
vn -0.1488 -0.1493 -0.9775
vn -0.9990 -0.0414 0.0168
vn -0.1165 -0.8306 -0.5445
vn -0.0000 -0.0000 1.0000
vn 0.9862 0.1644 -0.0215
vn -0.2984 0.4057 0.8639
vn -0.4269 0.4776 0.7679
vn -0.6427 0.7174 -0.2690
vn -0.2554 0.9053 -0.3395
vn -0.0174 0.1240 -0.9921
vn 0.0036 0.9785 0.2064
vn -0.0196 0.9788 0.2040
vn -0.0886 0.1235 -0.9884
vn 0.3403 -0.3539 -0.8712
vn 0.9018 0.0448 -0.4299
vn 0.3184 -0.9478 0.0173
vn 0.8892 -0.1722 -0.4239
vn -0.2440 0.0392 0.9690
vn -0.2509 0.0211 0.9678
vn -0.2238 0.0265 0.9743
vn -0.2851 0.0369 0.9578
vn 0.4420 -0.0425 -0.8960
vn 0.4461 -0.0099 -0.8949
vn -0.0310 0.0014 -0.9995
vn 0.5576 -0.0591 -0.8280
vn -0.1713 0.0161 -0.9851
vn -0.0304 0.0052 -0.9995
vn -0.0000 0.8592 -0.5117
vn -0.2431 0.8394 -0.4862
vn 0.1453 0.8776 0.4569
vn -0.0464 0.8958 0.4421
vn 0.0551 0.9985 0.0069
vn 0.0535 0.9985 -0.0076
vn 0.4474 0.0507 0.8929
vn -0.2343 0.9383 -0.2543
vn -0.2704 0.9454 -0.1820
vn 0.9185 0.0224 0.3949
vn 0.2108 -0.6427 -0.7366
vn 0.2657 -0.7135 -0.6483
vn 0.2710 -0.6736 -0.6876
vn 0.2257 -0.7422 -0.6310
vn 0.2408 -0.6831 -0.6895
vn 0.3693 -0.1067 0.9232
vn 0.4496 0.7306 -0.5138
vn 0.3714 0.9285 -0.0000
vn 0.1836 0.9604 -0.2098
vn -0.8744 0.0528 -0.4824
vn -0.4223 -0.6531 -0.6286
vn -0.6024 -0.4816 -0.6365
vn -0.8250 0.0614 -0.5617
vn -0.4911 -0.6518 -0.5778
vn -0.8470 0.5252 -0.0824
vn -0.2493 0.9493 -0.1918
vn -0.8718 0.4896 0.0170
vn -0.7966 0.6042 -0.0179
vn 0.4925 0.2111 -0.8443
vn 0.2787 -0.3885 -0.8783
vn 0.5413 -0.2952 -0.7873
vn 0.4527 -0.5413 -0.7086
vn 0.5575 -0.1774 -0.8110
vn 0.9860 0.1443 0.0841
vn 0.6931 0.6862 0.2207
vn -0.2977 -0.8963 0.3287
vn -0.2920 -0.8977 0.3299
vn -0.2665 -0.8123 0.5188
vn -0.2896 -0.9203 0.2630
vn -0.2455 -0.8879 -0.3890
vn -0.3422 -0.5638 0.7517
vn -0.3293 -0.8010 0.4999
vn -0.7071 0.7071 -0.0000
vn 0.5774 0.5774 0.5774
vn 0.0920 0.9941 0.0566
vn 0.6971 0.5070 0.5070
vn -0.3501 -0.2514 0.9023
vn -0.6118 0.0722 0.7877
vn -0.9376 0.1073 0.3308
vn -0.9166 0.0446 0.3973
vn -0.9449 0.0496 0.3237
vn -0.9045 0.4217 0.0640
vn 0.0479 -0.6406 0.7664
vn 0.3803 -0.3781 0.8441
vn 0.0556 -0.4521 0.8902
vn -0.0000 0.7071 -0.7071
vn -0.9036 -0.0241 -0.4277
vn -0.0000 -0.0437 -0.9990
vn -0.0149 0.9713 -0.2374
vn -0.0082 0.9914 -0.1307
vn 0.0500 0.9987 -0.0006
vn 0.0257 0.9712 -0.2370
vn 0.0506 0.9800 -0.1923
vn 0.0522 0.9986 -0.0007
vn 0.4625 -0.0222 0.8863
vn -0.6171 0.7769 0.1254
vn 0.3744 -0.0232 0.9270
vn 0.1047 -0.6003 -0.7929
vn -0.0074 -0.9132 -0.4075
vn -0.8418 0.4618 -0.2795
vn 0.2252 0.9682 -0.1091
vn 0.2539 0.9636 0.0843
vn -0.9484 0.2371 0.2107
vn -0.9577 0.2394 -0.1596
vn -0.9123 -0.3801 -0.1521
vn 0.5810 0.4339 0.6886
vn 0.0562 0.4352 0.8986
vn 0.4903 0.3799 0.7844
vn 0.3028 0.8985 -0.3177
vn 0.7715 0.1846 -0.6088
vn 0.6739 0.2143 -0.7070
vn 0.7066 -0.0362 0.7066
vn 0.7997 -0.0282 0.5998
vn 0.7053 -0.0718 0.7053
vn -0.5531 -0.0762 0.8296
vn 0.3867 -0.0997 0.9168
vn -0.5526 -0.0874 0.8289
vn -0.2340 -0.1626 0.9586
vn -0.1856 -0.2277 0.9559
vn -0.1853 -0.2128 0.9594
vn -0.1438 -0.1701 0.9749
vn -0.1195 -0.2202 0.9681
vn -0.1438 -0.1702 0.9749
vn 0.5266 -0.7989 0.2905
vn -0.4472 -0.0000 0.8944
vn 0.3257 -0.5011 0.8018
vn 0.0770 0.5648 0.8216
vn -0.5281 0.5738 0.6260
vn 0.2091 -0.4588 0.8636
vn 0.3175 0.5372 0.7814
vn -0.4376 0.0814 0.8955
vn 0.1262 0.8254 0.5503
vn 0.0470 0.8311 0.5541
vn -0.0357 0.9994 -0.0000
vn -0.8686 0.4129 -0.2740
vn -0.8028 0.4128 0.4302
vn -0.8633 0.3203 0.3901
vn -0.9393 0.3320 0.0865
vn 0.0087 0.9918 -0.1278
vn -0.4602 0.8256 -0.3265
vn -0.6874 0.6933 0.2164
vn -0.6734 0.6812 0.2873
vn -0.6882 -0.2294 -0.6882
vn -0.7064 -0.0442 -0.7064
vn -0.0268 -0.2675 -0.9632
vn -0.2182 -0.4364 -0.8729
vn 0.7135 -0.6787 0.1740
vn 0.3737 -0.7989 0.4713
vn -0.9126 -0.0507 -0.4056
vn 0.0684 -0.1237 -0.9900
vn 0.5822 -0.7260 -0.3659
vn 0.6500 -0.4865 -0.5838
vn 0.6623 -0.4797 -0.5756
vn -0.9382 -0.0123 -0.3459
vn -0.9723 0.1564 0.1736
vn -0.8944 -0.4472 -0.0000
vn -0.8627 0.0180 0.5054
vn -0.8321 0.5547 -0.0000
vn -0.9197 -0.0560 -0.3886
vn -0.1301 -0.9168 0.3777
vn -0.0017 -0.9332 0.3593
vn -0.0124 -0.7307 -0.6825
vn 0.0015 -0.9432 -0.3323
vn -0.1428 -0.9335 -0.3289
vn 0.0136 -0.6633 0.7483
vn -0.1078 0.8397 -0.5323
vn -0.0898 0.8871 -0.4527
vn -0.1927 0.2380 -0.9520
vn -0.1333 0.2404 -0.9615
vn -0.0832 0.8843 -0.4594
vn -0.0785 0.9934 -0.0838
vn -0.4778 0.8520 0.2138
vn -0.0749 0.9940 -0.0799
vn -0.1098 0.9660 -0.2342
vn -0.1014 0.9926 -0.0676
vn -0.7808 0.0157 0.6246
vn -0.7808 -0.0080 0.6247
vn -0.9806 0.0046 -0.1961
vn -0.8087 -0.0092 0.5881
vn -0.9804 -0.0170 -0.1961
vn -0.6882 -0.0093 0.7254
vn 0.0485 0.9987 0.0134
vn 0.1783 0.9807 0.0801
vn 0.2838 0.9440 -0.1682
vn 0.0397 0.9934 0.1077
vn 0.1019 0.9788 -0.1777
vn 0.1844 0.2450 -0.9518
vn 0.5553 0.7573 -0.3437
vn 0.4795 0.6572 -0.5815
vn 0.1719 0.2606 -0.9500
vn -0.0012 0.9985 -0.0553
vn 0.0012 0.9984 0.0569
vn -0.7998 0.6001 -0.0147
vn -0.7828 0.6222 0.0089
vn -0.0082 0.6757 -0.7371
vn -0.0236 0.6605 -0.7504
vn -0.0081 0.6810 -0.7322
vn -0.0186 0.9789 -0.2036
vn -0.0245 0.6750 -0.7374
vn -0.0258 0.9787 -0.2035
vn -0.6700 0.7288 0.1411
vn -0.9602 0.1930 0.2021
vn -0.7681 0.6262 -0.1336
vn -0.9851 0.0156 -0.1713
vn -0.6711 0.7386 0.0635
vn 0.0888 -0.4276 0.8996
vn -0.0555 -0.9983 0.0158
vn -0.6569 0.6882 0.3080
vn 0.1659 -0.2008 -0.9655
vn 0.5477 0.7057 -0.4494
vn 0.1229 0.8371 -0.5331
vn 0.0003 0.9986 0.0531
vn -0.0331 0.9980 0.0530
vn 0.5256 0.8507 0.0066
vn -0.0756 0.9791 -0.1889
vn 0.4731 0.8613 -0.1852
vn -0.3825 -0.0115 0.9239
vn -0.3477 0.4171 0.8397
vn -0.8247 -0.0062 0.5655
vn -0.4008 -0.0101 0.9161
vn -0.7320 0.4606 0.5020
vn -0.3689 0.4119 0.8332
vn 0.4462 0.8917 0.0757
vn 0.1642 0.9677 0.1911
vn -0.9139 0.4039 0.0404
vn -0.8170 0.0731 -0.5719
vn -0.6186 0.3149 -0.7198
vn -0.1121 -0.2690 0.9566
vn -0.0653 0.8276 0.5575
vn 0.9682 -0.0904 0.2332
vn -0.2445 0.0580 -0.9679
vn 0.9518 -0.0897 -0.2932
vn 0.4138 -0.0086 0.9103
vn 0.2343 0.2913 0.9275
vn -0.1934 0.4580 -0.8677
vn -0.2053 -0.2374 -0.9495
vn -0.1989 -0.1429 -0.9695
vn -0.1632 0.4575 -0.8741
vn -0.2114 -0.2371 -0.9482
vn -0.1799 0.1960 -0.9640
vn -0.3199 -0.4415 0.8383
vn -0.1820 -0.6608 0.7281
vn -0.1743 -0.6591 0.7315
vn -0.0468 -0.3786 -0.9244
vn 0.0535 -0.2617 -0.9637
vn -0.0447 -0.4098 -0.9111
vn -0.0191 -0.2696 -0.9628
vn 0.0511 -0.3895 -0.9196
vn 0.1931 -0.1176 0.9741
vn 0.1571 -0.1695 0.9729
vn 0.3129 -0.2944 0.9030
vn -0.7701 0.4924 0.4055
vn -0.6560 0.5827 0.4798
vn -0.3783 0.0484 -0.9244
vn -0.3405 0.0176 -0.9401
vn -0.3385 -0.0040 -0.9410
vn -0.2223 0.0334 -0.9744
vn 0.8530 -0.0350 0.5207
vn 0.5060 -0.0209 0.8623
vn 0.8200 -0.1924 0.5391
vn -0.0032 -0.9097 -0.4151
vn 0.3729 -0.8388 0.3966
vn 0.0049 -0.7804 0.6253
vn -0.9360 0.3510 0.0267
vn -0.0000 0.9999 0.0135
vn -0.0068 0.9999 0.0136
vn -0.9825 0.1842 0.0280
vn 0.9365 0.0054 0.3505
vn 0.9451 -0.0235 -0.3258
vn 0.9666 -0.0153 -0.2560
vn 0.6421 -0.0000 0.7666
vn 0.2357 0.9428 0.2357
vn 0.2431 0.9468 0.2110
vn 0.5531 -0.4621 0.6932
vn 0.0171 -0.9215 0.3880
vn 0.0197 -0.8943 0.4471
vn -0.7070 0.0186 -0.7070
vn -1.0000 0.0038 -0.0000
vn -0.8254 0.0106 -0.5644
vn -0.9997 -0.0227 -0.0000
vn 0.5732 0.6053 -0.5523
vn 0.2696 0.9596 0.0810
vn 0.2802 0.9359 -0.2136
vn 0.5735 0.4915 -0.6554
vn 0.2358 0.9671 0.0955
vn 0.3264 0.7775 -0.5375
vn 0.3091 0.9433 0.1207
vn 0.3714 0.5571 -0.7428
vn 0.3680 -0.9269 0.0737
vn 0.9695 -0.1569 0.1883
vn 0.8411 0.1722 0.5127
vn -0.0000 0.9839 -0.1789
vn -0.0421 0.9990 -0.0140
vn 0.3546 0.9347 0.0228
vn 0.1667 0.9860 -0.0057
vn 0.1217 0.9859 -0.1151
vn 0.1142 0.9824 0.1475
vn 0.1778 0.9840 0.0114
vn 0.6366 0.6496 -0.4157
vn 0.1676 0.2760 0.9464
vn -0.3703 0.5153 0.7729
vn 0.5412 0.0210 0.8407
vn -0.1516 -0.4764 0.8661
vn -0.0800 -0.5155 0.8532
vn 0.2411 -0.8174 0.5231
vn 0.5487 -0.0000 0.8360
vn -0.7061 0.7061 -0.0537
vn 0.0025 0.9971 -0.0759
vn -0.8353 0.2728 -0.4773
vn 0.6301 0.1546 -0.7609
vn -0.0990 0.0990 -0.9901
vn 0.7292 0.6796 -0.0794
vn -0.4762 0.4219 -0.7715
vn -0.8809 -0.2271 0.4153
vn 0.9486 -0.0110 0.3162
vn 0.5547 0.0063 -0.8320
vn 0.8320 -0.0032 0.5547
vn 0.8319 0.0171 0.5546
vn 0.5547 -0.0064 -0.8320
vn 0.9896 0.0271 0.1414
vn -0.8126 0.3840 -0.4384
vn 0.2804 0.9533 -0.1122
vn -0.5774 0.5774 0.5774
vn -0.8269 0.4548 0.3308
vn -0.1448 0.7315 0.6663
vn -0.0000 0.9138 -0.4061
vn -0.0000 0.8682 0.4961
vn 0.6827 -0.7228 -0.1071
vn 0.5210 -0.7027 -0.4846
vn 0.4232 0.8962 0.1328
vn 0.3365 0.3443 -0.8765
vn -0.0050 0.2419 0.9703
vn 0.1664 0.2615 0.9508
vn -0.0075 0.2587 0.9659
vn 0.8956 0.4446 -0.0167
vn -0.2072 -0.0219 0.9780
vn -0.2155 -0.4509 0.8662
vn -0.2883 -0.2457 0.9255
vn -0.1765 -0.0623 0.9823
vn -0.1933 -0.0632 0.9791
vn -0.2011 -0.2419 0.9492
vn -0.4253 -0.9031 0.0600
vn -0.7998 -0.4687 0.3750
vn -0.5547 -0.2325 0.7989
vn -0.0000 0.4422 0.8969
vn -0.0000 0.4522 0.8919
vn -0.8388 0.3471 0.4194
vn -0.9742 0.0134 -0.2254
vn -0.9771 0.0151 -0.2121
vn -0.5780 0.0126 -0.8159
vn -0.9742 -0.0103 -0.2254
vn 0.6207 0.7797 0.0821
vn 0.9771 0.0264 -0.2113
vn 0.6556 0.6503 0.3838
vn 0.9697 -0.0303 0.2424
vn 0.7136 0.6833 -0.1543
vn 0.9759 -0.0473 0.2129
vn 0.0140 0.8699 -0.4931
vn -0.1022 0.4853 0.8684
vn 0.0058 0.9784 -0.2066
vn 0.5569 -0.3611 0.7480
vn -0.4403 -0.4584 0.7720
vn 0.4451 -0.4572 0.7700
vn -0.3383 0.1991 0.9198
vn -0.4983 -0.2399 -0.8332
vn 0.3893 -0.9003 -0.1947
vn -0.6320 -0.7728 0.0578
vn -0.2940 -0.9399 -0.1735
vn 0.3852 -0.9016 -0.1967
vn 0.3801 -0.9096 -0.1679
vn -0.3832 -0.8736 -0.3001
vn -0.0610 -0.5118 -0.8569
vn -0.1573 0.1624 -0.9741
vn 0.2237 0.6753 -0.7028
vn -0.0299 0.2845 -0.9582
vn 0.4543 0.1465 -0.8788
vn 0.0458 0.9989 -0.0076
vn 0.7495 -0.5466 0.3735
vn -0.1788 0.9274 0.3285
vn 0.7582 -0.5951 -0.2662
vn 0.7848 0.0515 -0.6176
vn 0.2080 -0.6116 0.7633
vn 0.1460 -0.7762 0.6133
vn 0.1315 -0.6422 0.7552
vn 0.2281 -0.6362 0.7371
vn -0.1979 0.0007 -0.9802
vn -0.1979 -0.0119 -0.9801
vn -0.5123 0.0256 -0.8584
vn 0.5037 0.7762 -0.3792
vn 0.6779 0.5722 -0.4616
vn 0.7169 0.4414 -0.5397
vn 0.2480 0.9064 -0.3420
vn 0.7163 0.6685 0.2001
vn -0.1193 0.9903 0.0716
vn 0.7119 0.6915 0.1225
vn 0.7005 0.7013 0.1323
vn 0.1961 -0.9806 -0.0000
vn 0.4487 0.7161 0.5347
vn 0.4031 -0.5801 0.7079
vn 0.6655 -0.6655 0.3380
vn 0.6349 -0.7107 0.3032
vn 0.9481 0.0460 -0.3147
vn 0.9256 0.0810 -0.3698
vn 0.9286 0.0052 -0.3711
vn -0.1391 -0.1493 -0.9790
vn -0.2169 -0.3807 -0.8989
vn 0.0712 0.8597 0.5058
vn -0.0254 0.9993 -0.0277
vn 0.1287 0.3853 0.9138
vn -0.0000 0.8087 -0.5882
vn -0.5239 0.8505 -0.0471
vn -0.0000 0.4151 -0.9098
vn -0.6382 -0.0405 -0.7688
vn -0.6705 -0.0414 0.7408
vn -0.4155 0.0249 -0.9092
vn -0.4156 0.0210 -0.9093
vn -0.3462 0.0552 0.9365
vn 0.4906 -0.1159 -0.8637
vn -0.2929 -0.5866 -0.7550
vn 0.4533 -0.0318 -0.8908
vn 0.2353 -0.6946 -0.6799
vn -0.2020 0.1364 0.9698
vn -0.8221 0.0793 0.5637
vn -0.8373 -0.5327 0.1234
vn -0.4739 -0.5923 0.6516
vn -0.2954 0.9554 -0.0000
vn -0.0087 0.8248 0.5654
vn 0.0336 0.7706 0.6364
vn -0.0070 0.9937 -0.1120
vn 0.0099 0.9682 -0.2499
vn 0.0364 0.9676 -0.2497
vn 0.9696 -0.0324 -0.2424
vn -0.9708 0.2068 -0.1214
vn -0.9698 0.2117 -0.1212
vn 0.2701 0.9522 0.1428
vn 0.1438 0.9721 -0.1850
vn 0.3511 -0.0000 0.9363
vn 0.3164 -0.2301 0.9203
vn 0.9322 -0.0785 0.3533
vn 0.9364 -0.0851 0.3405
vn 0.7209 -0.4089 0.5595
vn 0.8551 -0.3571 0.3759
vn 0.8646 0.0623 -0.4985
vn 0.2301 0.9369 -0.2630
vn 0.0378 -0.9956 0.0863
vn 0.9829 -0.0011 -0.1843
vn -0.8733 0.2456 0.4208
vn -0.8766 0.2952 0.3799
vn -0.4749 0.3246 0.8180
vn -0.0731 -0.9009 0.4278
vn -0.1359 -0.5905 0.7955
vn -0.1204 -0.8896 0.4405
vn -0.1441 -0.5401 0.8292
vn -0.1150 -0.6769 0.7271
vn -0.1262 -0.5455 0.8286
vn -0.3292 -0.5267 -0.7837
vn -0.6183 0.5723 -0.5387
vn -0.2016 -0.4225 -0.8837
vn -0.1873 -0.4104 -0.8925
vn -0.1414 0.8467 -0.5129
vn -0.0445 0.9336 0.3556
vn -0.5322 0.2149 0.8188
vn -0.5655 -0.1356 0.8135
vn -0.9184 0.2704 -0.2888
vn -0.9513 0.0747 -0.2992
vn -0.0194 0.5598 0.8284
vn -0.2987 0.4347 0.8496
vn 0.0768 0.5246 0.8479
vn -0.8098 0.0211 0.5863
vn 0.5682 0.0636 0.8204
vn 0.5461 0.0645 0.8352
vn -0.3156 0.0619 0.9469
vn -0.3154 0.0730 0.9462
vn 0.5692 0.0690 0.8193
vn 0.8310 0.0494 0.5540
vn 0.0494 -0.8274 -0.5595
vn 0.0490 -0.9681 -0.2459
vn -0.0021 -0.9726 -0.2323
vn -0.0037 -0.9080 -0.4190
vn 0.0432 -0.9720 -0.2308
vn 0.0498 -0.8274 -0.5595
vn 0.4117 -0.8608 -0.2994
vn 0.3563 -0.7774 0.5183
vn 0.0797 -0.2791 -0.9569
vn 0.2203 0.9213 0.3204
vn -0.1516 -0.4764 -0.8661
vn -0.0338 0.8760 0.4812
vn 0.0050 0.8670 0.4983
vn -0.0285 0.8317 0.5545
vn 0.0520 0.0008 0.9986
vn -0.6391 0.0042 0.7691
vn 0.0520 0.0047 0.9986
vn -0.0948 0.0091 0.9955
vn -0.3910 -0.3232 -0.8618
vn -0.3912 -0.6060 -0.6926
vn 0.8887 -0.0324 -0.4573
vn 0.8825 -0.0906 -0.4616
vn 0.8451 -0.0782 0.5289
vn -0.0178 -0.0483 -0.9987
vn 0.0227 -0.9997 -0.0000
vn -0.0109 -0.0437 -0.9990
vn -0.0323 -0.3946 -0.9183
vn 0.6247 0.7809 -0.0000
vn -0.7803 0.0390 -0.6242
vn -0.4464 0.0601 -0.8928
vn 0.8729 0.2182 0.4364
vn 0.2319 0.3052 0.9236
vn 0.6036 0.3906 0.6951
vn 0.3735 -0.0186 0.9275
vn 0.2885 -0.0119 0.9574
vn -0.8733 0.0618 -0.4832
vn 0.0270 -0.5457 0.8375
vn 0.0447 -0.5460 0.8366
vn 0.0314 -0.2329 0.9720
vn -0.0051 0.9492 -0.3146
vn -0.0042 0.5155 0.8569
vn 0.0056 0.9391 0.3436
vn 0.0143 -0.3575 0.9338
vn -0.0059 -0.7152 0.6989
vn 0.9630 0.2458 -0.1102
vn 0.9682 -0.2477 0.0361
vn 0.9005 0.4078 -0.1509
vn 0.2385 -0.6890 0.6844
vn 0.2604 -0.8146 0.5182
vn 0.2585 -0.8137 0.5207
vn 0.2467 -0.6310 0.7355
vn 0.2595 -0.8134 0.5206
vn -0.2674 0.8692 0.4160
vn 0.3562 0.1000 -0.9290
vn 0.6272 0.0553 -0.7769
vn -0.2636 -0.7532 -0.6026
vn 0.8682 -0.0000 -0.4961
vn 0.2289 0.7326 0.6410
vn 0.3673 -0.8681 -0.3339
vn -0.0745 0.8297 -0.5532
vn -0.0370 0.9991 0.0185
vn -0.0210 0.9230 -0.3842
vn -0.9792 0.0031 0.2028
vn -0.7808 0.0095 0.6247
vn -0.9792 0.0061 0.2028
vn -0.2515 -0.8039 -0.5389
vn -0.2605 -0.9208 -0.2902
vn -0.2518 -0.7954 -0.5513
vn 0.0833 0.6663 0.7410
vn 0.1393 0.9903 -0.0000
vn 0.1094 0.9318 0.3462
vn 0.1168 0.9932 -0.0000
vn 0.1385 0.9284 0.3449
vn 0.1087 0.8695 -0.4818
vn 0.0658 -0.7386 0.6710
vn 0.0742 -0.7312 0.6782
vn 0.0726 -0.7296 0.6800
vn 0.9906 0.1324 0.0342
vn 0.2165 0.9744 -0.0605
vn 0.2748 0.9591 0.0671
vn -0.8931 0.3344 0.3007
vn -0.5454 0.2926 0.7854
vn -0.8931 0.3745 0.2494
vn 0.9807 0.1872 -0.0562
vn 0.0757 -0.9438 0.3217
vn 0.1035 -0.6770 0.7287
vn 0.8436 -0.5298 0.0874
vn 0.3018 -0.9407 0.1552
vn -0.5728 0.1085 -0.8125
vn -0.2428 0.5253 0.8155
vn -0.7926 -0.2385 -0.5611
vn -0.8254 -0.4966 -0.2684
vn -0.3380 -0.9198 -0.1995
vn 0.6190 0.4895 0.6142
vn 0.6527 0.3930 0.6477
vn 0.2556 -0.4984 0.8284
vn -0.0749 0.8757 0.4770
vn -0.0458 0.8789 0.4748
vn 0.2863 0.4285 -0.8570
vn 0.6148 -0.7255 -0.3092
vn 0.3977 -0.9016 -0.1699
vn 0.4209 -0.9020 -0.0964
vn 0.6500 0.3399 -0.6797
vn 0.3080 -0.8784 -0.3655
vn 0.2926 -0.8154 -0.4994
vn 0.3896 -0.1220 0.9129
vn -0.9927 -0.0193 0.1193
vn -0.3787 -0.1129 0.9186
vn -0.9711 0.0196 -0.2379
vn -0.4100 0.1000 0.9066
vn -0.7383 0.2333 -0.6329
vn -0.7243 0.2149 0.6551
vn -0.7382 0.2113 0.6406
vn -0.6356 0.2003 -0.7456
vn 0.1173 -0.1759 0.9774
vn 0.0592 -0.3157 0.9470
vn -0.8182 -0.1818 0.5455
vn -0.6915 0.5768 0.4349
vn -0.7955 0.5418 0.2712
vn 0.7085 -0.0027 0.7057
vn 0.3487 -0.9300 0.1162
vn 0.6671 -0.7412 -0.0741
vn -0.0436 -0.3022 0.9522
vn -0.0445 -0.2263 0.9730
vn -0.2253 -0.3125 0.9228
vn 0.2610 0.9532 -0.1529
vn 0.2790 0.8453 -0.4556
vn -0.1313 0.6247 -0.7697
vn 0.0177 0.3054 0.9521
vn -0.0148 0.9238 0.3827
vn -0.2836 0.0341 -0.9584
vn 0.0484 -0.6878 -0.7243
vn 0.0157 -0.7340 -0.6790
vn -0.3517 -0.9356 0.0313
vn -0.2313 -0.9727 0.0206
vn -0.0786 0.9955 -0.0524
vn -0.1240 0.9923 -0.0000
vn 0.1674 0.5298 -0.8315
vn 0.1604 0.5317 -0.8316
vn 0.0533 0.9986 -0.0000
vn 0.1484 0.9114 -0.3838
vn 0.5278 -0.6361 -0.5628
vn -0.0108 0.9835 0.1808
vn -0.0071 0.9929 0.1186
vn 0.0082 0.9841 0.1774
vn -0.9924 -0.0119 -0.1226
vn -1.0000 -0.0062 -0.0000
vn -0.7755 -0.0480 -0.6296
vn -0.4949 -0.0709 -0.8661
vn -0.9701 0.0076 0.2425
vn -0.9699 0.0235 0.2425
vn -0.0000 -0.0707 -0.9975
vn -0.4950 -0.0678 -0.8662
vn 0.3319 0.9428 -0.0324
vn 0.2671 0.9634 0.0227
vn 0.3481 0.9372 0.0215
vn 0.7939 -0.5122 0.3278
vn 0.8337 -0.4835 0.2668
vn 0.9426 0.0185 0.3335
vn 0.8008 -0.4874 0.3482
vn 0.4450 -0.7504 0.4887
vn -0.8950 0.2957 -0.3340
vn -0.4395 0.0237 -0.8979
vn -0.9357 0.0496 -0.3492
vn -0.4983 0.0294 -0.8665
vn -0.1003 -0.4082 -0.9074
vn 0.0120 0.1218 -0.9925
vn -0.2094 -0.3597 -0.9092
vn -0.1139 -0.5163 -0.8488
vn -0.1978 0.1580 -0.9674
vn 0.3133 -0.9491 -0.0332
vn -0.3310 -0.9383 0.1003
vn -0.4169 -0.9086 -0.0245
vn 0.1652 -0.9506 0.2628
vn 0.0555 -0.9379 -0.3425
vn 0.1284 -0.9489 0.2883
vn 0.3201 -0.9460 0.0510
vn 0.1409 -0.9473 0.2878
vn -0.3263 -0.9406 -0.0941
vn -0.4162 -0.9090 0.0205
vn 0.4183 0.9069 -0.0511
vn 0.8944 -0.4472 -0.0000
vn -0.0076 0.9973 -0.0733
vn -0.5119 0.1412 -0.8473
vn -0.7854 -0.0673 -0.6153
vn -0.7594 0.1199 -0.6395
vn -0.7220 0.6767 -0.1440
vn -0.0580 0.0087 0.9983
vn -0.6176 0.0464 0.7851
vn -0.2881 0.6108 0.7375
vn 0.1766 0.4618 0.8692
vn 0.8993 0.1834 -0.3969
vn 0.9945 0.1047 -0.0000
vn 0.9941 0.1035 0.0332
vn 0.9942 0.1036 -0.0289
vn -0.0000 -0.9992 -0.0402
vn 0.7157 -0.6975 -0.0365
vn -0.6644 -0.7474 -0.0033
vn -0.0472 -0.9547 0.2939
vn 0.0423 -0.9724 0.2293
vn -0.0476 -0.9716 0.2317
vn -0.0013 -0.9049 0.4257
vn 0.6000 -0.8000 -0.0000
vn -0.0000 0.7474 -0.6644
vn -0.0403 0.9992 0.0079
vn -0.5241 -0.0089 0.8516
vn -0.3342 -0.4821 0.8099
vn -0.4234 -0.8288 0.3657
vn -0.3835 -0.6412 0.6647
vn -0.5159 -0.3147 0.7967
vn -0.4175 -0.4398 0.7952
vn -0.3373 -0.8503 0.4039
vn 0.9981 -0.0616 -0.0000
vn 0.8179 -0.0797 -0.5699
vn 0.5605 -0.0329 -0.8275
vn 0.8219 -0.0386 -0.5683
vn -0.0493 0.6647 0.7454
vn -0.0297 0.6756 -0.7367
vn -0.0599 -0.9972 0.0449
vn 0.7673 0.3191 -0.5562
vn 0.6985 0.3340 -0.6329
vn 0.4991 0.2732 -0.8224
vn 0.1354 0.9843 -0.1131
vn 0.4059 -0.0657 0.9115
vn -0.0756 0.2418 0.9674
vn 0.0143 -0.4753 -0.8797
vn 0.0280 -0.4060 -0.9135
vn 0.0561 -0.4055 -0.9124
vn 0.0295 -0.2605 -0.9650
vn -0.6591 0.6396 0.3957
vn -0.7205 0.6934 -0.0000
vn 0.0150 -0.8406 -0.5415
vn -0.0262 -0.1730 -0.9846
vn -0.0003 0.0080 -1.0000
vn 0.0076 -0.2533 -0.9674
vn -0.0230 0.0057 0.9997
vn -0.1337 -0.2631 0.9555
vn -0.1340 -0.2403 0.9614
vn 0.0109 -0.9999 -0.0000
vn -0.9890 0.1046 0.1046
vn -0.9428 0.2357 0.2357
vn 0.6850 -0.5021 -0.5279
vn -0.3920 -0.7947 -0.4636
vn 0.2606 -0.8339 -0.4865
vn 0.2394 0.9577 -0.1596
vn 0.0614 -0.2783 0.9585
vn 0.1789 -0.3843 0.9057
vn 0.0277 -0.4439 0.8956
vn 0.1316 -0.7164 0.6851
vn 0.2237 0.9668 0.1234
vn 0.7445 0.6290 0.2240
vn 0.2816 -0.6068 0.7433
vn 0.0584 0.9405 0.3349
vn 0.6822 -0.7247 0.0972
vn 0.7018 0.4386 -0.5614
vn 0.6903 0.7121 -0.1284
vn 0.2403 0.3605 -0.9013
vn 0.5539 0.8308 -0.0540
vn -0.0000 0.9988 -0.0487
vn -0.0160 0.8493 -0.5276
vn -0.0000 0.8517 -0.5241
vn -0.0273 0.9995 0.0156
vn -0.0284 0.3510 -0.9360
vn -0.0130 0.9999 -0.0000
vn -0.0145 0.6757 -0.7371
vn -0.0284 0.8395 -0.5427
vn -0.9262 0.1976 0.3211
vn -0.7945 0.5959 -0.1168
vn -0.7428 0.5571 0.3714
vn -0.4472 0.8944 -0.0000
vn -0.2646 0.8690 0.4182
vn 0.9427 0.0132 0.3334
vn 0.1211 -0.0000 0.9926
vn 0.2261 -0.0000 0.9741
vn -0.1546 0.6388 0.7537
vn 0.3465 -0.3049 0.8871
vn -0.2439 0.6492 0.7205
vn -0.8944 -0.4473 -0.0027
vn -0.0238 -0.9994 -0.0238
vn 0.0452 -0.9980 0.0452
vn -0.9926 0.1206 -0.0138
vn -0.9924 0.1233 -0.0030
vn 0.1403 0.1041 -0.9846
vn 0.0701 0.9228 -0.3790
vn -0.0916 0.9944 0.0523
vn -0.3054 0.7923 -0.5282
vn -0.6724 0.6159 -0.4106
vn 0.0424 0.4319 -0.9009
vn 0.4777 0.7478 0.4611
vn 0.5152 0.7097 0.4805
vn 0.5374 0.8229 -0.1844
vn 0.0016 0.9414 -0.3372
vn -0.0324 0.9919 -0.1225
vn -0.0244 0.9762 -0.2153
vn 0.0009 0.9831 -0.1830
vn -0.0022 0.9832 -0.1827
vn -0.0411 0.9755 -0.2161
vn -0.0322 0.9995 -0.0000
vn -0.0200 0.9998 -0.0000
vn -0.0344 0.9476 0.3177
vn -0.8466 -0.0332 -0.5312
vn 0.2391 0.1674 0.9565
vn -0.2221 0.1681 0.9604
vn -0.5099 0.1007 -0.8544
vn 0.0109 0.0022 -0.9999
vn -0.5740 0.0016 -0.8189
vn -0.5683 0.1404 -0.8108
vn 0.0416 -0.5653 -0.8238
vn 0.1437 0.9896 -0.0000
vn 0.9981 0.0371 -0.0494
vn -0.0133 0.9942 -0.1064
vn 0.9944 0.0250 0.1024
vn -0.0005 0.9942 -0.1072
vn -0.0268 0.9939 -0.1071
vn 0.1669 0.9852 -0.0380
vn 0.2501 0.9565 0.1504
vn 0.2639 0.9530 0.1489
vn -0.2731 0.9516 -0.1410
vn 0.1082 0.9927 -0.0541
vn 0.0877 0.9959 0.0242
vn 0.1068 0.9928 -0.0534
vn -0.0127 0.5780 -0.8160
vn 0.1975 -0.9385 0.2832
vn 0.1155 -0.7882 0.6045
vn 0.1504 -0.7812 0.6058
vn 0.1823 -0.8369 0.5160
vn -0.3464 -0.0124 0.9380
vn -0.3815 0.0325 0.9238
vn 0.4535 -0.0106 -0.8912
vn 0.0090 -0.9077 0.4195
vn 0.7698 0.3168 0.5541
vn 0.8503 0.5261 0.0106
vn 0.0801 0.9963 -0.0300
vn 0.4890 0.8528 -0.1834
vn -0.2124 0.3431 0.9150
vn -0.1656 -0.7375 0.6547
vn -0.1332 -0.7333 0.6667
vn -0.0638 0.9979 -0.0116
vn 0.0531 0.9886 -0.1409
vn -0.0854 0.9772 -0.1944
vn 0.5747 -0.4707 -0.6694
vn -0.0652 0.9979 -0.0000
vn -0.0235 -0.5299 -0.8478
vn -0.0567 -0.1794 -0.9821
vn -0.0235 0.5299 -0.8478
vn 0.0276 -0.0967 -0.9949
vn 0.0571 -0.7060 -0.7060
vn -0.9978 0.0645 -0.0175
vn -0.4089 -0.8280 -0.3837
vn -0.4615 -0.7702 -0.4401
vn -0.2844 -0.8531 -0.4375
vn -0.4758 -0.7176 -0.5086
vn 0.2822 -0.9580 0.0506
vn -0.4451 -0.8942 0.0472
vn 0.3511 -0.9363 -0.0000
vn 0.4555 -0.7785 -0.4318
vn 0.4632 -0.8045 -0.3718
vn 0.4596 -0.7798 -0.4250
vn 0.6681 -0.6754 -0.3121
vn 0.9966 0.0747 -0.0332
vn -0.2618 -0.2546 -0.9309
vn -0.3538 -0.1361 -0.9254
vn -0.2444 0.9690 -0.0350
vn -0.0175 0.9974 -0.0701
vn -0.4592 0.8860 0.0647
vn 0.0942 0.2415 0.9658
vn -0.6174 -0.4813 0.6223
vn -0.2302 0.8533 0.4678
vn -0.0204 0.9998 -0.0068
vn 0.0725 0.9230 -0.3780
vn 0.1258 0.7615 -0.6358
vn 0.1300 0.7631 -0.6331
vn -0.1741 0.6963 -0.6963
vn 0.0698 0.9968 -0.0399
vn -0.0767 0.9971 -0.0000
vn -0.9130 0.3814 -0.1450
vn -0.7788 0.3241 -0.5371
vn -0.7526 -0.6585 -0.0000
vn -0.0037 0.9708 -0.2399
vn 0.6884 0.7242 -0.0409
vn 0.0033 0.9984 -0.0564
vn 0.2701 0.9520 0.1440
vn 0.3096 0.9458 0.0977
vn 0.1541 -0.9469 -0.2822
vn 0.1622 -0.9582 -0.2359
vn 0.4444 0.1111 -0.8889
vn -0.9242 -0.0743 0.3747
vn -0.8762 -0.4513 -0.1689
vn -0.0490 -0.9988 -0.0041
vn -0.1009 -0.9949 -0.0084
vn -0.0049 0.2586 0.9660
vn -0.0128 0.2587 0.9659
vn -0.0023 0.3514 0.9362
vn 0.0016 0.2598 0.9656
vn -0.7532 0.2998 0.5855
vn -0.6326 0.7213 0.2821
vn -0.7424 0.3350 0.5801
vn -0.7114 0.6973 -0.0876
vn -0.3345 0.9308 -0.1473
vn -0.2858 0.9426 0.1726
vn -0.5035 0.1573 -0.8496
vn 0.8986 -0.2808 -0.3370
vn -0.0360 -0.9481 -0.3160
vn -0.0361 -0.9692 -0.2435
vn -0.7565 0.5247 0.3904
vn 0.2317 0.4633 -0.8554
vn 0.1881 -0.6945 -0.6945
vn 0.7372 -0.6559 -0.1626
vn 0.5697 -0.7075 -0.4181
vn 0.6973 -0.6960 -0.1717
vn -0.6933 -0.6933 -0.1964
vn -0.6362 -0.6362 -0.4365
vn -0.3414 -0.6501 -0.6788
vn -0.2890 -0.4569 -0.8413
vn 0.8184 -0.5371 -0.2046
vn 0.2425 -0.9701 -0.0000
vn 0.7287 0.3491 0.5891
vn 0.9676 -0.0180 -0.2520
vn 0.8343 -0.4768 -0.2768
vn 0.7711 -0.0454 -0.6351
vn 0.0981 -0.7037 0.7037
vn 0.0999 -0.7036 0.7036
vn -0.6902 0.6283 -0.3590
vn -0.2744 0.2658 -0.9242
vn -0.7447 0.6674 -0.0000
vn -0.6718 0.6432 -0.3675
vn -0.7144 -0.3843 -0.5847
vn -0.5571 -0.3714 -0.7428
vn -0.9722 -0.2292 0.0484
vn -0.9755 -0.2198 0.0112
vn -0.9619 0.2731 -0.0140
vn -0.9526 0.2854 0.1058
vn -0.3954 0.2864 -0.8727
vn 0.0267 0.1522 0.9880
vn 0.0352 0.2121 0.9766
vn -0.0267 -0.1500 0.9883
vn 0.9546 -0.0690 0.2897
vn 0.9638 -0.1359 0.2294
vn 0.3140 -0.9494 -0.0000
vn 0.3939 -0.9191 -0.0000
vn -0.0735 0.9062 -0.4164
vn 0.0447 0.4468 -0.8935
vn 0.0099 0.8924 -0.4511
vn -0.0182 0.8515 0.5240
vn -0.9714 -0.0012 -0.2373
vn -0.7042 0.0002 -0.7100
vn 0.9871 -0.1604 -0.0000
vn -0.7702 0.1445 -0.6212
vn -0.1296 -0.1168 0.9847
vn -0.0987 -0.3064 0.9468
vn -0.0094 -0.5980 -0.8015
vn 0.4466 -0.0522 -0.8932
vn -0.3434 -0.0400 -0.9384
vn 0.4470 -0.0283 -0.8941
vn 1.0000 -0.0031 -0.0000
vn -0.1036 0.2053 -0.9732
vn -0.2947 0.2466 -0.9232
vn 0.0316 -0.0250 -0.9992
vn -0.2245 0.3659 -0.9032
vn -0.4901 0.3516 -0.7976
vn 0.0745 0.0686 -0.9949
vn -0.5286 0.6258 0.5736
vn -0.6647 0.5507 0.5048
vn -0.7038 -0.0881 0.7049
vn -0.3297 -0.7633 0.5555
vn 0.0813 -0.9960 -0.0361
vn -0.0351 -0.9993 0.0156
vn -0.0503 -0.6577 -0.7516
vn 0.4940 -0.4717 0.7304
vn 0.5325 -0.3449 0.7730
vn -0.4973 0.0533 -0.8660
vn -0.5755 0.0503 -0.8162
vn -0.2033 -0.6505 0.7318
vn 0.3659 -0.9085 0.2019
vn -0.4118 -0.8896 0.1977
vn 0.3403 -0.6973 0.6309
vn -0.7981 0.0294 -0.6018
vn 0.2373 0.9294 0.2826
vn -0.4472 -0.0074 -0.8944
vn -0.8094 -0.0099 -0.5872
vn -0.6247 0.7809 -0.0000
vn -0.0026 0.0032 -1.0000
vn 0.9363 0.3511 -0.0000
vn -0.1160 0.7162 -0.6882
vn 0.0115 0.9930 0.1179
vn -0.0317 0.9914 0.1269
vn 0.0487 0.9562 0.2887
vn -0.2940 0.9526 0.0785
vn 0.5667 0.0684 -0.8211
vn 0.3689 -0.9083 -0.1973
vn 0.2921 -0.8666 0.4045
vn 0.3545 -0.9033 0.2415
vn -0.2166 0.8123 -0.5415
vn -0.3310 -0.8158 0.4743
vn -0.9258 0.0124 0.3778
vn -0.4470 -0.7236 -0.5259
vn -0.9657 0.0158 -0.2594
vn 0.4472 -0.0000 -0.8944
vn 0.0402 0.7643 -0.6436
vn -0.5444 0.7903 -0.2810
vn -0.6444 0.7543 -0.1256
vn 0.0577 0.9811 0.1847
vn -0.8095 0.0204 0.5868
vn -0.7998 0.0212 0.5999
vn 0.6242 0.0380 0.7803
vn 0.8318 0.0234 0.5545
vn -0.1976 -0.1802 -0.9636
vn -0.0016 -0.9994 -0.0334
vn -0.9897 -0.0178 -0.1423
vn -0.7103 0.7019 -0.0531
vn -0.9864 0.1624 0.0243
vn 0.5202 -0.2026 -0.8297
vn 0.5715 0.0395 0.8196
vn 0.5534 0.0692 0.8301
vn 0.9923 0.1240 -0.0059
vn -0.7087 0.3495 -0.6129
vn -0.3214 -0.9463 0.0357
vn -0.5044 -0.8575 -0.1009
vn -0.1644 -0.0000 0.9864
vn -0.0238 -0.2329 0.9722
vn -0.1269 -0.2882 0.9491
vn 0.0059 -0.1892 0.9819
vn -0.0614 -0.1851 0.9808
vn -0.0615 -0.1787 0.9820
vn -0.0274 -0.3106 0.9501
vn 0.3011 0.0125 -0.9535
vn 0.2636 0.0333 -0.9641
vn 0.3064 0.0367 -0.9512
vn 0.8091 0.5859 0.0444
vn 0.9264 0.3755 0.0285
vn 0.3548 0.9347 0.0219
vn 0.0050 -0.5105 0.8598
vn -0.5140 -0.0451 0.8566
vn -0.8102 -0.0338 0.5852
vn 0.5298 -0.0265 0.8477
vn 0.0849 0.9886 -0.1246
vn 0.0526 0.9986 0.0110
vn 0.0939 0.9954 -0.0214
vn -0.7993 -0.0653 0.5974
vn -0.5201 0.4062 -0.7513
vn -0.2464 0.8637 0.4397
vn -0.8439 -0.0583 0.5334
vn -0.2419 -0.1381 -0.9604
vn -0.3739 0.0235 -0.9272
vn -0.3053 0.0157 -0.9521
vn -0.2131 -0.0761 -0.9741
vn -0.2068 -0.1392 -0.9684
vn -0.3736 0.0472 -0.9264
vn -0.1128 -0.6374 0.7623
vn -0.0928 -0.9490 0.3014
vn -0.0828 -0.4983 0.8630
vn -0.0628 -0.6498 0.7575
vn -0.9268 -0.0053 -0.3754
vn -0.9268 0.0088 -0.3754
vn -0.9683 0.2358 0.0829
vn -0.4038 0.1694 -0.8990
vn -0.4097 0.0214 -0.9120
vn 0.0735 0.8852 0.4594
vn 0.7594 -0.3609 0.5414
vn 0.0094 -0.1194 0.9928
vn -0.0081 -0.5358 0.8443
vn 0.0311 -0.7221 0.6910
vn 0.6939 -0.3053 0.6521
vn 0.4546 0.8036 -0.3842
vn -0.1040 0.8859 0.4520
vn 0.9048 0.4205 0.0669
vn 0.6922 0.7119 -0.1187
vn 0.1143 -0.9905 -0.0762
vn 0.9682 0.0193 0.2493
vn 0.3671 -0.8974 -0.2447
vn -0.7056 -0.1761 0.6864
vn -0.7046 -0.1764 0.6873
vn 0.1731 0.5735 -0.8007
vn 0.0110 -0.8112 0.5847
vn -0.0132 -0.3575 0.9338
vn 0.0135 -0.9223 0.3862
vn -0.0066 -0.6118 0.7910
vn -0.9764 -0.2156 0.0133
vn -0.9644 -0.2282 -0.1338
vn 0.0777 0.9922 0.0971
vn 0.3034 0.9527 -0.0166
vn 0.2154 0.9764 0.0166
vn 0.2237 0.9744 -0.0202
vn 0.2127 0.9528 -0.2167
vn 0.2588 0.9612 -0.0951
vn 0.2553 0.9521 -0.1685
vn 0.2852 0.9581 -0.0257
vn -0.5910 0.4744 0.6524
vn -0.0792 -0.7259 -0.6832
vn 0.0973 -0.3303 -0.9389
vn 0.0618 -0.0324 0.9976
vn 0.0652 -0.0255 0.9975
vn 0.2791 0.9589 -0.0507
vn 0.3583 0.5311 0.7678
vn 0.8321 0.5547 -0.0000
vn 0.9840 -0.0432 0.1728
vn 0.9838 0.0021 -0.1793
vn 0.9849 -0.0020 0.1730
vn -0.0213 -0.9954 -0.0932
vn 0.8134 -0.3451 0.4683
vn -0.0000 -0.4215 0.9068
vn -0.0000 -0.4369 0.8995
vn 0.0022 -0.9349 0.3550
vn -0.0181 -0.9913 -0.1304
vn -0.0813 -0.9887 0.1262
vn -0.0011 -0.9838 -0.1794
vn -0.2746 0.4137 -0.8680
vn 0.0018 0.8514 0.5245
vn 0.0738 -0.2070 0.9756
vn 0.0302 -0.9977 0.0605
vn 0.0082 0.8505 0.5259
vn -0.0283 0.9992 -0.0283
vn 0.0411 0.3508 0.9355
vn -0.0558 -0.2683 0.9617
vn 0.4806 0.2924 -0.8267
vn -0.6806 0.1229 -0.7223
vn -0.0123 0.8203 0.5718
vn -0.0103 0.5665 0.8240
vn -0.8647 -0.4793 -0.1504
vn -0.9330 0.1417 -0.3307
vn 0.5240 -0.6714 0.5240
vn 0.3527 -0.8521 0.3868
vn 0.1750 -0.7277 0.6632
vn 0.4924 -0.7926 0.3597
vn 0.0020 0.0414 -0.9991
vn -0.0540 -0.9985 -0.0000
vn -0.4435 -0.3968 0.8036
vn 0.1027 -0.7244 -0.6817
vn 0.9703 -0.2418 0.0058
vn -0.0000 -0.9989 -0.0467
vn -0.2395 0.0080 -0.9709
vn -0.2291 0.0353 -0.9728
vn 0.0586 0.5567 0.8286
vn 0.0934 0.5553 0.8264
vn 0.0286 0.2142 0.9764
vn 0.0115 0.0760 0.9970
vn 0.1021 0.5966 0.7960
vn 0.7972 -0.5379 -0.2741
vn -0.9861 -0.1608 0.0429
vn -0.9923 -0.1240 -0.0000
vn -0.9347 0.0584 0.3505
vn 0.3279 0.7742 0.5415
vn 0.9487 0.3162 -0.0000
vn 0.8561 0.4234 0.2962
vn -0.5747 0.2873 0.7663
vn -0.0872 0.0925 -0.9919
vn 0.5721 -0.0845 0.8158
vn 0.9999 0.0150 -0.0000
vn 0.9998 0.0165 -0.0110
vn 0.0416 0.0552 -0.9976
vn -0.2881 0.0713 0.9549
vn -0.0357 0.5147 0.8566
vn -0.1066 0.8893 0.4447
vn -0.3273 0.9383 -0.1114
vn 0.2781 -0.9606 -0.0000
vn -0.3763 0.8868 -0.2683
vn -0.0542 -0.3506 0.9350
vn -0.1325 0.0597 -0.9894
vn -0.1333 0.0580 -0.9894
vn 0.1382 -0.0611 -0.9885
vn 0.1064 0.9921 -0.0663
vn 0.4656 0.8363 -0.2893
vn 0.1388 0.9887 0.0572
vn 0.0985 0.9949 0.0202
vn 0.8517 -0.1271 0.5085
vn 0.2993 -0.0280 0.9538
vn -0.0542 -0.2096 -0.9763
vn -0.8791 -0.0169 0.4764
vn -0.0095 0.8963 -0.4434
vn 0.0034 0.2712 -0.9625
vn 0.0236 0.3292 -0.9440
vn -0.0102 0.2693 -0.9630
vn -0.5320 -0.5791 -0.6178
vn -0.6302 -0.5310 -0.5665
vn -0.6263 -0.5406 -0.5617
vn -0.5407 -0.5539 -0.6331
vn -0.6962 -0.7024 0.1484
vn -0.6189 0.3094 0.7220
vn -0.7071 -0.0000 -0.7071
vn -0.0536 0.9986 0.0016
vn -0.0057 0.9946 0.1040
vn -0.0536 0.9986 -0.0030
vn -0.0544 0.9985 -0.0015
vn 0.5167 0.4452 0.7313
vn 0.6606 -0.0000 0.7507
vn -0.3688 -0.6594 -0.6551
vn -0.0310 0.6669 -0.7445
vn -0.5142 0.0316 -0.8571
vn -0.3173 -0.0089 0.9483
vn 0.0246 0.1036 -0.9943
vn 0.0591 0.5385 -0.8406
vn -0.9793 0.0152 0.2017
vn 0.6266 0.6042 0.4923
vn 0.6435 0.6519 0.4012
vn 0.0751 0.8749 -0.4785
vn -0.5811 -0.0153 0.8137
vn -0.0125 -0.6393 0.7688
vn -0.6718 -0.1706 0.7209
vn -0.1416 -0.7562 0.6389
vn -0.3532 0.3685 -0.8599
vn -0.5272 0.2921 -0.7979
vn 0.3119 0.9410 0.1316
vn -0.8659 0.3419 -0.3652
vn 0.2377 0.7470 0.6209
vn 0.3573 0.0364 0.9333
vn 0.9901 -0.1375 -0.0275
vn 0.9586 0.2829 -0.0333
vn -0.0060 -0.2330 -0.9725
vn -0.1049 -0.4565 -0.8835
vn -0.0059 -0.2972 -0.9548
vn -0.2578 -0.8043 -0.5354
vn -0.3730 -0.7676 -0.5211
vn -0.0023 0.9930 0.1184
vn 0.0424 0.9888 0.1433
vn 0.0448 0.9942 0.0973
vn 0.0520 0.9914 0.1203
vn -0.1254 0.9733 0.1922
vn 0.0170 -0.6632 0.7482
vn 0.6942 -0.2161 0.6866
vn 0.9529 -0.3032 -0.0000
vn -0.0498 -0.6657 0.7446
vn -0.2257 -0.0608 0.9723
vn -0.1919 -0.0612 0.9795
vn -0.0220 0.9998 -0.0000
vn 0.5294 -0.0269 0.8479
vn -0.2172 0.9122 -0.3475
vn 0.7208 0.0860 -0.6878
vn 0.4286 -0.8859 -0.1772
vn 0.4402 -0.8805 -0.1761
vn 0.3009 -0.8290 -0.4713
vn 0.3192 -0.9261 -0.2012
vn 0.2842 -0.8167 -0.5022
vn 0.0622 -0.0746 0.9953
vn 0.3593 -0.7860 -0.5031
vn 0.6888 -0.6126 -0.3877
vn 0.6305 -0.7093 -0.3152
vn -0.1318 -0.1777 0.9752
vn -0.2015 -0.1825 0.9623
vn 0.0719 0.1862 -0.9799
vn 0.4004 0.6034 -0.6896
vn -0.2704 -0.9613 -0.0521
vn -0.1775 -0.9817 -0.0692
vn -0.1727 -0.9776 -0.1201
vn -0.1759 -0.9823 -0.0647
vn -0.2348 -0.9677 -0.0916
vn -0.8995 -0.2252 -0.3744
vn 0.9898 -0.1389 0.0304
vn -0.3995 0.4494 -0.7990
vn 0.0454 0.0190 -0.9988
vn -0.1617 -0.7181 -0.6769
vn -0.1139 -0.9238 -0.3655
vn -0.0775 -0.7540 -0.6523
vn 0.0330 0.8219 0.5687
vn 0.6198 -0.5549 0.5549
vn 0.6198 -0.2692 0.7372
vn 0.5720 -0.0000 0.8203
vn -0.1849 -0.2384 0.9534
vn -0.0024 -0.9724 -0.2334
vn -0.0219 -0.9721 -0.2334
vn 0.2063 -0.0381 0.9777
vn -0.0147 0.9985 0.0524
vn 0.2029 0.3181 0.9261
vn 0.0061 0.9997 -0.0216
vn 0.5546 0.0144 0.8320
vn 0.8396 0.0125 0.5431
vn 0.5547 -0.0000 0.8321
vn -0.0245 0.2996 0.9537
vn -0.3893 -0.5527 0.7369
vn -0.2732 -0.8497 0.4509
vn -0.3995 -0.4494 0.7990
vn -0.1310 -0.9029 -0.4095
vn -0.0178 -0.7003 0.7137
vn 0.4240 0.8480 -0.3180
vn -0.9091 -0.1010 -0.4041
vn 0.6516 0.0903 -0.7532
vn 0.0459 -0.8444 -0.5337
vn 0.2250 -0.7974 -0.5599
vn -0.0141 0.9485 0.3165
vn 0.0534 0.9505 0.3060
vn 0.2701 0.9200 -0.2839
vn 0.2692 0.8270 0.4935
vn 0.6800 0.0943 -0.7271
vn 0.6394 0.0982 -0.7626
vn -0.0272 -0.8044 0.5935
vn -0.1328 -0.8068 0.5757
vn -0.3204 -0.9153 -0.2441
vn -0.1093 0.7183 -0.6871
vn -0.0325 0.9988 0.0372
vn 0.0052 -0.9256 -0.3785
vn 0.0217 -0.9230 -0.3842
vn 0.0102 -0.6762 -0.7366
vn 0.5827 -0.0279 0.8122
vn -0.1644 0.0106 0.9863
vn 0.4721 0.0013 0.8815
vn 0.4661 -0.0284 0.8843
vn 0.4753 0.0010 0.8798
vn 0.1204 -0.9631 -0.2408
vn 0.1109 -0.9688 -0.2219
vn -0.1213 0.9701 0.2104
vn 0.0117 0.7474 -0.6643
vn 0.9504 0.0856 -0.2991
vn 0.5055 -0.8317 -0.2297
vn 0.7799 0.1721 -0.6018
vn 0.3581 -0.6408 -0.6790
vn 0.3577 0.7631 -0.5383
vn -0.1317 -0.1993 -0.9710
vn 0.0750 0.1032 -0.9918
vn -0.1396 -0.1844 -0.9729
vn 0.0107 0.0081 -0.9999
vn 0.9804 -0.0510 0.1904
vn 0.9732 0.0594 -0.2221
vn 0.1262 -0.0029 -0.9920
vn 0.0054 0.2261 -0.9741
vn -0.0101 0.3187 -0.9478
vn -0.0103 0.9999 -0.0000
vn 0.3707 0.7413 -0.5595
vn -0.8870 0.0039 -0.4617
vn -0.9714 0.0067 -0.2373
vn 0.0050 -0.5523 0.8336
vn 0.0249 -0.5521 0.8334
vn 0.8684 0.1010 0.4854
vn -0.0017 0.9894 0.1454
vn 0.0096 0.9929 0.1186
vn -0.9522 -0.2976 0.0689
vn -0.4467 -0.0093 0.8947
vn -0.6122 -0.2363 0.7546
vn -0.4907 0.2508 0.8344
vn -0.2638 -0.9473 0.1815
vn 0.2632 -0.9508 0.1632
vn 0.2723 -0.9262 0.2607
vn 0.1413 0.4367 0.8885
vn 0.5836 0.0140 -0.8119
vn 0.9556 0.0101 -0.2944
vn 0.2800 0.9589 -0.0467
vn 0.5761 0.7704 -0.2732
vn -0.0450 -0.0737 0.9963
vn 0.0470 0.0620 0.9970
vn 0.0452 0.0643 0.9969
vn -0.0158 -0.6777 -0.7352
vn -0.2967 0.2904 0.9097
vn 0.3099 -0.3026 0.9013
vn -0.0075 0.2983 -0.9545
vn -0.0059 0.6607 -0.7506
vn -0.1538 0.0846 -0.9845
vn -0.0122 0.7198 -0.6941
vn 0.2319 -0.6248 -0.7455
vn 0.5743 -0.0970 0.8129
vn -0.0074 -0.9551 0.2963
vn -0.0338 -0.5726 0.8192
vn -0.0210 -0.5389 0.8421
vn -0.0025 -0.5734 0.8193
vn 0.8408 -0.4378 -0.3184
vn -0.0090 0.3511 0.9363
vn -0.0177 -0.1327 0.9910
vn 0.5986 0.4499 -0.6628
vn -0.3436 -0.0314 0.9386
vn -0.2453 -0.0596 0.9676
vn -0.5567 -0.8119 -0.1756
vn 0.0056 0.0128 -0.9999
vn -0.2216 0.9751 -0.0000
vn 0.5534 0.0692 -0.8301
vn -0.5534 0.6225 -0.5534
vn 0.4646 -0.6448 -0.6069
vn 0.1676 -0.6376 -0.7519
vn 0.1259 -0.8156 -0.5647
vn 0.6665 -0.6473 0.3699
vn -0.4979 0.0166 -0.8671
vn -0.3116 0.0346 -0.9496
vn -0.3772 0.0485 -0.9249
vn -0.0221 0.9998 -0.0000
vn -0.1769 0.6960 -0.6960
vn 0.6562 0.1973 -0.7283
vn 0.2085 0.2557 -0.9440
vn -0.0927 0.9831 -0.1580
vn 0.5544 -0.7915 -0.2572
vn 0.9757 0.1866 0.1146
vn 0.0444 -0.9990 -0.0000
vn -0.1520 -0.6858 -0.7118
vn -0.1423 -0.6810 -0.7183
vn -0.4026 0.8499 -0.3400
vn -0.6502 0.7054 -0.2822
vn -0.9796 -0.0053 -0.2007
vn -0.9534 0.3015 0.0141
vn -0.9544 0.2982 0.0144
vn 0.0819 -0.0393 0.9959
vn 0.4532 -0.8699 -0.1947
vn 0.4382 -0.8940 0.0941
vn 0.7494 -0.6585 0.0693
vn 0.7429 -0.6669 -0.0588
vn 0.6844 -0.4650 0.5616
vn 0.3315 -0.7165 0.6138
vn 0.6682 -0.5734 0.4741
vn -0.0899 0.0078 -0.9959
vn 0.0523 -0.0130 -0.9985
vn 0.2830 -0.0013 -0.9591
vn 0.6096 -0.0142 -0.7925
vn 0.6096 -0.0199 -0.7925
vn -0.0899 -0.0211 -0.9957
vn -0.2099 -0.1538 -0.9656
vn -0.1302 -0.5487 -0.8258
vn -0.2194 -0.5559 -0.8017
vn -0.3429 0.9353 0.0869
vn -0.7035 -0.6995 -0.1258
vn -0.7017 0.7104 0.0548
vn 0.0030 -0.9208 0.3900
vn 0.0210 -0.8569 0.5150
vn 0.0219 -0.8901 0.4553
vn -0.0015 -0.6288 0.7776
vn 0.0059 -0.6288 0.7776
vn -0.0005 -0.8903 0.4554
vn 0.0265 0.0686 0.9973
vn 0.0113 -0.0701 0.9975
vn 0.0060 -0.0468 0.9989
vn 1.0000 -0.0002 -0.0030
vn 0.0948 0.2637 -0.9599
vn 0.8825 0.4191 0.2134
vn 0.1482 -0.8331 -0.5329
vn 0.6128 0.0329 -0.7896
vn 0.8134 0.0242 -0.5811
vn -0.3890 0.9171 -0.0873
vn -0.0189 0.9954 -0.0943
vn 0.6345 0.6980 -0.3319
vn 0.0209 0.9943 0.1047
vn 0.9829 0.0229 -0.1829
vn 0.7696 -0.3154 -0.5551
vn 0.8343 0.0684 -0.5471
vn 0.2010 -0.0128 -0.9795
vn -0.6015 -0.0046 -0.7989
vn -0.4472 -0.0104 -0.8944
vn -0.0534 -0.9986 0.0062
vn -0.0512 -0.9987 0.0059
vn -0.0987 -0.9052 0.4133
vn -0.0880 -0.9066 0.4127
vn -0.0585 -0.9599 0.2743
vn 0.4305 0.5832 0.6889
vn 0.5162 0.2271 0.8258
vn -0.5748 -0.3173 0.7543
vn -0.5863 -0.1372 0.7984
vn -0.6955 -0.3375 0.6343
vn 0.7237 0.2780 0.6316
vn -0.2086 -0.9733 0.0956
vn -0.0000 -0.9981 -0.0624
vn 0.0538 0.9985 0.0031
vn 0.0539 0.9985 -0.0016
vn 0.2154 -0.9690 -0.1211
vn 0.1137 0.1194 -0.9863
vn -0.2120 -0.5148 -0.8307
vn -0.1684 -0.2152 -0.9619
vn -0.0818 -0.4817 -0.8725
vn -0.1426 -0.4706 -0.8708
vn -0.1088 -0.5884 -0.8012
vn 0.0977 0.8678 0.4872
vn 0.1176 0.8659 0.4861
vn 0.5377 0.5592 -0.6309
vn 0.6978 0.0821 -0.7115
vn 0.1404 -0.4813 0.8652
vn -0.7143 0.6485 -0.2632
vn -0.7157 0.6471 -0.2627
vn -0.0779 -0.9970 -0.0000
vn 0.0256 -0.1693 -0.9852
vn -0.0775 -0.9502 0.3018
vn -0.5015 0.5441 -0.6727
vn -0.2020 0.9746 -0.0964
vn 0.0984 -0.7684 0.6324
vn 0.7464 -0.0690 0.6619
vn 0.4351 -0.8683 0.2381
vn 0.3935 -0.9187 0.0348
vn 0.1630 0.9650 -0.2054
vn 0.3202 0.9397 -0.1203
vn 0.1492 0.9181 0.3672
vn 0.7926 -0.5661 -0.2265
vn 0.0175 -0.9956 0.0923
vn 0.8092 -0.5790 -0.0998
vn -0.3232 -0.1059 0.9404
vn 1.0000 0.0096 -0.0000
vn -0.3267 0.4367 0.8382
vn -0.3290 -0.0157 -0.9442
vn -0.2256 0.1762 -0.9582
vn 0.4433 0.8441 -0.3018
vn -0.6585 0.7526 -0.0000
vn -0.1108 0.9771 0.1818
vn -0.6667 0.7327 0.1363
vn 0.4836 0.2123 0.8492
vn 0.2778 0.2330 0.9320
vn 0.2078 0.5957 0.7758
vn 0.2563 -0.1367 0.9569
vn 0.0134 -0.8309 -0.5562
vn -0.6725 0.2233 -0.7056
vn -0.4514 0.8633 0.2257
vn -0.9916 -0.1240 -0.0359
vn -0.1272 0.9587 0.2544
vn -0.9336 0.3501 0.0768
vn -0.3140 -0.0635 -0.9473
vn -0.2960 -0.0628 -0.9531
vn -0.5300 0.8480 -0.0000
vn 0.5117 -0.8365 0.1961
vn 0.3893 0.8968 -0.2102
vn 0.9988 -0.0170 0.0453
vn -0.0953 -0.9572 0.2735
vn 0.5739 -0.5653 -0.5925
vn -0.0535 0.0488 -0.9974
vn -0.7105 -0.4832 0.5116
vn -0.4653 -0.4266 0.7756
vn -0.6708 0.0463 0.7402
vn -0.8534 0.0325 0.5202
vn 0.3742 -0.7125 -0.5936
vn 0.3928 -0.7882 -0.4738
vn -0.5980 0.0034 0.8015
vn 0.0074 -0.0163 0.9998
vn 0.0074 -0.0043 1.0000
vn -0.5599 0.0134 0.8285
vn -0.1073 -0.6031 0.7904
vn -0.1569 -0.7930 0.5886
vn -0.8430 0.3439 -0.4136
vn -0.8690 0.3680 0.3309
vn -0.6622 -0.1232 -0.7392
vn -0.5780 -0.3853 -0.7193
vn 0.4616 -0.6858 0.5627
vn -0.6963 -0.1741 0.6963
vn -0.2383 -0.2356 0.9422
vn 0.8842 0.3864 0.2626
vn 0.5298 -0.0249 0.8477
vn 0.0389 0.9407 -0.3370
vn -0.0392 0.9938 -0.1037
vn 0.0366 0.9943 -0.0997
vn 0.0367 0.9943 -0.0998
vn -0.7390 -0.2332 -0.6320
vn -0.5668 -0.3169 -0.7605
vn -0.8449 0.0908 0.5272
vn 0.8471 -0.3897 -0.3614
vn 0.0046 -0.7332 -0.6800
vn 0.0046 0.7332 -0.6800
vn -0.4261 -0.0822 0.9009
vn -0.8943 0.0198 -0.4471
vn -0.2301 0.9699 0.0792
vn 0.6576 -0.5327 0.5327
vn 0.1465 0.7229 0.6752
vn -0.2917 0.9482 0.1260
vn 0.0093 -0.6306 0.7761
vn 0.0180 -0.5038 0.8636
vn 0.3208 0.9444 0.0720
vn -0.3615 -0.2533 0.8973
vn 0.0179 0.0836 0.9963
vn -0.0587 -0.7782 -0.6252
vn -0.0104 -0.9798 -0.1996
vn -0.0562 -0.9824 -0.1779
vn -0.0421 -0.5914 -0.8053
vn -0.1072 -0.7719 -0.6266
vn -0.0527 -0.9802 -0.1910
vn 0.0109 0.9936 -0.1127
vn -0.9017 0.4184 0.1091
vn -0.9604 -0.0052 0.2785
vn -0.6188 0.0782 0.7816
vn -0.8000 0.6000 -0.0000
vn 0.7845 -0.1961 0.5883
vn -0.7439 0.3680 -0.5579
vn 0.2224 -0.8212 -0.5256
vn -0.1804 0.1191 0.9764
vn -0.5938 0.1180 0.7959
vn -0.1817 0.0029 0.9833
vn 0.0466 -0.8975 0.4386
vn 0.1546 0.9878 0.0205
vn 0.0613 0.7861 0.6150
vn 0.1556 0.9867 0.0465
vn -0.5756 0.6502 0.4960
vn -0.6580 0.5871 -0.4715
vn -0.8615 0.0191 -0.5075
vn -0.7948 0.0488 0.6048
vn 0.0885 -0.6428 -0.7609
vn 0.0894 -0.8446 -0.5279
vn -0.3146 0.0167 -0.9491
vn -0.3053 0.0072 -0.9522
vn 0.1352 0.8232 0.5515
vn 0.0773 0.7138 -0.6961
vn 0.0940 0.8332 0.5449
vn 0.1124 0.7114 -0.6938
vn -0.6672 0.7176 0.1998
vn -0.7048 0.6143 0.3549
vn 0.0109 0.8534 0.5211
vn 0.1059 0.8468 0.5213
vn -0.5914 0.2631 -0.7622
vn -0.4141 0.1851 -0.8912
vn -0.4212 0.1710 -0.8907
vn -0.0963 0.3914 0.9152
vn 0.7055 -0.4847 0.5170
vn 0.3424 -0.8173 0.4635
vn 0.9918 0.0310 -0.1240
vn 0.9267 0.3276 0.1839
vn -0.6526 0.6596 -0.3729
vn -0.0036 0.4331 -0.9013
vn 0.0190 -0.8084 0.5883
vn -0.4937 0.0491 -0.8682
vn -0.0963 0.0101 -0.9953
vn -0.0065 -0.4068 0.9135
vn -0.0124 -0.5154 0.8568
vn -0.0055 0.6232 0.7820
vn -0.6659 0.2359 0.7078
vn -0.1785 0.9416 -0.2856
vn -0.6562 0.5417 0.5253
vn -0.6639 0.2365 0.7095
vn -0.0027 -0.4608 -0.8875
vn 0.1963 -0.3833 -0.9025
vn -0.3841 -0.7682 0.5121
vn 0.1341 -0.4960 -0.8579
vn 0.6232 0.7584 -0.1909
vn -0.0253 0.9956 -0.0900
vn 0.9854 0.1665 0.0366
vn 0.0494 -0.9367 0.3468
vn -0.0284 -0.9931 0.1135
vn 0.2152 -0.4612 -0.8608
vn 0.8515 0.2945 -0.4338
vn 0.1540 0.9081 -0.3894
vn 0.1543 0.9077 0.3901
vn -0.0497 0.9987 -0.0064
vn -0.0156 -0.0727 0.9972
vn -0.0642 -0.6605 0.7481
vn -0.0019 -0.0818 0.9967
vn -0.2357 0.8957 0.3771
vn -0.0936 0.9945 -0.0468
vn 0.0736 0.4200 0.9045
vn 0.1394 0.7886 0.5989
vn 0.1982 0.9800 0.0198
vn 0.2902 0.9565 0.0290
vn -0.0053 0.3534 0.9354
vn 0.0153 0.4418 0.8970
vn 0.1388 -0.4821 -0.8651
vn -0.7270 0.0037 -0.6866
vn -0.7270 0.0012 -0.6866
vn -0.0809 0.7938 -0.6027
vn -0.0869 0.7946 -0.6009
vn -0.0743 0.8298 -0.5532
vn -0.4236 0.8733 0.2407
vn -0.1162 0.3487 -0.9300
vn 0.0480 -0.5265 0.8489
vn 0.3503 -0.8911 -0.2885
vn 0.9682 0.0091 -0.2500
vn -0.4420 -0.4322 0.7860
vn -0.6427 0.4450 0.6236
vn -0.0400 0.9964 0.0754
vn 0.3757 0.9001 -0.2208
vn 0.3989 0.8931 -0.2081
vn 0.3271 -0.8933 -0.3082
vn 0.6470 0.0946 -0.7566
vn -0.1682 0.8202 0.5468
vn -0.3381 -0.6513 -0.6793
vn 0.0884 0.1538 -0.9841
vn -0.0314 -0.0745 0.9967
vn -0.0364 -0.0681 0.9970
vn -0.1107 -0.1773 0.9779
vn 0.6042 0.7377 0.3012
vn 0.7312 0.5561 -0.3949
vn 0.7444 0.2683 -0.6114
vn -0.0313 -0.9984 -0.0470
vn -0.6347 0.4287 -0.6430
vn -0.3845 -0.6151 -0.6883
vn -0.3004 0.9538 -0.0000
vn -0.6434 0.4247 -0.6370
vn 0.0478 -0.3205 0.9460
vn 0.0468 -0.2806 0.9587
vn -0.0499 0.0560 -0.9972
vn -0.4931 -0.6704 0.5545
vn -0.5967 -0.8025 -0.0000
vn 0.2029 -0.8598 -0.4686
vn -0.1196 -0.4577 0.8810
vn 0.4150 0.8992 0.1383
vn -0.5589 -0.6986 0.4467
vn -0.9672 0.2341 -0.0983
vn -0.1775 -0.6829 0.7086
vn -0.2552 -0.4549 0.8532
vn 0.9649 -0.2600 0.0376
vn 0.0445 -0.0318 -0.9985
vn -0.5968 0.0157 -0.8022
vn 0.0005 -0.8788 -0.4772
vn 0.0216 -0.8786 -0.4770
vn -0.9138 -0.4061 -0.0000
vn -0.2272 -0.9187 0.3231
vn -0.7170 -0.5233 0.4605
vn -0.7730 0.1415 0.6184
vn 0.3207 0.0014 0.9472
vn -0.3192 0.0970 -0.9427
vn 0.4518 -0.6293 0.6323
vn 0.4443 -0.2044 0.8722
vn 0.3577 -0.9021 0.2412
vn 0.2872 -0.8421 0.4564
vn 0.3498 -0.8293 0.4358
vn 0.3360 -0.8201 0.4633
vn 0.8234 0.5525 0.1299
vn 0.7758 0.6190 0.1224
vn -0.6821 0.6131 -0.3985
vn 0.0318 0.8599 -0.5095
vn -0.3769 0.6672 -0.6425
vn -0.2621 0.8149 -0.5169
vn -0.5382 0.8179 -0.2034
vn -0.2201 0.8981 -0.3807
vn -0.4176 0.9011 -0.1172
vn 0.6838 -0.5698 -0.4558
vn -0.5402 -0.0307 0.8410
vn -0.0314 -0.7119 -0.7015
vn -0.1101 -0.2441 -0.9635
vn -0.7062 0.7078 -0.0183
vn -0.8695 0.2754 0.4099
vn 0.4506 -0.3182 0.8341
vn 0.0244 -0.3988 0.9167
vn 0.1432 0.9857 -0.0893
vn 0.9910 0.0074 0.1334
vn 0.8406 -0.5098 0.1831
vn 0.8395 -0.5121 0.1817
vn 0.9836 0.0011 0.1805
vn -0.1360 -0.8147 -0.5638
vn -0.0961 -0.7140 -0.6935
vn -0.0127 -0.8210 -0.5708
vn -0.5783 0.2573 0.7742
vn -0.6430 0.0762 0.7621
vn -0.5624 -0.2245 -0.7958
vn 0.0343 -0.9610 0.2746
vn 0.0314 -0.9449 0.3259
vn 0.6455 -0.5242 -0.5554
vn -0.8476 -0.3586 -0.3912
vn -0.3386 -0.7184 0.6076
vn 0.0053 0.7332 0.6800
vn 0.9989 -0.0143 -0.0446
vn 0.8788 0.4364 0.1933
vn -0.0132 0.9661 0.2579
vn -0.0131 0.9657 0.2592
vn -0.0091 0.9655 0.2602
vn 0.0023 0.9889 0.1486
vn 0.0192 0.9880 0.1535
vn -0.9710 -0.0073 0.2391
vn -0.8210 -0.0174 0.5706
vn 0.0058 -0.2141 -0.9768
vn 0.0044 -0.6778 -0.7352
vn 0.9997 0.0248 0.0080
vn 0.0398 0.9939 -0.1026
vn 0.0385 0.9943 -0.0993
vn -0.5730 0.4848 -0.6608
vn -0.2864 0.4369 -0.8527
vn -0.5241 0.3276 -0.7861
vn -0.7161 0.6905 -0.1023
vn -0.5937 0.0627 -0.8022
vn 0.1363 -0.6775 0.7228
vn -0.0743 0.9106 -0.4065
vn -0.2348 0.9392 -0.2505
vn 0.0625 0.9974 -0.0357
vn -0.3902 0.0877 0.9165
vn 0.6764 -0.6932 0.2488
vn 0.5789 -0.7090 0.4027
vn 0.5960 -0.7008 0.3919
vn -0.0044 -0.2983 -0.9545
vn 0.2355 0.9692 -0.0725
vn -0.2042 0.0255 -0.9786
vn 0.2686 0.9597 -0.0826
vn -0.3223 0.0403 -0.9458
vn 0.9856 -0.1155 -0.1232
vn 0.6277 -0.6991 -0.3424
vn 0.6847 -0.4838 -0.5451
vn 0.6944 -0.4921 -0.5249
vn 0.0806 0.0090 0.9967
vn 0.0806 0.0140 0.9966
vn -0.5853 0.4865 0.6487
vn -0.9074 -0.2521 -0.3362
vn 0.9689 0.0073 -0.2474
vn 0.9689 0.0040 -0.2474
vn -0.2318 0.4119 0.8812
vn 0.2850 -0.0092 -0.9585
vn -0.0807 0.9775 -0.1951
vn -0.0211 0.8592 -0.5112
vn -0.0529 0.5293 -0.8468
vn -0.1230 -0.2122 -0.9695
vn -0.7096 0.1969 -0.6766
vn -0.0000 0.4422 -0.8969
vn 0.8980 -0.2830 0.3368
vn -0.6060 0.4024 0.6861
vn -0.1495 0.3042 0.9408
vn -0.0215 -0.1894 0.9817
vn -0.1766 0.1442 0.9737
vn 0.2902 -0.9297 0.2270
vn 0.2256 0.2383 0.9446
vn 0.9307 0.1939 0.3102
vn 0.2078 -0.7689 0.6047
vn 0.2558 -0.2345 0.9379
vn 0.1450 -0.4712 0.8700
vn -0.5394 -0.0155 -0.8419
vn 0.3408 0.0105 -0.9401
vn -0.5576 -0.0145 -0.8300
vn 0.0099 0.9928 0.1191
vn -0.6534 0.7215 0.2291
vn 0.2897 -0.9238 0.2505
vn -0.9874 0.0574 -0.1475
vn -0.1758 -0.8123 -0.5562
vn -0.1510 -0.9885 -0.0126
vn -0.0595 0.9915 -0.1158
vn -0.0228 0.2261 -0.9738
vn 0.3843 0.0392 -0.9224
vn 0.0035 -0.9378 0.3472
vn -0.0023 -0.9728 -0.2317
vn -0.2968 -0.9411 0.1619
vn -0.8868 -0.4567 0.0712
vn -0.8928 -0.4440 0.0761
vn -0.0143 0.4008 0.9161
vn -0.9902 0.1388 -0.0150
vn 0.5236 -0.0000 -0.8520
vn -0.5064 0.3448 -0.7904
vn 0.0218 -0.7306 -0.6825
vn 0.0848 -0.2746 -0.9578
vn 0.0831 -0.7354 -0.6725
vn -0.9829 0.1113 -0.1468
vn -0.8970 0.0905 -0.4327
vn 0.0050 -0.9098 0.4150
vn 0.6934 -0.0121 -0.7204
vn 0.6144 0.5273 0.5869
vn 0.4243 0.6386 0.6419
vn 0.3460 0.9268 -0.1460
vn 0.5454 0.4799 0.6872
vn 0.2984 0.9143 0.2740
vn 0.9822 -0.1286 0.1372
vn 0.9854 0.1102 -0.1297
vn 0.9684 0.0605 -0.2421
vn -0.8799 0.3679 -0.3008
vn -0.9889 0.0693 0.1314
vn 0.0188 0.9849 0.1722
vn -0.0000 0.9604 0.2787
vn 0.0546 0.9582 0.2809
vn 0.6214 -0.0325 0.7828
vn 0.6217 0.0095 0.7832
vn 0.9180 0.3765 -0.1245
vn 0.8576 -0.2634 -0.4417
vn 0.2585 0.2413 -0.9354
vn 0.8803 -0.1873 -0.4359
vn -0.0378 0.9643 0.2620
vn -0.0149 0.9527 0.3036
vn 0.1411 -0.8499 0.5078
vn 0.1281 -0.4997 0.8567
vn -0.1582 -0.8185 0.5524
vn -0.6297 0.0489 -0.7753
vn -0.6137 0.0474 -0.7881
vn -0.7905 -0.0194 -0.6122
vn 0.1214 0.8164 -0.5645
vn 0.0547 0.8308 -0.5539
vn 0.0546 0.8266 -0.5602
vn 0.2515 0.3018 -0.9196
vn -0.4453 0.0923 -0.8906
vn -0.9701 0.0087 -0.2425
vn -0.9701 0.0046 -0.2425
vn -0.9927 -0.0218 0.1186
vn -0.0407 -0.1582 0.9866
vn -0.3904 0.7807 -0.4880
vn 0.0468 -0.2806 -0.9587
vn -0.2593 0.9267 0.2721
vn -0.0438 -0.6546 0.7547
vn 0.0928 0.8425 0.5307
vn 0.2227 -0.0210 0.9747
vn 0.3904 -0.0781 -0.9173
vn 0.2624 -0.2210 -0.9393
vn -0.1042 -0.2084 -0.9725
vn -0.0261 0.1304 -0.9911
vn 0.6839 0.0152 -0.7295
vn 0.6934 0.0133 -0.7204
vn -0.2454 -0.4692 -0.8483
vn -0.0124 0.1240 0.9922
vn 0.0087 -0.2734 0.9619
vn -0.0140 0.1240 0.9922
vn -0.8634 -0.4673 0.1901
vn -0.9923 0.1240 -0.0000
vn -0.4826 0.1013 -0.8699
vn -0.0278 0.9947 -0.0989
vn 0.6047 0.7640 -0.2250
vn -0.1570 -0.1479 0.9765
vn 0.0050 -0.2723 0.9622
vn -0.0548 0.9897 -0.1323
vn 0.0221 -0.9981 0.0575
vn 0.3384 0.5754 -0.7446
vn 0.0534 -0.8306 0.5543
vn -0.7608 0.4726 -0.4448
vn -0.6187 0.5721 -0.5384
vn -0.7473 0.3650 0.5553
vn 0.1750 -0.8409 0.5122
vn -0.0273 -0.1635 -0.9862
vn 0.0112 0.9940 0.1083
vn 0.9987 -0.0012 0.0518
vn -0.2304 0.0923 -0.9687
vn 0.9492 0.2197 0.2253
vn -0.0407 0.9933 0.1079
vn 0.0011 0.9779 -0.2090
vn 0.0008 0.9942 0.1080
vn -0.0016 0.9779 -0.2090
vn -0.3326 -0.5658 0.7544
vn 0.9996 -0.0156 -0.0250
vn 0.0105 -0.6585 -0.7525
vn -0.9650 0.0132 0.2619
vn -0.9662 -0.0049 0.2579
vn 0.8822 0.4676 -0.0556
vn -0.2645 0.0554 -0.9628
vn -0.7417 0.0165 -0.6706
vn -0.9606 -0.0068 0.2779
vn 0.5985 0.2866 -0.7481
vn 0.3580 0.7360 -0.5746
vn -0.5922 -0.2384 0.7697
vn -0.4863 -0.4631 0.7410
vn 0.2558 0.9545 0.1536
vn 0.7753 0.4266 0.4656
vn -0.2692 0.8614 0.4307
vn -0.1739 0.7894 0.5887
vn 0.9997 0.0251 -0.0043
vn 0.7888 0.0103 -0.6146
vn 0.9987 0.0493 -0.0137
vn 0.0156 0.9873 0.1578
vn -0.1975 0.8468 -0.4939
vn 0.0095 -0.5231 0.8522
vn -0.0060 -0.4068 0.9135
vn -0.2040 -0.5004 -0.8414
vn -0.4661 0.1131 0.8774
vn 0.4961 0.1110 0.8611
vn -0.1230 0.7918 0.5982
vn -0.1295 -0.1431 -0.9812
vn 0.9809 -0.1488 0.1253
vn 0.1543 0.8415 0.5178
vn -0.0789 -0.7530 -0.6533
vn -0.0184 -0.1679 -0.9856
vn -0.0254 -0.7765 -0.6297
vn 0.0226 0.0830 -0.9963
vn 0.0140 0.0830 -0.9964
vn 0.0474 -0.8733 -0.4849
vn 0.1152 -0.7868 -0.6064
vn 0.0609 -0.7853 -0.6161
vn -0.0020 -0.9728 -0.2317
vn 0.8749 0.4742 0.0981
vn -0.0000 0.9989 0.0473
vn 0.1057 0.8756 -0.4713
vn -0.0364 0.9627 -0.2681
vn -0.7020 -0.3432 0.6240
vn 0.1642 -0.0057 0.9864
vn -0.2990 -0.6582 0.6909
vn -0.1661 0.8306 -0.5316
vn -0.1549 -0.2038 -0.9667
vn 0.6819 0.0779 -0.7273
vn 0.0014 0.9640 -0.2658
vn -0.0946 0.0667 0.9933
vn -0.4844 0.0903 -0.8702
vn -0.8319 0.5200 -0.1939
vn -0.0066 -0.1189 0.9929
vn 0.0561 -0.9399 0.3367
vn 0.3662 0.5483 -0.7519
vn 0.6492 0.7585 -0.0563
vn -0.0019 -0.1397 0.9902
vn 0.9489 0.0212 -0.3150
vn -0.9878 0.0345 -0.1520
vn 0.9995 -0.0313 0.0053
vn 0.7350 -0.0247 0.6776
vn 0.7795 -0.0686 -0.6227
vn 0.9993 -0.0319 0.0180
vn 0.9285 0.3714 -0.0000
vn -0.7408 -0.1661 0.6509
vn 0.8514 0.4868 -0.1954
vn 0.1924 0.4000 -0.8961
vn -0.2739 0.0464 0.9606
vn -0.3101 0.0707 0.9481
vn 0.9608 -0.1349 -0.2421
vn -0.0048 0.9909 -0.1342
vn -0.1250 0.2562 0.9585
vn 0.2230 -0.9741 -0.0365
vn -0.0045 -0.9284 -0.3716
vn 0.2937 0.7459 -0.5978
vn -0.3509 0.3385 0.8731
vn -0.7062 0.4961 -0.5050
vn -0.8130 -0.0341 -0.5813
vn -0.2742 0.0209 0.9615
vn 0.1398 -0.0606 -0.9883
vn 0.1385 -0.0600 -0.9885
vn 0.1236 0.8025 -0.5837
vn 0.2871 -0.0190 -0.9577
vn -0.6551 -0.0175 -0.7554
vn -0.6110 0.0664 -0.7888
vn -0.3908 -0.3540 -0.8497
vn -0.5380 -0.7188 -0.4402
vn -0.4777 -0.6419 -0.5998
vn -0.2349 -0.7776 -0.5832
vn 0.0195 -0.6769 0.7358
vn 0.0598 0.8073 -0.5871
vn -0.8301 0.5335 0.1624
vn -0.7077 -0.7065 -0.0023
vn -0.7394 -0.6480 -0.1827
vn -0.3417 -0.9398 -0.0000
vn 0.0113 0.9207 -0.3900
vn 0.2914 0.9562 -0.0255
vn 0.0044 -0.1189 0.9929
vn 0.1222 0.8131 0.5691
vn 0.0040 0.9573 0.2890
vn -0.8992 0.0675 -0.4324
vn 0.7745 -0.6006 0.1987
vn 0.8001 0.2054 -0.5636
vn 0.1615 -0.6501 -0.7425
vn -0.4932 -0.1079 0.8632
vn -0.5919 0.7655 0.2525
vn -0.6616 0.7167 -0.2205
vn -0.9794 -0.0112 0.2018
vn 0.9486 0.0148 0.3162
vn 0.3121 0.9110 0.2695
vn -0.2259 0.1762 -0.9581
vn -0.0000 -0.9913 -0.1319
vn -0.3850 -0.5775 0.7199
vn -0.3836 -0.5771 0.7210
vn -0.0000 -0.9949 0.1006
vn -0.0713 -0.9968 0.0357
vn -0.8871 -0.4611 0.0232
vn -0.8933 0.4306 -0.1290
vn -0.8404 0.4476 -0.3055
vn -0.7962 0.5871 -0.1462
vn -0.6185 -0.7159 0.3238
vn -0.8329 -0.5295 -0.1610
vn 0.3739 -0.0054 0.9275
vn -0.4743 -0.0342 0.8797
vn -0.1889 0.2996 0.9352
vn 0.4168 -0.3623 0.8337
vn -0.0000 -0.3708 0.9287
vn 0.3739 -0.0210 0.9272
vn -0.9900 0.1402 -0.0164
vn 0.9236 0.3656 -0.1154
vn -0.1272 0.9411 -0.3132
vn 0.5663 0.0257 0.8238
vn 0.9921 -0.1251 0.0111
vn -0.9973 -0.0567 0.0457
vn -0.9747 0.2210 -0.0337
vn -0.9823 0.1862 -0.0179
vn -0.9816 -0.1707 0.0856
vn -0.2117 -0.1945 -0.9578
vn -0.6392 -0.3504 -0.6846
vn -0.5790 -0.4547 -0.6767
vn -0.1499 -0.2378 -0.9597
vn -0.0153 0.2245 -0.9744
vn -0.1160 0.5088 -0.8530
vn -0.1785 0.4430 -0.8786
vn -0.0189 0.4227 -0.9061
vn 0.0420 0.3508 -0.9355
vn -0.0151 0.2245 -0.9744
vn -0.9192 0.3119 -0.2405
vn 0.6293 -0.6154 0.4745
vn -0.3304 -0.7551 -0.5663
vn 0.5549 0.8071 -0.2018
vn -0.0875 0.0331 -0.9956
vn -0.5216 -0.7601 0.3876
vn -0.2739 -0.8568 0.4369
vn 0.3463 -0.6074 0.7149
vn -0.7486 0.3352 -0.5721
vn 0.3903 -0.9182 -0.0678
vn 0.1542 -0.9044 -0.3978
vn 0.0947 0.5467 0.8320
vn -0.9543 -0.2990 -0.0000
vn -0.9894 -0.0331 0.1412
vn -0.9807 0.1506 0.1243
vn -0.9752 0.2212 -0.0000
vn -0.3029 0.2699 0.9140
vn 0.2298 0.9732 -0.0000
vn -0.4494 -0.8933 -0.0099
vn -0.5903 -0.8009 -0.1006
vn -0.5141 -0.6828 0.5191
vn 0.4475 -0.8943 0.0061
vn -0.5367 -0.6927 -0.4818
vn -0.5992 -0.7908 0.1248
vn -0.8261 0.5368 -0.1718
vn -0.7549 0.3935 -0.5246
vn -0.6152 -0.5904 -0.5224
vn 0.2311 -0.3038 -0.9243
vn -0.6508 0.5082 -0.5640
vn -0.6255 0.5564 -0.5470
vn 0.6155 -0.4545 -0.6439
vn -0.3655 0.5368 0.7604
vn -0.2264 0.5175 0.8252
vn 0.2282 0.9472 -0.2254
vn 0.9070 -0.0000 -0.4212
vn 0.0497 -0.9959 0.0753
vn 0.3477 -0.9301 0.1182
vn 0.1492 -0.9328 -0.3280
vn -0.1946 -0.9672 0.1632
vn 0.2758 -0.8807 0.3852
vn 0.1001 -0.9944 0.0324
vn 0.7904 0.5954 -0.1442
vn -0.2410 0.2782 0.9298
vn 0.5685 0.7886 -0.2344
vn 0.1589 -0.4114 0.8975
vn 0.3322 -0.0977 0.9381
vn 0.1613 0.4838 0.8602
vn 0.6926 -0.5047 0.5154
vn -0.2133 0.0609 0.9751
vn 0.0932 0.0621 0.9937
vn -0.1184 -0.0746 -0.9902
vn -0.1161 -0.1924 -0.9744
vn -0.0574 -0.1886 -0.9804
vn 0.0011 0.9999 -0.0171
vn -0.2090 -0.0772 -0.9749
vn 0.0114 -0.0050 0.9999
vn -0.0991 0.3098 0.9456
vn 0.3203 0.1209 0.9396
vn -0.1674 -0.1112 0.9796
vn -0.2652 0.1359 0.9546
vn 0.0250 -0.0001 0.9997
vn -0.0866 -0.9418 -0.3249
vn 0.6140 0.6589 0.4346
vn 0.0758 0.8398 0.5376
vn 0.1433 0.8312 0.5373
vn 0.6246 0.6514 0.4307
vn 0.9913 0.0902 0.0957
vn 0.0882 0.0233 -0.9958
vn 0.8314 0.5153 0.2079
vn -0.9815 0.1888 0.0323
vn 0.0045 -0.9317 -0.3633
vn -0.8932 0.4404 0.0913
vn -0.9934 -0.0984 -0.0589
vn -0.9907 -0.1189 -0.0668
vn -0.7360 0.1642 0.6568
vn -0.6173 -0.1322 0.7755
vn -0.7303 -0.2344 0.6417
vn -0.5749 0.6729 0.4656
vn -0.3743 -0.1679 0.9120
vn -0.2197 -0.0760 0.9726
vn -0.4992 -0.6310 0.5938
vn -0.9934 0.1128 0.0228
vn 0.1192 0.2757 -0.9538
vn -0.3636 0.0883 -0.9274
vn -0.5333 0.8028 0.2666
vn 0.9961 -0.0846 0.0251
vn 0.9917 -0.1280 0.0080
vn 0.1021 0.0489 -0.9936
vn 0.3567 -0.7224 -0.5923
vn 0.8363 0.3290 -0.4386
vn 0.8778 0.3665 -0.3086
vn -0.0460 0.1818 -0.9823
vn 0.3759 -0.1149 -0.9195
vn 0.1674 0.1975 -0.9659
vn 0.0170 -0.2756 -0.9611
vn 0.9408 -0.2956 -0.1659
vn -0.0587 -0.0275 -0.9979
vn -0.1736 0.4477 -0.8772
vn -0.5175 0.2338 -0.8231
vn 0.0056 0.1268 -0.9919
vn 0.0080 0.1235 -0.9923
vn -0.1909 0.0068 -0.9816
vn 0.0618 0.1390 0.9884
vn 0.1827 0.1516 0.9714
vn 0.1827 0.1521 0.9713
vn -0.3931 0.0716 0.9167
vn -0.0070 0.9993 -0.0374
vn -0.2661 0.7625 -0.5897
vn -0.9124 0.0693 -0.4033
vn -0.4424 0.8814 -0.1656
vn -0.3441 0.8850 -0.3138
vn -0.3289 0.8599 -0.3903
vn -0.4103 0.5420 -0.7334
vn -0.4448 0.4921 -0.7483
vn -0.9099 0.3031 0.2832
vn -0.9639 0.2663 -0.0000
vn 0.9682 0.0423 0.2464
vn 0.9785 -0.1837 0.0937
vn 0.9290 -0.2320 -0.2884
vn 0.9428 -0.2550 -0.2147
vn 0.7032 -0.7097 0.0417
vn 0.2144 0.5312 0.8197
vn 0.3864 -0.4033 -0.8295
vn 0.5466 -0.5874 0.5967
vn -0.1001 -0.8773 0.4694
vn -0.1251 -0.8996 -0.4184
vn -0.4153 -0.8875 -0.2000
vn 0.0538 -0.9911 -0.1216
vn 0.1254 -0.9910 -0.0477
vn 0.1246 -0.9903 0.0611
vn 0.0438 -0.9905 0.1304
vn -0.5686 -0.8207 0.0558
s 0
f 1//1 541//1 1164//1
f 1//2 1013//2 1799//2
f 1//3 1164//3 1013//3
f 1//4 1619//4 541//4
f 1//5 1799//5 1377//5
f 2//6 310//6 1877//6
f 2//7 522//7 2035//7
f 2//8 610//8 522//8
f 2//9 1877//9 610//9
f 2//10 2035//10 310//10
f 3//11 81//11 392//11
f 3//12 392//12 1771//12
f 3//13 1215//13 1429//13
f 3//14 1429//14 81//14
f 3//12 1771//12 1879//12
f 3//12 1879//12 1215//12
f 4//15 19//15 1471//15
f 4//16 82//16 592//16
f 4//17 393//17 1296//17
f 4//18 592//18 393//18
f 4//19 1296//19 19//19
f 4//20 1471//20 82//20
f 5//21 425//21 1077//21
f 5//22 1077//22 1788//22
f 5//23 1419//23 1885//23
f 5//24 1788//24 1950//24
f 5//25 1885//25 425//25
f 5//26 1950//26 1419//26
f 6//27 138//27 1518//27
f 6//28 275//28 1078//28
f 6//29 679//29 1275//29
f 6//30 2101//30 138//30
f 6//31 1065//31 275//31
f 6//32 1078//32 2101//32
f 6//33 1275//33 1065//33
f 6//34 1518//34 679//34
f 7//35 276//35 1952//35
f 7//36 494//36 627//36
f 7//37 627//37 1421//37
f 7//38 761//38 494//38
f 7//38 1421//38 276//38
f 7//39 1952//39 761//39
f 8//40 74//40 1315//40
f 8//41 208//41 495//41
f 8//42 495//42 1148//42
f 8//43 1148//43 1422//43
f 8//44 1315//44 208//44
f 8//45 1422//45 74//45
f 9//46 278//46 682//46
f 9//47 464//47 949//47
f 9//48 682//48 464//48
f 9//49 949//49 978//49
f 9//50 978//50 1954//50
f 9//51 1954//51 278//51
f 10//52 264//52 2043//52
f 10//53 415//53 1793//53
f 10//54 683//54 1747//54
f 10//55 1355//55 1767//55
f 10//56 1747//56 1916//56
f 10//54 1767//54 683//54
f 10//57 1793//57 1355//57
f 10//58 1916//58 264//58
f 10//59 2043//59 415//59
f 11//60 1030//60 684//60
f 11//61 1598//61 1898//61
f 11//62 1898//62 1030//62
f 12//12 652//12 981//12
f 12//12 817//12 652//12
f 12//63 981//63 1630//63
f 12//64 1630//64 817//64
f 13//65 326//65 848//65
f 13//66 848//66 1236//66
f 13//67 1236//67 1631//67
f 14//68 146//68 1959//68
f 14//69 245//69 1321//69
f 14//70 864//70 1566//70
f 14//71 983//71 864//71
f 14//72 1321//72 983//72
f 14//73 1566//73 146//73
f 14//74 1959//74 2054//74
f 14//75 2054//75 245//75
f 15//76 239//76 688//76
f 15//77 688//77 710//77
f 15//78 710//78 1655//78
f 15//79 1360//79 1957//79
f 15//80 1655//80 1360//80
f 15//81 1957//81 239//81
f 16//82 911//82 2049//82
f 16//83 1269//83 911//83
f 16//84 1361//84 2019//84
f 16//85 1572//85 1269//85
f 16//86 2019//86 1572//86
f 16//87 2049//87 1361//87
f 17//88 505//88 1447//88
f 17//89 746//89 1158//89
f 17//90 1158//90 1636//90
f 17//91 1447//91 746//91
f 17//92 1636//92 1962//92
f 17//93 1962//93 505//93
f 18//12 332//12 1249//12
f 18//94 392//94 1963//94
f 18//95 506//95 558//95
f 18//96 558//96 392//96
f 18//12 801//12 506//12
f 18//12 1249//12 801//12
f 18//12 1963//12 332//12
f 19//97 54//97 1471//97
f 19//98 356//98 491//98
f 19//99 491//99 54//99
f 19//100 1296//100 356//100
f 20//101 253//101 1042//101
f 20//102 290//102 2067//102
f 20//103 478//103 253//103
f 20//104 1042//104 290//104
f 20//105 1965//105 478//105
f 20//106 2067//106 1965//106
f 21//107 56//107 218//107
f 21//108 218//108 583//108
f 21//109 583//109 1804//109
f 21//110 665//110 56//110
f 21//111 1774//111 665//111
f 21//112 1804//112 1774//112
f 22//12 451//12 1786//12
f 22//113 857//113 1967//113
f 22//114 1641//114 857//114
f 22//12 1786//12 1641//12
f 22//115 1967//115 451//115
f 23//116 1369//116 1588//116
f 23//117 1588//117 2056//117
f 24//118 308//118 1643//118
f 24//119 497//119 1755//119
f 24//120 1150//120 497//120
f 24//121 1643//121 1150//121
f 24//122 1755//122 1969//122
f 24//123 1969//123 308//123
f 25//124 624//124 1188//124
f 25//125 1188//125 1970//125
f 25//12 1214//12 624//12
f 25//126 1371//126 1644//126
f 25//127 1644//127 1214//127
f 25//128 1970//128 1371//128
f 26//129 60//129 937//129
f 26//130 670//130 766//130
f 26//131 740//131 1441//131
f 26//132 766//132 1914//132
f 26//133 937//133 740//133
f 26//12 1441//12 670//12
f 26//134 1914//134 60//134
f 27//135 756//135 1495//135
f 27//136 1282//136 756//136
f 27//137 1389//137 1282//137
f 27//138 1495//138 1922//138
f 27//139 1922//139 1389//139
f 28//140 477//140 2032//140
f 28//141 672//141 871//141
f 28//142 871//142 477//142
f 28//143 2032//143 672//143
f 29//144 618//144 835//144
f 29//145 673//145 2062//145
f 29//146 835//146 969//146
f 29//147 969//147 1444//147
f 29//148 1444//148 673//148
f 29//149 2062//149 618//149
f 30//150 330//150 1738//150
f 30//151 704//151 1103//151
f 30//152 1103//152 1225//152
f 30//153 1225//153 1649//153
f 30//154 1649//154 330//154
f 30//155 1738//155 1829//155
f 30//156 1829//156 704//156
f 31//157 867//157 1150//157
f 31//158 1150//158 1846//158
f 31//159 1286//159 1650//159
f 31//160 1650//160 867//160
f 31//161 1846//161 1286//161
f 32//162 235//162 1173//162
f 32//163 320//163 412//163
f 32//164 412//164 235//164
f 32//165 521//165 1493//165
f 32//166 1173//166 521//166
f 32//167 1493//167 320//167
f 33//168 112//168 1092//168
f 33//169 256//169 112//169
f 33//170 1319//170 256//170
f 34//171 244//171 1213//171
f 34//172 781//172 244//172
f 34//173 1213//173 1758//173
f 34//174 1547//174 781//174
f 34//38 1758//38 2053//38
f 34//175 2053//175 1547//175
f 35//176 101//176 1759//176
f 35//177 184//177 312//177
f 35//178 283//178 101//178
f 35//179 312//179 283//179
f 35//180 1759//180 184//180
f 36//181 246//181 1835//181
f 36//182 525//182 1924//182
f 36//183 606//183 246//183
f 36//184 666//184 1238//184
f 36//185 1238//185 606//185
f 36//186 1835//186 525//186
f 36//187 1924//187 666//187
f 37//188 337//188 1323//188
f 37//189 970//189 1565//189
f 37//190 1323//190 970//190
f 37//191 1565//191 1837//191
f 37//192 1837//192 2012//192
f 37//193 2012//193 337//193
f 38//194 554//194 1526//194
f 38//195 920//195 1632//195
f 38//196 1252//196 554//196
f 38//197 1526//197 920//197
f 38//198 1632//198 1252//198
f 39//54 580//54 1839//54
f 39//199 786//199 1868//199
f 39//38 994//38 786//38
f 39//54 1839//54 994//54
f 39//200 1868//200 580//200
f 40//201 189//201 2073//201
f 40//202 1220//202 1659//202
f 40//203 1659//203 1855//203
f 40//204 1779//204 1220//204
f 40//205 1855//205 189//205
f 40//206 2073//206 1779//206
f 41//207 159//207 1167//207
f 41//208 304//208 855//208
f 41//209 737//209 304//209
f 41//210 855//210 159//210
f 41//211 1167//211 737//211
f 42//212 789//212 1146//212
f 42//213 1146//213 1871//213
f 42//214 1661//214 2075//214
f 42//215 1871//215 1661//215
f 42//216 2075//216 789//216
f 43//217 396//217 963//217
f 43//218 963//218 1238//218
f 43//219 1238//219 1775//219
f 43//12 1299//12 396//12
f 43//220 1775//220 1299//220
f 44//221 164//221 376//221
f 44//222 193//222 881//222
f 44//223 376//223 1968//223
f 44//224 881//224 1000//224
f 44//200 1000//200 164//200
f 44//225 1186//225 193//225
f 44//226 1792//226 1186//226
f 44//227 1968//227 1792//227
f 45//228 194//228 1187//228
f 45//229 415//229 194//229
f 45//230 830//230 1793//230
f 45//231 1187//231 1286//231
f 45//232 1286//232 830//232
f 45//233 1793//233 415//233
f 46//234 535//234 1733//234
f 46//54 943//54 1864//54
f 46//235 1188//235 535//235
f 46//236 1332//236 1188//236
f 46//236 1733//236 943//236
f 46//54 1864//54 1332//54
f 47//237 152//237 259//237
f 47//238 259//238 545//238
f 47//239 545//239 1561//239
f 47//240 1122//240 152//240
f 47//241 1561//241 1958//241
f 47//242 1742//242 1122//242
f 47//243 1958//243 1742//243
f 48//244 153//244 989//244
f 48//245 989//245 1936//245
f 48//246 1936//246 153//246
f 49//247 261//247 1937//247
f 49//248 694//248 1744//248
f 49//249 959//249 261//249
f 49//250 1336//250 959//250
f 49//251 1744//251 1336//251
f 49//252 1937//252 694//252
f 50//253 122//253 1851//253
f 50//254 471//254 487//254
f 50//255 487//255 824//255
f 50//256 824//256 122//256
f 50//257 960//257 471//257
f 50//258 1851//258 960//258
f 51//259 1361//259 2049//259
f 51//260 1446//260 1852//260
f 51//261 1581//261 1881//261
f 51//262 1852//262 1581//262
f 51//263 1881//263 1361//263
f 51//264 2049//264 1446//264
f 52//265 315//265 1469//265
f 52//266 354//266 993//266
f 52//267 697//267 950//267
f 52//268 950//268 315//268
f 52//269 993//269 697//269
f 52//270 1469//270 354//270
f 53//271 506//271 801//271
f 53//272 616//272 951//272
f 53//273 655//273 1941//273
f 53//274 801//274 616//274
f 53//275 951//275 655//275
f 53//276 1941//276 506//276
f 54//277 212//277 1471//277
f 54//278 491//278 995//278
f 54//279 995//279 212//279
f 55//280 126//280 1232//280
f 55//281 803//281 2070//281
f 55//282 1232//282 1943//282
f 55//283 1399//283 126//283
f 55//284 1943//284 803//284
f 55//285 2070//285 1399//285
f 56//286 211//286 1451//286
f 56//287 665//287 1256//287
f 56//288 1256//288 211//288
f 56//289 1451//289 218//289
f 57//12 374//12 805//12
f 57//12 439//12 374//12
f 57//290 649//290 1064//290
f 57//291 805//291 649//291
f 57//292 1064//292 1592//292
f 57//12 1592//12 439//12
f 58//293 344//293 1663//293
f 58//294 703//294 1844//294
f 58//295 1254//295 703//295
f 58//296 1345//296 1254//296
f 58//297 1663//297 1345//297
f 58//298 1844//298 1953//298
f 58//299 1953//299 344//299
f 59//300 330//300 1649//300
f 59//301 479//301 1859//301
f 59//302 1407//302 330//302
f 59//303 1649//303 479//303
f 59//304 1859//304 1407//304
f 60//305 1914//305 2052//305
f 60//306 2052//306 937//306
f 61//307 1135//307 1530//307
f 61//308 1530//308 1559//308
f 61//309 1559//309 423//309
f 62//310 431//310 180//310
f 62//311 744//311 431//311
f 62//311 2008//311 744//311
f 63//312 700//312 1085//312
f 63//313 996//313 1750//313
f 63//314 1085//314 1900//314
f 63//315 1750//315 700//315
f 63//316 1900//316 2009//316
f 63//317 2009//317 996//317
f 64//54 347//54 1847//54
f 64//318 701//318 809//318
f 64//318 809//318 347//318
f 64//319 1728//319 701//319
f 64//320 1847//320 1728//320
f 65//321 132//321 555//321
f 65//322 555//322 1563//322
f 65//323 1019//323 132//323
f 65//38 1563//38 2011//38
f 65//324 2011//324 1019//324
f 66//325 285//325 1414//325
f 66//326 1020//326 1626//326
f 66//327 1201//327 1020//327
f 66//328 1414//328 1201//328
f 66//329 1626//329 285//329
f 67//330 201//330 488//330
f 67//331 488//331 756//331
f 67//332 593//332 1731//332
f 67//333 756//333 1036//333
f 67//334 1036//334 593//334
f 67//335 1731//335 201//335
f 68//336 157//336 1955//336
f 68//337 1283//337 157//337
f 68//338 1416//338 1496//338
f 68//339 1496//339 1283//339
f 68//340 1867//340 1416//340
f 68//341 1955//341 1867//341
f 69//342 249//342 1417//342
f 69//343 324//343 2014//343
f 69//54 490//54 1325//54
f 69//54 1325//54 249//54
f 69//12 1417//12 324//12
f 69//344 2014//344 490//344
f 70//345 175//345 1516//345
f 70//346 661//346 1418//346
f 70//345 1418//345 175//345
f 70//38 1516//38 661//38
f 71//347 205//347 745//347
f 71//348 221//348 341//348
f 71//349 341//349 205//349
f 71//350 745//350 1615//350
f 71//351 900//351 221//351
f 71//352 1615//352 900//352
f 72//353 342//353 1842//353
f 72//354 546//354 1078//354
f 72//355 1078//355 1420//355
f 72//356 1420//356 1624//356
f 72//357 1624//357 342//357
f 72//358 1842//358 546//358
f 73//359 895//359 1223//359
f 73//360 947//360 1421//360
f 73//361 1079//361 947//361
f 73//362 1223//362 1571//362
f 73//363 1421//363 895//363
f 73//364 1571//364 1079//364
f 74//365 329//365 1043//365
f 74//366 1043//366 1931//366
f 74//365 1422//365 329//365
f 74//367 1931//367 1315//367
f 75//368 293//368 1873//368
f 75//369 345//369 293//369
f 75//370 585//370 1932//370
f 75//371 1149//371 345//371
f 75//372 1873//372 585//372
f 75//373 1932//373 1149//373
f 76//374 379//374 1652//374
f 76//375 707//375 379//375
f 76//376 742//376 1687//376
f 76//377 1612//377 742//377
f 76//378 1652//378 1612//378
f 76//379 1687//379 1874//379
f 76//380 1874//380 707//380
f 77//381 408//381 793//381
f 77//382 793//382 1847//382
f 77//383 1425//383 408//383
f 77//384 1847//384 1425//384
f 78//385 296//385 1099//385
f 78//386 1051//386 1426//386
f 78//387 1426//387 296//387
f 79//388 799//388 1303//388
f 79//389 817//389 1630//389
f 79//390 1303//390 817//390
f 79//391 1630//391 1713//391
f 79//38 1713//38 799//38
f 80//392 605//392 1578//392
f 80//393 1488//393 2075//393
f 80//394 1578//394 1849//394
f 80//395 1593//395 1488//395
f 80//396 1849//396 1593//396
f 80//397 2075//397 605//397
f 81//12 170//12 332//12
f 81//12 332//12 1963//12
f 81//12 1429//12 170//12
f 81//398 1963//398 392//398
f 82//399 1216//399 592//399
f 82//400 1430//400 1216//400
f 82//401 1471//401 1430//401
f 83//402 277//402 762//402
f 83//403 726//403 277//403
f 83//404 762//404 964//404
f 83//405 770//405 726//405
f 84//406 608//406 1022//406
f 84//407 1022//407 1404//407
f 84//408 1404//408 2057//408
f 84//409 1551//409 608//409
f 84//410 2057//410 1551//410
f 85//411 459//411 1718//411
f 85//412 609//412 459//412
f 85//413 772//413 2029//413
f 85//414 1718//414 772//414
f 85//415 2029//415 2065//415
f 85//416 2065//416 609//416
f 86//417 410//417 1024//417
f 86//418 559//418 1129//418
f 86//419 810//419 410//419
f 86//420 1024//420 559//420
f 86//421 1129//421 1606//421
f 86//422 1606//422 810//422
f 87//423 251//423 1221//423
f 87//424 322//424 1262//424
f 87//425 923//425 1025//425
f 87//426 1025//426 251//426
f 87//427 1221//427 322//427
f 87//428 1262//428 923//428
f 88//429 1263//429 1555//429
f 88//430 1416//430 1263//430
f 88//431 1496//431 1416//431
f 88//432 1555//432 775//432
f 89//433 269//433 1587//433
f 89//434 389//434 1437//434
f 89//435 510//435 1887//435
f 89//436 1437//436 510//436
f 89//437 1452//437 389//437
f 89//438 1587//438 1452//438
f 89//439 1887//439 269//439
f 90//440 689//440 897//440
f 90//441 897//441 1013//441
f 90//442 1013//442 1164//442
f 90//443 1164//443 1709//443
f 90//444 1709//444 689//444
f 91//445 361//445 460//445
f 91//446 460//446 1620//446
f 91//447 542//447 361//447
f 91//448 808//448 1695//448
f 91//449 1620//449 808//449
f 91//450 1695//450 542//450
f 92//451 1400//451 1590//451
f 92//452 1621//452 1400//452
f 2100//453 715//453 2107//453
f 1035//454 1307//454 2100//454
f 93//455 107//455 1607//455
f 93//456 759//456 1979//456
f 93//457 945//457 759//457
f 93//458 1229//458 107//458
f 93//459 1607//459 945//459
f 93//460 1979//460 1229//460
f 94//461 1154//461 1909//461
f 94//462 1335//462 1154//462
f 94//463 1382//463 1335//463
f 95//464 185//464 502//464
f 95//465 502//465 651//465
f 95//466 651//466 1594//466
f 95//467 673//467 185//467
f 95//468 1594//468 1981//468
f 95//469 1981//469 673//469
f 96//470 893//470 1403//470
f 96//471 992//471 1312//471
f 96//472 1246//472 992//472
f 96//473 1312//473 1938//473
f 96//474 1403//474 1246//474
f 96//475 1464//475 893//475
f 96//476 1938//476 1464//476
f 97//477 493//477 894//477
f 97//478 728//478 493//478
f 97//479 894//479 1313//479
f 97//480 1068//480 1703//480
f 97//481 1313//481 1068//481
f 97//482 1703//482 728//482
f 98//483 128//483 729//483
f 98//484 551//484 1704//484
f 98//485 729//485 1523//485
f 98//486 1523//486 551//486
f 98//487 1704//487 128//487
f 99//488 167//488 1914//488
f 99//489 730//489 1070//489
f 99//490 766//490 730//490
f 99//491 1070//491 167//491
f 99//492 1914//492 766//492
f 100//493 282//493 1986//493
f 100//494 447//494 731//494
f 100//495 575//495 282//495
f 100//496 731//496 1600//496
f 100//497 1600//497 575//497
f 100//498 1986//498 447//498
f 101//499 283//499 1409//499
f 101//500 750//500 1108//500
f 101//501 1108//501 1759//501
f 101//502 1409//502 750//502
f 102//503 666//503 1924//503
f 102//504 1322//504 2069//504
f 102//505 1924//505 1322//505
f 102//506 2069//506 666//506
f 103//507 270//507 1468//507
f 103//508 1178//508 2027//508
f 103//509 1217//509 2063//509
f 103//510 1468//510 1178//510
f 103//511 2027//511 1217//511
f 103//512 2063//512 270//512
f 104//513 630//513 1393//513
f 104//514 822//514 1469//514
f 104//515 1090//515 2064//515
f 104//516 1393//516 1090//516
f 104//517 1469//517 630//517
f 104//518 2028//518 822//518
f 104//519 2064//519 2028//519
f 105//520 1180//520 1394//520
f 105//521 1815//521 1180//521
f 105//522 1906//522 1815//522
f 106//523 317//523 907//523
f 106//524 503//524 1292//524
f 106//525 907//525 1682//525
f 106//526 1292//526 1749//526
f 106//527 1682//527 503//527
f 106//528 1749//528 317//528
f 107//529 1064//529 1243//529
f 107//12 1229//12 1064//12
f 107//530 1243//530 1396//530
f 107//531 1396//531 1607//531
f 108//532 524//532 909//532
f 108//533 760//533 1230//533
f 108//534 909//534 1570//534
f 108//535 1230//535 524//535
f 108//536 1570//536 760//536
f 109//537 635//537 1260//537
f 109//538 976//538 1819//538
f 109//539 1050//539 976//539
f 109//540 1260//540 1050//540
f 109//541 1819//541 1995//541
f 109//542 1995//542 635//542
f 110//543 636//543 1730//543
f 110//544 722//544 1645//544
f 110//545 1140//545 722//545
f 110//546 1645//546 636//546
f 110//547 1730//547 1140//547
f 111//548 255//548 1399//548
f 111//549 637//549 1686//549
f 111//550 1118//550 255//550
f 111//551 1399//551 637//551
f 111//552 1505//552 1118//552
f 111//553 1686//553 1505//553
f 112//554 256//554 1231//554
f 112//555 675//555 1501//555
f 112//556 1231//556 675//556
f 112//557 1501//557 1092//557
f 113//12 280//12 370//12
f 113//558 370//558 1674//558
f 113//12 1030//12 1898//12
f 113//559 1674//559 1030//559
f 113//38 1898//38 280//38
f 114//560 144//560 1689//560
f 296//561 1426//561 114//561
f 114//562 452//562 828//562
f 114//563 828//563 1402//563
f 114//563 1402//563 144//563
f 114//564 1689//564 452//564
f 115//565 307//565 418//565
f 115//566 418//566 578//566
f 115//567 578//567 1866//567
f 115//568 607//568 307//568
f 115//569 1293//569 607//569
f 115//570 1866//570 1293//570
f 116//571 608//571 1882//571
f 116//572 1022//572 608//572
f 116//573 1582//573 2002//573
f 116//574 1616//574 1022//574
f 116//575 1882//575 1582//575
f 116//576 2002//576 1616//576
f 117//577 708//577 870//577
f 117//578 870//578 1253//578
f 117//579 915//579 708//579
f 117//580 1253//580 1633//580
f 117//581 1633//581 2003//581
f 117//582 2003//582 915//582
f 118//583 836//583 1406//583
f 118//584 896//584 1193//584
f 118//585 1193//585 836//585
f 118//586 1406//586 1693//586
f 118//587 1467//587 896//587
f 118//588 1693//588 1467//588
f 119//589 421//589 1438//589
f 119//590 479//590 1679//590
f 119//591 777//591 479//591
f 119//592 837//592 421//592
f 119//593 1438//593 777//593
f 119//594 1679//594 837//594
f 120//595 340//595 677//595
f 120//596 677//596 2102//596
f 120//597 2102//597 1765//597
f 120//598 973//598 1761//598
f 120//599 1311//599 340//599
f 120//600 1761//600 1311//600
f 120//601 1765//601 973//601
f 121//602 591//602 620//602
f 121//603 620//603 1091//603
f 121//604 797//604 1124//604
f 121//605 1091//605 2065//605
f 121//606 1124//606 591//606
f 121//607 2065//607 797//607
f 122//608 140//608 1921//608
f 122//609 824//609 1212//609
f 122//610 1212//610 1520//610
f 122//611 1520//611 140//611
f 122//612 1921//612 1851//612
f 123//613 251//613 1502//613
f 123//614 394//614 1365//614
f 123//615 723//615 251//615
f 123//616 1365//616 1698//616
f 123//617 1502//617 394//617
f 123//618 1698//618 723//618
f 124//619 462//619 2017//619
f 124//620 2017//620 1654//620
f 125//621 292//621 1095//621
f 125//622 933//622 292//622
f 125//623 1095//623 1685//623
f 125//624 1132//624 933//624
f 125//625 1685//625 2048//625
f 125//626 2048//626 1132//626
f 126//627 255//627 564//627
f 126//628 564//628 784//628
f 126//629 784//629 1232//629
f 126//630 1399//630 255//630
f 127//631 565//631 1424//631
f 127//632 691//632 1987//632
f 127//633 764//633 783//633
f 127//38 783//38 691//38
f 127//634 1424//634 764//634
f 127//635 1857//635 565//635
f 127//636 1987//636 1857//636
f 128//637 566//637 1575//637
f 128//638 1387//638 729//638
f 128//639 1575//639 1387//639
f 128//640 1704//640 566//640
f 129//641 514//641 1125//641
f 129//642 681//642 1862//642
f 129//643 1125//643 681//643
f 129//644 1862//644 1576//644
f 130//645 156//645 967//645
f 130//646 568//646 833//646
f 130//647 833//647 156//647
f 130//648 967//648 2074//648
f 130//649 1780//649 568//649
f 130//650 2074//650 1780//650
f 131//651 327//651 1057//651
f 131//652 1057//652 2075//652
f 131//653 1647//653 327//653
f 131//318 1661//318 1647//318
f 131//654 2075//654 1661//654
f 132//655 197//655 555//655
f 133//656 436//656 622//656
f 133//657 622//657 919//657
f 133//658 712//658 1550//658
f 133//659 919//659 1239//659
f 133//660 1239//660 712//660
f 133//661 1550//661 436//661
f 134//662 808//662 1240//662
f 134//663 939//663 1695//663
f 134//664 1240//664 1331//664
f 134//665 1331//665 1510//665
f 134//666 1510//666 939//666
f 134//667 1695//667 808//667
f 135//54 714//54 1062//54
f 135//668 793//668 1875//668
f 135//669 831//669 793//669
f 135//670 972//670 714//670
f 135//54 1062//54 1515//54
f 135//671 1151//671 831//671
f 135//54 1515//54 1151//54
f 135//672 1875//672 972//672
f 136//673 273//673 888//673
f 136//38 661//38 1516//38
f 136//674 711//674 1039//674
f 136//675 888//675 711//675
f 136//676 1039//676 661//676
f 136//677 1516//677 273//677
f 137//678 738//678 1607//678
f 137//679 1329//679 1917//679
f 137//680 1396//680 1329//680
f 137//681 1607//681 1396//681
f 137//682 1917//682 1935//682
f 137//683 1935//683 738//683
f 138//684 2101//684 1351//684
f 138//318 1351//318 1518//318
f 139//685 441//685 1318//685
f 139//686 1079//686 1894//686
f 139//687 1245//687 1079//687
f 139//688 1318//688 1245//688
f 139//689 1700//689 441//689
f 139//690 1894//690 1700//690
f 140//691 432//691 1921//691
f 140//692 442//692 2001//692
f 140//693 1520//693 442//693
f 140//694 2001//694 432//694
f 141//695 367//695 1702//695
f 141//696 873//696 367//696
f 141//38 991//38 1385//38
f 141//697 1247//697 873//697
f 141//698 1385//698 1247//698
f 141//38 1702//38 991//38
f 142//699 550//699 1011//699
f 142//700 1011//700 1370//700
f 142//701 1029//701 550//701
f 142//702 1248//702 1029//702
f 142//703 1370//703 1933//703
f 142//704 1933//704 1248//704
f 143//705 385//705 1448//705
f 143//706 551//706 385//706
f 143//707 1448//707 1941//707
f 143//708 1704//708 551//708
f 143//709 1913//709 1704//709
f 143//710 1941//710 1913//710
f 144//711 1317//711 1689//711
f 144//38 1402//38 1317//38
f 145//712 447//712 1251//712
f 145//713 657//713 447//713
f 145//714 982//714 657//714
f 145//715 1071//715 1141//715
f 145//716 1141//716 982//716
f 145//717 1251//717 1071//717
f 146//54 658//54 1901//54
f 146//718 1566//718 658//718
f 146//719 1901//719 1959//719
f 147//720 500//720 747//720
f 147//721 747//721 1087//721
f 147//722 1087//722 1960//722
f 147//12 1617//12 500//12
f 147//722 1960//722 1617//722
f 148//723 585//723 1873//723
f 148//724 741//724 585//724
f 148//725 1118//725 1505//725
f 148//726 1505//726 741//726
f 148//727 1573//727 1118//727
f 148//728 1873//728 1573//728
f 149//729 407//729 1947//729
f 149//730 473//730 407//730
f 149//731 586//731 473//731
f 149//732 1947//732 2021//732
f 149//733 2021//733 586//733
f 150//734 1711//734 1926//734
f 150//735 1910//735 899//735
f 150//736 1926//736 1910//736
f 151//737 452//737 1689//737
f 151//738 567//738 2023//738
f 151//739 1055//739 1614//739
f 151//740 1508//740 567//740
f 151//741 1614//741 1508//741
f 151//742 1689//742 1055//742
f 151//743 2023//743 452//743
f 152//744 410//744 259//744
f 152//745 1122//745 1198//745
f 152//746 1198//746 410//746
f 153//747 796//747 1335//747
f 153//748 1335//748 989//748
f 154//749 434//749 1511//749
f 154//750 455//750 1215//750
f 154//751 470//751 902//751
f 154//752 902//752 1087//752
f 154//753 1087//753 434//753
f 154//754 1215//754 470//754
f 154//755 1511//755 455//755
f 155//756 262//756 1802//756
f 155//757 755//757 977//757
f 155//758 977//758 1535//758
f 155//759 1483//759 262//759
f 155//760 1535//760 1483//760
f 155//761 1802//761 755//761
f 156//762 696//762 1915//762
f 156//763 833//763 696//763
f 156//764 1646//764 967//764
f 156//765 1915//765 1972//765
f 156//766 1972//766 1646//766
f 157//767 238//767 1222//767
f 157//768 1222//768 1955//768
f 157//769 1283//769 1811//769
f 157//770 1811//770 238//770
f 158//771 595//771 1991//771
f 158//772 736//772 595//772
f 158//773 816//773 1883//773
f 158//774 1883//774 736//774
f 158//775 1991//775 816//775
f 159//776 855//776 1132//776
f 159//777 1132//777 2048//777
f 159//778 1395//778 1167//778
f 159//779 1800//779 1395//779
f 159//780 2048//780 1800//780
f 160//781 274//781 1540//781
f 160//782 633//782 1892//782
f 160//783 1892//783 274//783
f 161//784 291//784 2068//784
f 161//785 879//785 1162//785
f 161//786 1162//786 291//786
f 161//787 2068//787 879//787
f 162//788 843//788 1050//788
f 162//789 1050//789 1260//789
f 162//790 1260//790 1542//790
f 162//791 1344//791 1752//791
f 162//792 1542//792 1344//792
f 162//12 1752//12 843//12
f 163//793 375//793 1903//793
f 163//794 703//794 806//794
f 163//795 806//795 375//795
f 163//796 999//796 703//796
f 163//797 1753//797 999//797
f 163//798 1903//798 1753//798
f 164//318 526//318 1392//318
f 164//799 614//799 1961//799
f 164//800 1000//800 614//800
f 164//801 1089//801 376//801
f 164//802 1392//802 1089//802
f 164//803 1961//803 526//803
f 165//804 377//804 1104//804
f 165//805 654//805 1279//805
f 165//806 1104//806 2050//806
f 165//807 1279//807 377//807
f 165//808 2050//808 654//808
f 166//809 765//809 573//809
f 166//810 1120//810 765//810
f 166//811 1455//811 1120//811
f 167//812 413//812 2052//812
f 167//38 1070//38 1353//38
f 167//813 1353//813 413//813
f 167//814 2052//814 1914//814
f 168//815 539//815 1375//815
f 168//816 752//816 539//816
f 168//817 835//817 1107//817
f 168//818 969//818 835//818
f 168//819 1107//819 752//819
f 168//820 1375//820 969//820
f 169//821 400//821 1839//821
f 169//54 619//54 1778//54
f 169//822 1640//822 619//822
f 169//54 1778//54 400//54
f 169//823 1839//823 1640//823
f 170//12 827//12 2036//12
f 170//824 1109//824 827//824
f 170//825 1429//825 1109//825
f 170//12 2036//12 332//12
f 171//826 212//826 1942//826
f 171//827 1216//827 1430//827
f 171//828 1273//828 1216//828
f 171//829 1430//829 212//829
f 171//828 1942//828 1273//828
f 172//830 286//830 1431//830
f 172//831 436//831 1550//831
f 172//832 1431//832 1513//832
f 172//833 1513//833 436//833
f 172//834 1550//834 1694//834
f 172//835 1694//835 286//835
f 173//836 646//836 1717//836
f 173//837 771//837 1432//837
f 173//838 1432//838 646//838
f 173//839 1717//839 771//839
f 174//840 624//840 1214//840
f 174//841 1214//841 1219//841
f 174//842 1219//842 2058//842
f 174//843 1552//843 1733//843
f 174//844 1733//844 624//844
f 174//845 2058//845 1552//845
f 175//846 250//846 273//846
f 175//847 273//847 1516//847
f 175//848 581//848 250//848
f 175//12 1418//12 581//12
f 176//849 217//849 1554//849
f 176//850 788//850 2060//850
f 176//851 1554//851 1928//851
f 176//852 1870//852 788//852
f 176//853 1928//853 1870//853
f 176//854 2060//854 217//854
f 177//855 388//855 569//855
f 177//856 569//856 1222//856
f 177//857 1222//857 2061//857
f 177//858 1555//858 1736//858
f 177//859 1736//859 388//859
f 177//860 2061//860 1555//860
f 178//861 318//861 2062//861
f 178//862 584//862 925//862
f 178//863 673//863 584//863
f 178//864 925//864 1639//864
f 178//865 1639//865 318//865
f 178//866 2062//866 673//866
f 179//867 660//867 2005//867
f 179//868 927//868 660//868
f 179//869 2005//869 1918//869
f 180//870 431//870 1524//870
f 181//871 954//871 1685//871
f 181//872 1685//872 1095//872
f 182//873 401//873 832//873
f 182//874 832//874 1235//874
f 182//875 1016//875 1398//875
f 182//876 1235//876 1016//876
f 182//877 1398//877 1971//877
f 182//878 1971//878 401//878
f 183//879 453//879 1442//879
f 183//880 671//880 1137//880
f 183//881 1004//881 453//881
f 183//882 1137//882 1427//882
f 183//12 1427//12 1004//12
f 183//883 1442//883 1810//883
f 183//884 1810//884 671//884
f 184//885 605//885 1237//885
f 184//886 849//886 312//886
f 184//887 1237//887 849//887
f 184//888 1578//888 605//888
f 184//889 1759//889 1578//889
f 185//890 351//890 502//890
f 185//891 673//891 1444//891
f 185//892 872//892 351//892
f 185//893 1444//893 872//893
f 186//894 457//894 1021//894
f 186//895 1021//895 1852//895
f 186//896 1446//896 1806//896
f 186//897 1806//897 1982//897
f 186//898 1852//898 1446//898
f 186//899 1982//899 457//899
f 187//900 746//900 1447//900
f 187//901 771//901 1191//901
f 187//902 1191//902 746//902
f 187//903 1447//903 771//903
f 188//904 459//904 1583//904
f 188//905 698//905 1356//905
f 188//906 876//906 698//906
f 188//907 1295//907 876//907
f 188//774 1356//774 459//774
f 188//908 1583//908 1295//908
f 189//909 446//909 2073//909
f 189//910 559//910 1584//910
f 189//911 1129//911 559//911
f 189//912 1584//912 446//912
f 189//913 1855//913 1129//913
f 190//914 961//914 1450//914
f 190//915 996//915 961//915
f 190//916 1342//916 1750//916
f 190//917 1450//917 1856//917
f 190//918 1750//918 996//918
f 190//919 1856//919 1342//919
f 191//920 384//920 638//920
f 191//921 1006//921 384//921
f 192//922 306//922 1715//922
f 192//923 1662//923 306//923
f 192//924 1715//924 1988//924
f 192//925 1768//925 1930//925
f 192//926 1930//926 1662//926
f 192//927 1988//927 1768//927
f 193//928 791//928 1453//928
f 193//929 1186//929 1330//929
f 193//930 1330//930 791//930
f 193//931 1453//931 881//931
f 194//932 415//932 594//932
f 194//933 594//933 735//933
f 194//934 690//934 1187//934
f 194//935 735//935 690//935
f 195//936 416//936 1629//936
f 195//937 736//937 416//937
f 195//938 980//938 1831//938
f 195//939 1302//939 736//939
f 195//940 1629//940 980//940
f 195//941 1831//941 1302//941
f 196//942 417//942 1100//942
f 196//943 589//943 898//943
f 196//944 898//944 417//944
f 196//945 1100//945 1757//945
f 196//946 1757//946 589//946
f 197//947 380//947 555//947
f 197//182 795//182 380//182
f 197//948 1974//948 795//948
f 198//949 485//949 1632//949
f 198//950 819//950 1305//950
f 198//951 1305//951 485//951
f 198//952 1632//952 1797//952
f 198//54 1797//54 819//54
f 199//953 355//953 1801//953
f 199//954 513//954 355//954
f 199//12 754//12 1459//12
f 199//12 1459//12 513//12
f 199//955 1729//955 754//955
f 199//956 1801//956 1729//956
f 200//38 711//38 888//38
f 200//957 1380//957 711//957
f 201//958 472//958 1415//958
f 201//959 1415//959 488//959
f 201//960 1731//960 472//960
f 202//961 338//961 2013//961
f 202//962 732//962 338//962
f 202//963 968//963 1822//963
f 202//964 1451//964 732//964
f 202//965 1822//965 1451//965
f 202//966 2013//966 968//966
f 203//967 474//967 2058//967
f 203//968 921//968 1764//968
f 203//969 1688//969 474//969
f 203//970 1764//970 1688//970
f 203//971 2058//971 921//971
f 204//12 475//12 758//12
f 204//972 720//972 802//972
f 204//973 758//973 720//973
f 204//974 802//974 1463//974
f 204//975 1463//975 475//975
f 205//976 289//976 1841//976
f 205//977 341//977 1419//977
f 205//978 1419//978 1950//978
f 205//979 1841//979 745//979
f 205//980 1950//980 289//980
f 206//981 493//981 728//981
f 206//982 520//982 1465//982
f 206//983 728//983 1386//983
f 206//984 1328//984 520//984
f 206//985 1386//985 1328//985
f 206//986 1465//986 493//986
f 207//987 560//987 1466//987
f 207//988 761//988 1147//988
f 207//989 1147//989 1752//989
f 207//990 1344//990 560//990
f 207//991 1466//991 761//991
f 207//992 1752//992 1344//992
f 208//993 1315//993 2004//993
f 208//994 1663//994 495//994
f 208//995 2004//995 1663//995
f 209//996 660//996 1975//996
f 209//997 719//997 1769//997
f 209//998 926//998 1828//998
f 209//999 1769//999 926//999
f 209//54 1828//54 660//54
f 209//1000 1975//1000 719//1000
f 210//1001 465//1001 1889//1001
f 210//1002 527//1002 1814//1002
f 210//1003 942//1003 527//1003
f 210//800 1255//800 465//800
f 210//1004 1814//1004 1255//1004
f 210//1005 1889//1005 942//1005
f 211//1006 631//1006 1470//1006
f 211//1007 732//1007 1451//1007
f 211//1008 1256//1008 631//1008
f 211//1009 1470//1009 1559//1009
f 211//1010 1559//1010 732//1010
f 212//1011 995//1011 1942//1011
f 212//1012 1430//1012 1471//1012
f 213//1013 545//1013 1077//1013
f 213//1014 553//1014 545//1014
f 213//1015 1077//1015 425//1015
f 214//54 531//54 1259//54
f 214//1016 804//1016 997//1016
f 214//1017 997//1017 1677//1017
f 214//54 1183//54 531//54
f 214//1018 1259//1018 804//1018
f 214//1019 1677//1019 1183//1019
f 215//12 396//12 1843//12
f 215//1020 702//1020 1352//1020
f 215//12 1184//12 396//12
f 215//1021 1352//1021 1184//1021
f 215//12 1843//12 702//12
f 216//1022 397//1022 1197//1022
f 216//1023 1051//1023 1368//1023
f 216//1024 1185//1024 1051//1024
f 216//1025 1197//1025 1185//1025
f 216//1026 1368//1026 397//1026
f 217//1027 387//1027 1476//1027
f 217//1028 814//1028 1554//1028
f 217//1029 1476//1029 814//1029
f 217//1030 2060//1030 387//1030
f 218//1031 1146//1031 583//1031
f 218//318 1451//318 1822//318
f 218//1032 1822//1032 1871//1032
f 218//1033 1871//1033 1146//1033
f 219//38 639//38 1478//38
f 219//1034 1054//1034 639//1034
f 219//1035 1112//1035 1054//1035
f 219//12 1478//12 1112//12
f 220//1036 325//1036 536//1036
f 220//391 1479//391 325//391
f 220//38 1667//38 1479//38
f 221//1037 900//1037 1358//1037
f 221//1038 2016//1038 341//1038
f 222//1039 642//1039 1533//1039
f 222//1040 693//1040 642//1040
f 222//1041 886//1041 693//1041
f 222//1042 1533//1042 1743//1042
f 222//1043 1743//1043 886//1043
f 223//1044 872//1044 1782//1044
f 223//1045 990//1045 872//1045
f 223//1046 1268//1046 990//1046
f 223//1047 1375//1047 1827//1047
f 223//1048 1782//1048 1375//1048
f 223//1049 1827//1049 1268//1049
f 224//1050 614//1050 1445//1050
f 224//1051 1269//1051 1572//1051
f 224//1052 1445//1052 1269//1052
f 224//1053 1543//1053 614//1053
f 224//1054 1572//1054 1543//1054
f 225//1055 406//1055 1007//1055
f 225//1056 511//1056 1346//1056
f 225//1057 852//1057 1946//1057
f 225//1058 1007//1058 511//1058
f 225//1059 1346//1059 852//1059
f 225//1060 1946//1060 406//1060
f 226//1061 301//1061 512//1061
f 226//1062 407//1062 1165//1062
f 226//1063 512//1063 1347//1063
f 226//1064 1165//1064 301//1064
f 226//1065 1347//1065 1785//1065
f 226//1066 1785//1066 407//1066
f 227//1067 662//1067 1166//1067
f 227//1068 854//1068 1227//1068
f 227//12 1166//12 1786//12
f 227//1069 1227//1069 662//1069
f 227//1070 1786//1070 854//1070
f 228//1071 2103//1071 2107//1071
f 228//1072 1564//1072 2104//1072
f 228//1073 2107//1073 1564//1073
f 229//12 439//12 1592//12
f 229//12 599//12 439//12
f 229//12 723//12 1698//12
f 229//1074 1381//1074 723//1074
f 229//1075 1592//1075 1381//1075
f 229//12 1698//12 599//12
f 230//1076 1428//1076 516//1076
f 230//1077 1714//1077 1428//1077
f 230//1078 2025//1078 1714//1078
f 231//1079 577//1079 1169//1079
f 231//54 1169//54 725//54
f 231//1080 1805//1080 577//1080
f 232//1081 333//1081 1084//1081
f 232//1082 751//1082 1705//1082
f 232//1083 858//1083 333//1083
f 232//1084 914//1084 1170//1084
f 232//1085 1084//1085 751//1085
f 232//1086 1170//1086 858//1086
f 232//1087 1705//1087 914//1087
f 233//1088 704//1088 1300//1088
f 233//1089 1209//1089 704//1089
f 233//1090 1300//1090 1491//1090
f 234//1091 705//1091 1650//1091
f 234//1092 1068//1092 1544//1092
f 234//1093 1210//1093 1703//1093
f 234//1094 1544//1094 705//1094
f 234//1095 1650//1095 1210//1095
f 234//1096 1703//1096 1068//1096
f 235//1097 378//1097 1173//1097
f 235//1098 412//1098 1519//1098
f 235//1099 1519//1099 1651//1099
f 235//1100 1651//1100 378//1100
f 236//1101 574//1101 1235//1101
f 236//1102 780//1102 574//1102
f 236//1103 1134//1103 1985//1103
f 236//1104 1235//1104 1134//1104
f 236//1105 1456//1105 780//1105
f 236//1106 1985//1106 1456//1106
f 237//1107 472//1107 2042//1107
f 237//1108 568//1108 1373//1108
f 237//1109 1373//1109 1415//1109
f 237//1110 1415//1110 472//1110
f 237//1111 1536//1111 568//1111
f 237//1112 2042//1112 1536//1112
f 238//1113 924//1113 2061//1113
f 238//1114 1586//1114 924//1114
f 238//1115 1811//1115 1586//1115
f 238//1116 2061//1116 1222//1116
f 239//1117 604//1117 1509//1117
f 239//1118 938//1118 604//1118
f 239//1119 1509//1119 1798//1119
f 239//1120 1798//1120 688//1120
f 239//1121 1957//1121 938//1121
f 240//1122 540//1122 1737//1122
f 240//1123 926//1123 1769//1123
f 240//1124 1316//1124 1557//1124
f 240//1125 1557//1125 540//1125
f 240//1126 1737//1126 926//1126
f 240//1127 1769//1127 1316//1127
f 241//1128 325//1128 1479//1128
f 241//1129 499//1129 1558//1129
f 241//1130 847//1130 1189//1130
f 241//1131 1189//1131 1741//1131
f 241//1132 1479//1132 847//1132
f 241//1133 1558//1133 325//1133
f 241//12 1741//12 499//12
f 242//1134 320//1134 1493//1134
f 242//1135 680//1135 320//1135
f 242//1136 976//1136 680//1136
f 242//1137 1002//1137 1819//1137
f 242//1138 1493//1138 1002//1138
f 242//1139 1819//1139 976//1139
f 243//1140 321//1140 1490//1140
f 243//1141 1170//1141 914//1141
f 243//1142 1490//1142 1170//1142
f 244//1143 781//1143 1922//1143
f 244//1144 1175//1144 1653//1144
f 244//1145 1653//1145 1213//1145
f 244//1146 1922//1146 1175//1146
f 246//1147 606//1147 1865//1147
f 246//1148 733//1148 1835//1148
f 246//1149 1200//1149 733//1149
f 246//1150 1865//1150 1200//1150
f 247//1151 1060//1151 2063//1151
f 247//1152 2056//1152 1060//1152
f 247//1153 2063//1153 1217//1153
f 248//1154 579//1154 1797//1154
f 248//1155 920//1155 1111//1155
f 248//1156 1111//1156 579//1156
f 248//1157 1632//1157 920//1157
f 248//1158 1797//1158 1632//1158
f 249//1159 1325//1159 1999//1159
f 249//1160 1999//1160 1417//1160
f 250//1161 200//1161 273//1161
f 251//1162 723//1162 1660//1162
f 251//1163 1025//1163 1502//1163
f 251//1164 1660//1164 1221//1164
f 252//1165 275//1165 1065//1165
f 252//1166 1065//1166 1781//1166
f 252//1167 1929//1167 275//1167
f 253//1168 478//1168 925//1168
f 253//1169 925//1169 1116//1169
f 253//1170 1116//1170 2018//1170
f 253//1171 2018//1171 1042//1171
f 254//1172 526//1172 1543//1172
f 254//12 1543//12 1572//12
f 254//12 1572//12 2019//12
f 254//1173 1813//1173 526//1173
f 254//1174 2019//1174 1813//1174
f 255//1175 1118//1175 1911//1175
f 255//1176 1911//1176 564//1176
f 256//1177 1319//1177 1574//1177
f 256//1178 1462//1178 1231//1178
f 256//1179 1574//1179 1462//1179
f 257//1180 316//1180 1272//1180
f 257//1181 1120//1181 1455//1181
f 257//12 1272//12 1786//12
f 257//1182 1455//1182 1794//1182
f 257//12 1786//12 1120//12
f 257//1183 1794//1183 316//1183
f 258//1184 397//1184 1876//1184
f 258//805 778//805 1402//805
f 258//1185 828//1185 1197//1185
f 258//1186 1197//1186 397//1186
f 258//1187 1402//1187 828//1187
f 258//1108 1876//1108 778//1108
f 259//1188 410//1188 1350//1188
f 259//1189 1077//1189 545//1189
f 259//1190 1350//1190 1077//1190
f 260//1191 693//1191 886//1191
f 260//1192 886//1192 1033//1192
f 260//1193 1033//1193 1669//1193
f 260//1194 1199//1194 693//1194
f 260//54 1669//54 1878//54
f 260//1195 1878//1195 1199//1195
f 261//1196 288//1196 839//1196
f 261//1197 839//1197 1937//1197
f 261//1198 959//1198 1500//1198
f 261//1199 1500//1199 288//1199
f 262//1200 514//1200 1802//1200
f 262//1201 695//1201 1125//1201
f 262//1202 1125//1202 514//1202
f 262//1203 1483//1203 695//1203
f 263//1204 696//1204 1746//1204
f 263//1205 1117//1205 1672//1205
f 263//1206 1202//1206 696//1206
f 263//1207 1338//1207 1117//1207
f 263//1208 1672//1208 1202//1208
f 263//1209 1746//1209 1338//1209
f 264//1210 623//1210 1203//1210
f 264//1211 905//1211 623//1211
f 264//1210 1203//1210 2043//1210
f 264//1212 1916//1212 905//1212
f 265//1213 906//1213 1280//1213
f 265//1214 1128//1214 2044//1214
f 265//774 1204//774 1128//774
f 265//1215 1280//1215 1956//1215
f 265//774 1956//774 1204//774
f 265//1216 2044//1216 906//1216
f 266//12 737//12 1395//12
f 266//1217 1395//1217 1800//1217
f 266//1218 1539//1218 2045//1218
f 266//1219 1800//1219 1539//1219
f 266//1220 1992//1220 737//1220
f 266//1221 2045//1221 1992//1221
f 267//1222 537//1222 893//1222
f 267//1223 893//1223 625//1223
f 268//1224 668//1224 2047//1224
f 268//318 965//318 668//318
f 268//1225 1207//1225 1677//1225
f 268//1226 1541//1226 1207//1226
f 268//1227 1677//1227 965//1227
f 268//1228 2047//1228 1541//1228
f 269//1229 865//1229 1587//1229
f 269//1230 1208//1230 1812//1230
f 269//1231 1812//1231 865//1231
f 269//1232 1887//1232 1208//1232
f 270//1233 807//1233 1888//1233
f 270//1234 1044//1234 1468//1234
f 270//1235 1888//1235 1044//1235
f 270//1236 2063//1236 807//1236
f 271//1237 1045//1237 1537//1237
f 271//1238 1537//1238 1973//1238
f 271//1239 1973//1239 1990//1239
f 272//1240 742//1240 1053//1240
f 272//1241 1053//1241 962//1241
f 272//1242 1590//1242 742//1242
f 273//12 200//12 888//12
f 274//1243 692//1243 1803//1243
f 274//1244 1803//1244 1540//1244
f 274//1245 1892//1245 692//1245
f 275//1246 1420//1246 1078//1246
f 275//1247 1929//1247 1420//1247
f 276//1248 947//1248 1790//1248
f 276//1249 1421//1249 947//1249
f 276//1250 1790//1250 1920//1250
f 276//1251 1920//1251 1952//1251
f 277//1252 681//1252 762//1252
f 277//1253 726//1253 1862//1253
f 277//1254 1862//1254 681//1254
f 278//1255 1354//1255 1521//1255
f 278//1256 1521//1256 682//1256
f 278//1257 1627//1257 1354//1257
f 278//1258 1954//1258 1627//1258
f 279//1070 315//1070 950//1070
f 279//1259 683//1259 1522//1259
f 279//842 950//842 1339//842
f 279//842 1339//842 683//842
f 279//1260 1522//1260 1724//1260
f 279//1070 1724//1070 315//1070
f 280//1261 1538//1261 370//1261
f 280//1262 1598//1262 1538//1262
f 280//1263 1898//1263 1598//1263
f 281//1264 640//1264 1919//1264
f 281//1265 1277//1265 640//1265
f 281//1266 1357//1266 1277//1266
f 281//1267 1726//1267 1357//1267
f 281//1268 1919//1268 1726//1268
f 282//1269 575//1269 1411//1269
f 282//1270 1411//1270 1900//1270
f 282//1271 1900//1271 1986//1271
f 283//1272 312//1272 338//1272
f 283//1273 338//1273 1530//1273
f 283//1274 1530//1274 1409//1274
f 284//1275 1058//1275 2003//1275
f 284//1276 1413//1276 1534//1276
f 284//1277 1534//1277 1058//1277
f 284//1278 1633//1278 1902//1278
f 284//1279 1902//1279 1413//1279
f 284//1280 2003//1280 1633//1280
f 285//1281 844//1281 1753//1281
f 285//1282 1626//1282 844//1282
f 285//1283 1753//1283 1414//1283
f 286//1284 496//1284 1754//1284
f 286//1285 1484//1285 496//1285
f 286//1286 1694//1286 1484//1286
f 286//1287 1754//1287 1431//1287
f 287//1288 1061//1288 1499//1288
f 287//1289 1218//1289 1551//1289
f 287//1290 1499//1290 2028//1290
f 287//1291 1551//1291 1061//1291
f 287//1292 2028//1292 2064//1292
f 287//1293 2064//1293 1218//1293
f 288//1294 929//1294 1681//1294
f 288//1295 1433//1295 929//1295
f 288//1296 1500//1296 1433//1296
f 288//1297 1681//1297 839//1297
f 289//1298 930//1298 1337//1298
f 289//1299 1337//1299 1841//1299
f 289//1300 1434//1300 930//1300
f 289//1301 1950//1301 1434//1301
f 290//1302 1042//1302 1223//1302
f 290//1303 1223//1303 1314//1303
f 290//1304 1314//1304 2067//1304
f 291//1305 429//1305 598//1305
f 291//1306 598//1306 1886//1306
f 291//1307 932//1307 2068//1307
f 291//1308 1162//1308 429//1308
f 291//54 1886//54 932//54
f 292//1309 933//1309 1006//1309
f 293//1310 345//1310 1423//1310
f 293//1311 449//1311 2020//1311
f 293//1312 1423//1312 449//1312
f 293//1313 2020//1313 1873//1313
f 294//1314 336//1314 688//1314
f 294//1315 565//1315 1343//1315
f 294//1316 688//1316 1912//1316
f 294//12 1343//12 1890//12
f 294//1317 1890//1317 336//1317
f 294//1318 1912//1318 565//1318
f 295//54 1038//54 1098//54
f 295//1319 1098//1319 1823//1319
f 295//54 1401//54 1038//54
f 295//1320 1688//1320 1401//1320
f 295//1321 1823//1321 1688//1321
f 296//1322 1614//1322 1099//1322
f 297//1323 368//1323 799//1323
f 297//1324 483//1324 368//1324
f 297//38 799//38 1713//38
f 297//1325 981//1325 483//1325
f 297//1326 1713//1326 981//1326
f 298//1327 697//1327 993//1327
f 298//54 905//54 1916//54
f 298//1328 993//1328 2002//1328
f 298//1329 1582//1329 905//1329
f 298//1330 1916//1330 697//1330
f 298//1331 2002//1331 1582//1331
f 299//1332 678//1332 1517//1332
f 299//1333 718//1333 678//1333
f 299//318 795//318 1974//318
f 299//1334 1032//1334 1993//1334
f 299//318 1334//318 795//318
f 299//12 1517//12 1334//12
f 299//1335 1974//1335 1032//1335
f 299//1336 1993//1336 718//1336
f 300//1337 600//1337 1438//1337
f 300//1338 897//1338 600//1338
f 300//1339 1013//1339 897//1339
f 300//1340 1438//1340 1799//1340
f 300//1341 1799//1341 1013//1341
f 301//1342 974//1342 512//1342
f 301//1343 1165//1343 1620//1343
f 301//1344 1620//1344 1719//1344
f 301//1345 1719//1345 974//1345
f 302//1346 408//1346 1348//1346
f 302//1347 438//1347 972//1347
f 302//1348 809//1348 1379//1348
f 302//1349 972//1349 408//1349
f 302//1350 1379//1350 438//1350
f 303//1351 973//1351 1765//1351
f 303//1352 1326//1352 2105//1352
f 303//1353 1765//1353 1326//1353
f 304//1354 737//1354 1327//1354
f 304//1355 1327//1355 855//1355
f 305//54 583//54 789//54
f 305//318 789//318 2075//318
f 305//1356 1488//1356 1804//1356
f 305//1357 1804//1357 583//1357
f 305//1358 2075//1358 1488//1358
f 306//1359 517//1359 827//1359
f 306//1360 827//1360 1109//1360
f 306//1361 1109//1361 1715//1361
f 306//1362 1662//1362 517//1362
f 307//1363 457//1363 1171//1363
f 307//1364 607//1364 457//1364
f 307//1365 667//1365 418//1365
f 307//1366 1171//1366 667//1366
f 308//1367 626//1367 1643//1367
f 308//1368 1279//1368 1807//1368
f 308//1369 1807//1369 626//1369
f 308//1370 1969//1370 1279//1370
f 309//1371 378//1371 1280//1371
f 309//1372 906//1372 1083//1372
f 309//1373 1083//1373 1808//1373
f 309//1374 1173//1374 378//1374
f 309//1375 1280//1375 906//1375
f 309//1376 1808//1376 1173//1376
f 310//1377 450//1377 1877//1377
f 310//1378 1710//1378 450//1378
f 310//1379 2035//1379 1710//1379
f 311//1380 657//1380 863//1380
f 311//1381 731//1381 657//1381
f 311//1382 863//1382 1389//1382
f 311//1383 1320//1383 1863//1383
f 311//1384 1389//1384 1320//1384
f 311//1385 1863//1385 731//1385
f 312//1386 327//1386 1647//1386
f 312//1387 849//1387 327//1387
f 312//1388 1647//1388 2013//1388
f 312//1389 2013//1389 338//1389
f 313//1390 427//1390 1722//1390
f 313//1391 820//1391 1177//1391
f 313//1392 1027//1392 427//1392
f 313//1393 1177//1393 1812//1393
f 313//1394 1722//1394 820//1394
f 313//1395 1812//1395 1027//1395
f 314//1396 629//1396 1813//1396
f 314//1397 1126//1397 1989//1397
f 314//1398 1338//1398 1126//1398
f 314//1399 1813//1399 1338//1399
f 314//1400 1989//1400 629//1400
f 315//1401 1179//1401 1469//1401
f 315//1402 1724//1402 1179//1402
f 316//1403 1637//1403 1272//1403
f 317//1404 1378//1404 907//1404
f 317//1405 1749//1405 1378//1405
f 318//1406 530//1406 1556//1406
f 318//1407 1556//1407 2062//1407
f 318//1408 1639//1408 1817//1408
f 318//1409 1817//1409 530//1409
f 319//1410 580//1410 1868//1410
f 319//54 1640//54 1839//54
f 319//1411 1818//1411 1640//1411
f 319//54 1839//54 580//54
f 319//1412 1868//1412 1818//1412
f 320//1413 680//1413 1920//1413
f 320//1414 1920//1414 412//1414
f 321//1415 1388//1415 2037//1415
f 321//1416 2037//1416 1490//1416
f 322//1417 845//1417 1611//1417
f 322//1418 1221//1418 2031//1418
f 322//1419 1611//1419 1262//1419
f 322//1420 2031//1420 845//1420
f 323//1421 846//1421 1263//1421
f 323//1422 1037//1422 1537//1422
f 323//1423 1263//1423 1037//1423
f 323//1424 1537//1424 1732//1424
f 323//1425 1628//1425 846//1425
f 323//1426 1732//1426 1628//1426
f 324//1427 669//1427 1264//1427
f 324//12 1417//12 966//12
f 324//1428 966//1428 669//1428
f 324//1429 1264//1429 2014//1429
f 325//38 1152//38 1333//38
f 325//1430 1333//1430 536//1430
f 325//38 1558//38 1152//38
f 326//1431 1206//1431 1480//1431
f 326//1432 1480//1432 848//1432
f 327//1433 849//1433 1057//1433
f 328//1434 366//1434 643//1434
f 328//1435 643//1435 1405//1435
f 328//1436 850//1436 366//1436
f 328//1437 1405//1437 2053//1437
f 328//1438 1758//1438 850//1438
f 328//1439 2053//1439 1758//1439
f 329//1440 836//1440 1828//1440
f 329//1441 851//1441 1406//1441
f 329//1442 1406//1442 836//1442
f 329//1443 1422//1443 851//1443
f 329//1444 1828//1444 1043//1444
f 330//1445 480//1445 1738//1445
f 330//1446 1407//1446 480//1446
f 331//1447 615//1447 1001//1447
f 331//1448 882//1448 1408//1448
f 331//1449 1001//1449 1830//1449
f 331//1402 1408//1402 1724//1402
f 331//1402 1724//1402 615//1402
f 331//1448 1830//1448 882//1448
f 332//12 1105//12 1249//12
f 332//12 2036//12 1105//12
f 333//38 617//38 1084//38
f 333//1450 858//1450 617//1450
f 334//1451 484//1451 988//1451
f 334//1452 988//1452 1668//1452
f 334//1453 1668//1453 1833//1453
f 335//1454 381//1454 796//1454
f 335//1455 709//1455 381//1455
f 335//1456 796//1456 1458//1456
f 335//1457 1359//1457 709//1457
f 335//1458 1458//1458 1834//1458
f 335//1459 1834//1459 1359//1459
f 336//1460 710//1460 688//1460
f 336//1461 1076//1461 710//1461
f 336//1462 1890//1462 1076//1462
f 337//1463 982//1463 1141//1463
f 337//1464 1141//1464 1461//1464
f 337//1465 1461//1465 1323//1465
f 337//1466 2012//1466 982//1466
f 338//1467 732//1467 1530//1467
f 339//1468 430//1468 1143//1468
f 339//12 786//12 994//12
f 339//906 936//906 430//906
f 339//38 1143//38 1658//38
f 339//906 1234//906 936//906
f 339//12 1658//12 786//12
f 340//1469 409//1469 1787//1469
f 340//1469 529//1469 892//1469
f 340//1470 892//1470 677//1470
f 340//1469 1787//1469 529//1469
f 341//1471 908//1471 1419//1471
f 341//1472 2016//1472 908//1472
f 342//1473 1624//1473 1951//1473
f 342//1474 1951//1474 1842//1474
f 343//1475 998//1475 1474//1475
f 343//1476 1474//1476 1662//1476
f 343//1477 1662//1477 1945//1477
f 343//1478 1945//1478 998//1478
f 344//1479 495//1479 1663//1479
f 344//1480 903//1480 2041//1480
f 344//1481 1953//1481 903//1481
f 344//1482 2041//1482 495//1482
f 345//1483 496//1483 645//1483
f 345//1484 645//1484 1423//1484
f 345//1485 1149//1485 1845//1485
f 345//1486 1845//1486 496//1486
f 346//1487 534//1487 792//1487
f 346//1488 792//1488 1710//1488
f 346//1489 986//1489 1370//1489
f 346//1490 1370//1490 534//1490
f 346//1491 1710//1491 2035//1491
f 346//1492 2035//1492 986//1492
f 347//318 809//318 1425//318
f 347//54 1425//54 1847//54
f 348//1493 1368//1493 1610//1493
f 348//1494 1372//1494 1368//1494
f 349//1495 453//1495 1004//1495
f 349//12 500//12 1577//12
f 349//1496 1004//1496 500//1496
f 349//1497 1289//1497 453//1497
f 349//12 1577//12 2024//12
f 349//1498 2024//1498 1289//1498
f 350//1499 365//1499 1005//1499
f 350//1500 440//1500 871//1500
f 350//1501 871//1501 365//1501
f 350//1502 1005//1502 440//1502
f 351//1503 839//1503 1681//1503
f 351//1504 872//1504 990//1504
f 351//1505 990//1505 1850//1505
f 351//1506 1681//1506 502//1506
f 351//1507 1850//1507 839//1507
f 352//1508 549//1508 1671//1508
f 352//1509 873//1509 1247//1509
f 352//1510 948//1510 873//1510
f 352//1511 1247//1511 549//1511
f 352//12 1671//12 948//12
f 353//1512 548//1512 1384//1512
f 353//1513 1157//1513 1895//1513
f 353//1514 1384//1514 1939//1514
f 353//1515 1702//1515 548//1515
f 353//1516 1895//1516 1702//1516
f 353//157 1939//157 1157//157
f 354//1517 822//1517 1770//1517
f 354//1518 1362//1518 993//1518
f 354//1519 1469//1519 822//1519
f 354//1520 1770//1520 1362//1520
f 355//1521 513//1521 1927//1521
f 355//1522 823//1522 1801//1522
f 355//1523 1295//1523 1583//1523
f 355//1524 1583//1524 823//1524
f 355//1525 1927//1525 1295//1525
f 356//1526 1273//1526 491//1526
f 356//1527 1364//1527 1273//1527
f 357//1528 923//1528 1262//1528
f 357//1529 1262//1529 1611//1529
f 357//1530 1435//1530 1585//1530
f 357//1531 1585//1531 923//1531
f 357//1532 1611//1532 1821//1532
f 357//1533 1821//1533 1997//1533
f 357//1534 1997//1534 1435//1534
f 358//318 1162//318 1707//318
f 358//54 1998//54 2071//54
f 358//318 2071//318 1162//318
f 359//12 510//12 1437//12
f 359//514 678//514 1274//514
f 359//1535 1073//1535 1517//1535
f 359//1536 1274//1536 1678//1536
f 359//1537 1437//1537 1073//1537
f 359//514 1517//514 678//514
f 359//1538 1678//1538 510//1538
f 360//514 480//514 1407//514
f 360//200 1133//200 1438//200
f 360//318 1194//318 2034//318
f 360//1539 1407//1539 1133//1539
f 360//318 1438//318 1194//318
f 360//318 2034//318 480//318
f 361//1540 542//1540 942//1540
f 361//1541 942//1541 1195//1541
f 361//1542 1174//1542 460//1542
f 361//1543 1195//1543 1174//1543
f 362//318 382//318 1196//318
f 362//1544 562//1544 382//1544
f 362//1545 587//1545 1287//1545
f 362//1546 1196//1546 587//1546
f 362//1547 1287//1547 562//1547
f 363//1548 794//1548 1824//1548
f 363//1549 1121//1549 794//1549
f 363//318 1250//318 1121//318
f 363//1550 1824//1550 1250//1550
f 364//1551 671//1551 686//1551
f 364//1552 686//1552 1040//1552
f 364//1553 1040//1553 1683//1553
f 364//1554 1137//1554 671//1554
f 364//1555 1304//1555 1137//1555
f 364//1556 1683//1556 1304//1556
f 365//1557 538//1557 1138//1557
f 365//1558 871//1558 538//1558
f 365//1559 1138//1559 1005//1559
f 366//1560 850//1560 2003//1560
f 366//38 1058//38 2040//38
f 366//38 2003//38 1058//38
f 366//1561 2040//1561 643//1561
f 367//1562 548//1562 1702//1562
f 367//1563 873//1563 948//1563
f 367//1564 948//1564 548//1564
f 368//1565 483//1565 652//1565
f 368//1566 652//1566 1303//1566
f 368//1567 1303//1567 799//1567
f 369//12 800//12 1673//12
f 369//1568 939//1568 1101//1568
f 369//12 1101//12 800//12
f 369//1569 1673//1569 1940//1569
f 369//1570 1940//1570 939//1570
f 370//1571 891//1571 1674//1571
f 370//1572 1538//1572 1748//1572
f 370//1573 1748//1573 891//1573
f 371//1574 720//1574 758//1574
f 371//1575 758//1575 1242//1575
f 371//1576 840//1576 720//1576
f 371//1577 1242//1577 1816//1577
f 371//1578 1580//1578 840//1578
f 371//1579 1816//1579 1580//1579
f 372//1580 508//1580 1856//1580
f 372//1581 774//1581 508//1581
f 372//1582 1161//1582 774//1582
f 372//1583 1297//1583 1720//1583
f 372//1584 1720//1584 1161//1584
f 372//1585 1856//1585 1297//1585
f 373//1586 531//1586 1049//1586
f 373//1587 668//1587 1097//1587
f 373//1588 804//1588 1259//1588
f 373//1589 1049//1589 1541//1589
f 373//1590 1097//1590 1506//1590
f 373//54 1259//54 531//54
f 373//1591 1506//1591 804//1591
f 373//1592 1541//1592 2047//1592
f 373//1593 2047//1593 668//1593
f 374//1594 439//1594 1344//1594
f 374//1595 1344//1595 1542//1595
f 374//1596 1542//1596 805//1596
f 375//1597 806//1597 1254//1597
f 375//1598 956//1598 1088//1598
f 375//1599 1088//1599 1634//1599
f 375//1600 1254//1600 956//1600
f 375//1601 1634//1601 1903//1601
f 376//1602 1089//1602 1431//1602
f 376//1603 1431//1603 1754//1603
f 376//1604 1754//1604 1968//1604
f 377//1605 497//1605 572//1605
f 377//1606 572//1606 1104//1606
f 377//1607 1279//1607 1755//1607
f 377//1608 1755//1608 497//1608
f 378//1609 861//1609 1280//1609
f 378//1610 1651//1610 861//1610
f 380//1611 795//1611 1153//1611
f 380//1612 1153//1612 555//1612
f 381//1613 709//1613 1094//1613
f 381//1614 1094//1614 1154//1614
f 381//1615 1154//1615 796//1615
f 382//1616 509//1616 1233//1616
f 382//1617 562//1617 1072//1617
f 382//1618 887//1618 1760//1618
f 382//1619 1072//1619 509//1619
f 382//1620 1233//1620 887//1620
f 382//318 1549//318 1196//318
f 382//1621 1760//1621 1549//1621
f 383//1622 564//1622 1911//1622
f 383//1623 784//1623 564//1623
f 383//1624 1270//1624 1784//1624
f 383//1625 1762//1625 784//1625
f 383//1626 1784//1626 1762//1626
f 383//1627 1911//1627 1270//1627
f 384//1628 463//1628 853//1628
f 384//1629 853//1629 1763//1629
f 384//1630 933//1630 463//1630
f 384//1631 1006//1631 933//1631
f 384//1632 1763//1632 638//1632
f 385//1633 551//1633 1159//1633
f 385//1634 1009//1634 1854//1634
f 385//1635 1159//1635 1927//1635
f 385//1636 1854//1636 1448//1636
f 385//1637 1927//1637 1009//1637
f 386//1638 663//1638 787//1638
f 386//1639 787//1639 2059//1639
f 386//1640 1160//1640 663//1640
f 386//1641 1591//1641 1836//1641
f 386//1642 1836//1642 1160//1642
f 386//1643 2059//1643 1591//1643
f 387//1644 582//1644 1979//1644
f 387//1645 1130//1645 1735//1645
f 387//1646 1735//1646 1476//1646
f 387//1647 1979//1647 1130//1647
f 387//1648 2060//1648 582//1648
f 388//1649 815//1649 979//1649
f 388//1650 979//1650 1127//1650
f 388//1651 1127//1651 569//1651
f 388//1652 1736//1652 815//1652
f 389//1653 448//1653 1073//1653
f 389//1654 1073//1654 1437//1654
f 389//1655 1452//1655 1708//1655
f 389//1656 1708//1656 448//1656
f 390//1657 821//1657 1178//1657
f 390//1658 1044//1658 1498//1658
f 390//1659 1178//1659 1468//1659
f 390//1660 1225//1660 821//1660
f 390//1661 1468//1661 1044//1661
f 390//1662 1498//1662 1225//1662
f 391//1663 557//1663 1853//1663
f 391//1664 1226//1664 557//1664
f 391//1665 1362//1665 1770//1665
f 391//318 1499//318 1226//318
f 391//1666 1770//1666 1499//1666
f 391//1667 1853//1667 1362//1667
f 392//12 558//12 1771//12
f 394//1668 560//1668 1365//1668
f 394//1669 1502//1669 1773//1669
f 394//38 1773//38 560//38
f 395//1670 701//1670 1728//1670
f 395//1671 826//1671 1515//1671
f 395//1672 1062//1672 1473//1672
f 395//1673 1473//1673 701//1673
f 395//1147 1515//1147 1062//1147
f 395//12 1728//12 826//12
f 396//1674 577//1674 963//1674
f 396//1675 1184//1675 577//1675
f 396//12 1299//12 1843//12
f 397//1676 588//1676 1876//1676
f 397//1677 1368//1677 1614//1677
f 397//1678 1614//1678 588//1678
f 398//1679 476//1679 1385//1679
f 398//1680 597//1680 476//1680
f 398//1681 991//1681 1596//1681
f 398//1682 1385//1682 991//1682
f 398//1683 1596//1683 1676//1683
f 398//1684 1676//1684 597//1684
f 399//1685 477//1685 871//1685
f 399//1686 871//1686 1570//1686
f 399//1687 1131//1687 1477//1687
f 399//1688 1477//1688 477//1688
f 399//1689 1570//1689 1131//1689
f 400//1690 936//1690 2072//1690
f 400//54 1507//54 936//54
f 400//54 1778//54 1507//54
f 400//1691 2072//1691 1839//1691
f 401//1692 1220//1692 1779//1692
f 401//1693 1288//1693 1869//1693
f 401//1694 1779//1694 832//1694
f 401//1695 1869//1695 1220//1695
f 401//1696 1971//1696 1288//1696
f 402//1697 523//1697 1017//1697
f 402//1698 708//1698 1653//1698
f 402//1699 870//1699 708//1699
f 402//1700 1017//1700 1848//1700
f 402//1701 1653//1701 523//1701
f 402//1702 1848//1702 870//1702
f 403//1703 1533//1703 2039//1703
f 403//1704 1980//1704 1533//1704
f 403//1705 2039//1705 1018//1705
f 404//1706 694//1706 1670//1706
f 404//1707 1268//1707 1692//1707
f 404//1708 1482//1708 694//1708
f 404//1709 1670//1709 1268//1709
f 404//1710 1692//1710 1482//1710
f 405//1711 644//1711 1618//1711
f 405//1712 851//1712 644//1712
f 405//1713 1406//1713 851//1713
f 405//1714 1618//1714 1693//1714
f 405//1715 1693//1715 1406//1715
f 406//1716 712//1716 1239//1716
f 406//1717 1239//1717 1308//1717
f 406//1718 1308//1718 1007//1718
f 406//1719 1946//1719 712//1719
f 407//1720 473//1720 1240//1720
f 407//1721 1240//1721 1165//1721
f 407//1722 1785//1722 1947//1722
f 408//1723 972//1723 1875//1723
f 408//1724 1425//1724 1348//1724
f 408//1725 1875//1725 793//1725
f 409//1726 918//1726 1949//1726
f 409//1727 1311//1727 1761//1727
f 409//1728 1761//1728 918//1728
f 409//1729 1949//1729 1787//1729
f 410//1730 810//1730 1350//1730
f 410//1731 1198//1731 1494//1731
f 410//1732 1494//1732 1024//1732
f 411//1733 679//1733 1518//1733
f 411//1734 1351//1734 1842//1734
f 411//54 1518//54 1351//54
f 411//1735 1842//1735 1951//1735
f 411//1736 1951//1736 679//1736
f 412//1737 1790//1737 1519//1737
f 412//1738 1920//1738 1790//1738
f 413//1739 740//1739 2052//1739
f 413//1740 1353//1740 1475//1740
f 413//1741 1441//1741 740//1741
f 413//1742 1475//1742 1441//1742
f 414//1743 443//1743 1028//1743
f 414//1744 519//1744 1081//1744
f 414//1745 814//1745 1476//1745
f 414//1746 1028//1746 1521//1746
f 414//1747 1081//1747 443//1747
f 414//1748 1354//1748 814//1748
f 414//1749 1476//1749 519//1749
f 414//1750 1521//1750 1354//1750
f 415//1751 2043//1751 594//1751
f 416//774 736//774 1883//774
f 416//1752 816//1752 1629//1752
f 416//1753 1883//1753 816//1753
f 417//1754 601//1754 1832//1754
f 417//1755 898//1755 601//1755
f 417//1108 1832//1108 1100//1108
f 418//1756 667//1756 1735//1756
f 418//1757 686//1757 578//1757
f 418//1758 1040//1758 686//1758
f 418//1759 1130//1759 1040//1759
f 418//1760 1735//1760 1130//1760
f 419//1761 554//1761 1562//1761
f 419//318 579//318 1111//318
f 419//1762 819//1762 579//1762
f 419//1763 1111//1763 1324//1763
f 419//1764 1305//1764 819//1764
f 419//1765 1324//1765 1526//1765
f 419//1766 1526//1766 554//1766
f 419//1767 1562//1767 2010//1767
f 419//1768 2010//1768 1305//1768
f 420//1769 659//1769 865//1769
f 420//1770 865//1770 1812//1770
f 420//1771 984//1771 1708//1771
f 420//1772 1284//1772 984//1772
f 420//1773 1708//1773 659//1773
f 420//1774 1812//1774 1284//1774
f 421//1775 837//1775 1074//1775
f 421//1776 1074//1776 1438//1776
f 422//1777 507//1777 1449//1777
f 422//1778 877//1778 1680//1778
f 422//1779 1075//1779 507//1779
f 422//1780 1113//1780 1075//1780
f 422//1781 1449//1781 877//1781
f 422//1782 1680//1782 1113//1782
f 423//1783 1559//1783 1470//1783
f 424//1784 596//1784 1047//1784
f 424//1785 716//1785 1156//1785
f 424//1786 1047//1786 716//1786
f 424//1787 1156//1787 1884//1787
f 424//1788 1205//1788 596//1788
f 424//1789 1884//1789 1205//1789
f 426//1790 1049//1790 1183//1790
f 426//1791 1183//1791 1677//1791
f 426//1792 1207//1792 1049//1792
f 426//1793 1677//1793 1207//1793
f 427//1794 613//1794 880//1794
f 427//1795 880//1795 1504//1795
f 427//1796 1027//1796 613//1796
f 427//1797 1504//1797 1722//1797
f 428//1798 741//1798 1505//1798
f 428//1799 1052//1799 1435//1799
f 428//1800 1435//1800 1776//1800
f 428//1801 1505//1801 1686//1801
f 428//1802 1686//1802 1052//1802
f 428//1803 1776//1803 741//1803
f 429//318 1162//318 2071//318
f 429//1804 1436//1804 1777//1804
f 429//1305 1777//1305 598//1305
f 429//318 1998//318 1436//318
f 429//318 2071//318 1998//318
f 430//318 936//318 1507//318
f 430//1805 1507//1805 1567//1805
f 430//1806 1567//1806 1143//1806
f 431//1807 744//1807 2008//1807
f 431//1808 1031//1808 1524//1808
f 431//1808 1531//1808 1031//1808
f 431//1809 2008//1809 1531//1809
f 432//1810 745//1810 2066//1810
f 432//1811 1615//1811 745//1811
f 432//1812 2001//1812 1615//1812
f 432//1813 2066//1813 1921//1813
f 433//1814 875//1814 1158//1814
f 433//1815 1022//1815 1616//1815
f 433//1816 1158//1816 1691//1816
f 433//1817 1404//1817 1022//1817
f 433//1818 1616//1818 875//1818
f 433//1819 1691//1819 1404//1819
f 434//1820 747//1820 1527//1820
f 434//1821 1087//1821 747//1821
f 434//1822 1527//1822 1511//1822
f 435//1823 644//1823 1059//1823
f 435//1824 748//1824 1618//1824
f 435//1825 1059//1825 748//1825
f 435//1826 1618//1826 644//1826
f 436//1827 1513//1827 622//1827
f 437//1828 623//1828 1882//1828
f 437//1829 1090//1829 1514//1829
f 437//1830 1218//1830 2064//1830
f 437//1831 1514//1831 623//1831
f 437//1832 1882//1832 1218//1832
f 437//1833 2064//1833 1090//1833
f 438//1834 714//1834 972//1834
f 438//1835 721//1835 1473//1835
f 438//1836 1062//1836 714//1836
f 438//1837 1379//1837 721//1837
f 438//1838 1473//1838 1062//1838
f 439//1839 599//1839 1344//1839
f 440//1840 561//1840 1230//1840
f 440//1841 650//1841 871//1841
f 440//1842 1005//1842 561//1842
f 440//1843 1230//1843 650//1843
f 441//1844 482//1844 1276//1844
f 441//1845 706//1845 1318//1845
f 441//1846 1276//1846 706//1846
f 441//1847 1700//1847 482//1847
f 442//1848 780//1848 1136//1848
f 442//1849 1136//1849 2001//1849
f 442//1850 1520//1850 780//1850
f 443//1851 727//1851 1067//1851
f 443//1852 911//1852 1028//1852
f 443//1853 1067//1853 911//1853
f 443//1854 1081//1854 727//1854
f 444//12 615//12 1522//12
f 444//12 912//12 615//12
f 444//1855 1328//1855 1386//1855
f 444//1856 1386//1856 912//1856
f 444//1857 1522//1857 1767//1857
f 444//1858 1767//1858 1328//1858
f 445//1859 521//1859 1808//1859
f 445//1860 913//1860 1002//1860
f 445//38 1002//38 521//38
f 445//1861 1387//1861 913//1861
f 445//1862 1808//1862 1984//1862
f 445//1863 1984//1863 1387//1863
f 446//1864 1584//1864 1809//1864
f 446//1865 1809//1865 1985//1865
f 446//1866 1985//1866 2073//1866
f 447//1867 657//1867 731//1867
f 447//1868 1986//1868 1251//1868
f 1857//1869 638//1869 1763//1869
f 1857//1870 785//1870 954//1870
f 1857//1871 1763//1871 785//1871
f 448//1872 1102//1872 1497//1872
f 448//1873 1497//1873 1073//1873
f 448//1874 1708//1874 1102//1874
f 449//1875 511//1875 763//1875
f 449//1876 763//1876 1528//1876
f 449//1877 1346//1877 511//1877
f 449//1878 1423//1878 1346//1878
f 449//1879 1528//1879 2020//1879
f 450//1880 586//1880 2021//1880
f 450//1881 1014//1881 1877//1881
f 450//1882 1710//1882 586//1882
f 450//1883 2021//1883 1014//1883
f 451//1884 779//1884 1015//1884
f 451//12 1015//12 1786//12
f 451//1885 1967//1885 779//1885
f 452//1886 1185//1886 828//1886
f 452//1887 1426//1887 1185//1887
f 453//12 1289//12 2074//12
f 453//12 2074//12 1442//12
f 454//1888 856//1888 1168//1888
f 454//1889 1275//1889 856//1889
f 454//1890 1290//1890 1275//1890
f 455//1891 1429//1891 1215//1891
f 455//1892 1511//1892 1602//1892
f 455//1893 1602//1893 1429//1893
f 456//1894 544//1894 1840//1894
f 456//1895 1181//1895 544//1895
f 456//1896 1840//1896 1349//1896
f 457//1897 607//1897 1021//1897
f 457//1898 1982//1898 1171//1898
f 458//1899 771//1899 1717//1899
f 458//1900 1191//1900 771//1900
f 458//1901 1404//1901 1691//1901
f 458//1902 1691//1902 1191//1902
f 458//1903 1717//1903 2057//1903
f 458//1904 2057//1904 1404//1904
f 459//1905 609//1905 1023//1905
f 459//1906 1023//1906 1583//1906
f 459//1907 1083//1907 1718//1907
f 459//1908 1356//1908 1083//1908
f 460//1909 610//1909 1719//1909
f 460//1910 1174//1910 610//1910
f 460//1911 1719//1911 1620//1911
f 461//1912 931//1912 1114//1912
f 461//1913 1048//1913 931//1913
f 461//1914 1114//1914 1585//1914
f 461//1915 1161//1915 1720//1915
f 461//1916 1585//1916 1161//1916
f 461//1917 1720//1917 1048//1917
f 462//1918 1041//1918 2017//1918
f 462//1919 1115//1919 1041//1919
f 463//1920 910//1920 2045//1920
f 463//1921 933//1921 910//1921
f 463//1922 2045//1922 853//1922
f 464//1923 682//1923 1445//1923
f 464//1924 1445//1924 1723//1924
f 464//1925 1723//1925 949//1925
f 465//1926 1255//1926 2006//1926
f 465//1927 2006//1927 1889//1927
f 466//1928 750//1928 1409//1928
f 466//1929 1409//1929 1135//1929
f 466//1930 1725//1930 750//1930
f 467//1931 656//1931 1121//1931
f 467//1932 685//1932 1726//1932
f 467//1933 952//1933 685//1933
f 467//1934 1121//1934 1410//1934
f 467//1935 1410//1935 952//1935
f 467//1936 1726//1936 1919//1936
f 467//1937 1919//1937 656//1937
f 468//1938 575//1938 1727//1938
f 468//1939 618//1939 1556//1939
f 468//1940 1182//1940 1411//1940
f 468//1941 1411//1941 575//1941
f 468//1942 1556//1942 1182//1942
f 468//1943 1727//1943 618//1943
f 469//1944 554//1944 1252//1944
f 469//1945 753//1945 1562//1945
f 469//1946 1252//1946 1632//1946
f 469//1947 1562//1947 554//1947
f 469//1948 1632//1948 753//1948
f 470//1949 1034//1949 1306//1949
f 470//12 1215//12 1879//12
f 470//1950 1306//1950 902//1950
f 470//1951 1879//1951 1034//1951
f 471//1952 960//1952 1659//1952
f 471//1953 1460//1953 487//1953
f 471//1954 1659//1954 1978//1954
f 471//1955 1978//1955 1460//1955
f 472//1956 1603//1956 2042//1956
f 472//1957 1731//1957 1603//1957
f 473//1958 586//1958 792//1958
f 473//1959 792//1959 1331//1959
f 473//1960 1331//1960 1240//1960
f 474//38 743//38 1310//38
f 474//1961 1241//1961 1552//1961
f 474//1962 1310//1962 1934//1962
f 474//1963 1552//1963 2058//1963
f 474//12 1688//12 743//12
f 474//1964 1934//1964 1241//1964
f 475//1965 944//1965 1242//1965
f 475//12 1242//12 758//12
f 475//1966 1257//1966 1891//1966
f 475//1967 1463//1967 1257//1967
f 475//1968 1891//1968 944//1968
f 476//1969 597//1969 625//1969
f 476//1970 625//1970 1464//1970
f 476//1971 1464//1971 1938//1971
f 476//1972 1938//1972 1385//1972
f 477//1973 1477//1973 2032//1973
f 478//1974 825//1974 1639//1974
f 478//1975 1639//1975 925//1975
f 478//1976 1965//1976 825//1976
f 479//1977 571//1977 1679//1977
f 479//1978 777//1978 1859//1978
f 479//1979 1649//1979 571//1979
f 480//1980 689//1980 1738//1980
f 480//1981 2034//1981 689//1981
f 481//1982 751//1982 2037//1982
f 481//1983 1705//1983 751//1983
f 481//1984 2037//1984 1388//1984
f 482//1985 547//1985 1383//1985
f 482//1986 1383//1986 1981//1986
f 482//1987 1594//1987 1276//1987
f 482//1988 1700//1988 547//1988
f 482//1989 1981//1989 1594//1989
f 483//1990 981//1990 652//1990
f 484//1991 1631//1991 2038//1991
f 484//1992 2038//1992 988//1992
f 485//1993 753//1993 1632//1993
f 485//1994 1305//1994 2010//1994
f 485//1995 1562//1995 753//1995
f 485//1996 2010//1996 1562//1996
f 486//1997 754//1997 1729//1997
f 486//1998 902//1998 1306//1998
f 486//1596 1139//1596 1902//1596
f 486//1998 1306//1998 754//1998
f 486//12 1729//12 1139//12
f 486//1999 1902//1999 1960//1999
f 486//12 1960//12 902//12
f 487//2000 1140//2000 1730//2000
f 487//2001 1460//2001 1140//2001
f 487//2002 1730//2002 824//2002
f 488//2003 1415//2003 1706//2003
f 488//2004 1495//2004 756//2004
f 488//2005 1706//2005 1495//2005
f 489//2006 576//2006 1601//2006
f 489//2007 962//2007 1053//2007
f 489//2008 971//2008 1142//2008
f 489//2009 1053//2009 971//2009
f 489//2010 1142//2010 576//2010
f 489//2011 1601//2011 962//2011
f 490//2012 669//2012 1999//2012
f 490//2013 1264//2013 669//2013
f 490//415 1999//415 1325//415
f 490//2014 2014//2014 1264//2014
f 491//2015 1273//2015 995//2015
f 492//2016 692//2016 1690//2016
f 492//2017 1145//2017 692//2017
f 492//2018 1206//2018 1569//2018
f 492//2019 1569//2019 1145//2019
f 492//2020 1690//2020 1206//2020
f 493//2021 1465//2021 894//2021
f 494//38 761//38 1466//38
f 494//2022 1093//2022 1314//2022
f 494//2023 1314//2023 627//2023
f 494//38 1466//38 1093//38
f 495//2024 1059//2024 1148//2024
f 495//2025 2041//2025 1059//2025
f 496//2026 1484//2026 645//2026
f 496//2027 1845//2027 1754//2027
f 497//2028 705//2028 572//2028
f 497//2029 867//2029 705//2029
f 497//2030 1150//2030 867//2030
f 498//2031 987//2031 1332//2031
f 498//2032 1332//2032 1864//2032
f 498//2033 1934//2033 987//2033
f 499//1448 1741//1448 1996//1448
f 500//2034 955//2034 747//2034
f 500//2035 1004//2035 955//2035
f 500//12 1617//12 1577//12
f 501//2036 516//2036 1428//2036
f 501//2037 590//2037 1123//2037
f 501//2038 768//2038 516//2038
f 501//2039 1123//2039 768//2039
f 501//2040 1428//2040 590//2040
f 502//2041 769//2041 651//2041
f 502//2042 1681//2042 769//2042
f 503//2043 840//2043 1580//2043
f 503//2044 1580//2044 2026//2044
f 503//2045 1682//2045 840//2045
f 503//2046 2026//2046 1292//2046
f 504//2047 695//2047 1483//2047
f 504//2048 1080//2048 770//2048
f 504//2049 1278//2049 695//2049
f 504//2050 1483//2050 1535//2050
f 504//2051 1535//2051 1080//2051
f 505//2052 771//2052 1447//2052
f 505//2053 1905//2053 771//2053
f 505//2054 1962//2054 1905//2054
f 506//2055 1448//2055 558//2055
f 506//2056 1941//2056 1448//2056
f 507//2057 1075//2057 1964//2057
f 507//2058 1638//2058 1449//2058
f 507//2059 1964//2059 1638//2059
f 508//2060 637//2060 2070//2060
f 508//2061 774//2061 637//2061
f 508//2062 1342//2062 1856//2062
f 508//2060 2070//2060 1342//2060
f 509//2063 1072//2063 1298//2063
f 509//2064 1298//2064 1751//2064
f 509//2065 1751//2065 1233//2065
f 510//2066 790//2066 1887//2066
f 510//2067 1678//2067 790//2067
f 511//2068 1007//2068 1784//2068
f 511//2069 1270//2069 763//2069
f 511//2070 1784//2070 1270//2070
f 512//2071 776//2071 1347//2071
f 512//2072 974//2072 776//2072
f 513//2073 1009//2073 1927//2073
f 513//12 1459//12 1486//12
f 513//2074 1486//2074 1009//2074
f 515//12 788//12 1870//12
f 515//2075 1064//2075 1229//2075
f 515//2076 1229//2076 788//2076
f 515//2077 1381//2077 1592//2077
f 515//2078 1592//2078 1064//2078
f 515//12 1870//12 1381//12
f 516//2079 768//2079 1980//2079
f 517//2080 1474//2080 1489//2080
f 517//2081 1489//2081 827//2081
f 517//2082 1662//2082 1474//2082
f 518//2083 884//2083 1595//2083
f 518//2084 1121//2084 1250//2084
f 518//2085 1250//2085 1899//2085
f 518//2086 1277//2086 1795//2086
f 518//2087 1410//2087 1121//2087
f 518//2088 1595//2088 1410//2088
f 518//2089 1795//2089 884//2089
f 518//2090 1899//2090 1277//2090
f 519//2091 667//2091 1171//2091
f 519//2092 1171//2092 1081//2092
f 519//2093 1476//2093 667//2093
f 520//2094 1082//2094 1492//2094
f 520//2095 1172//2095 1465//2095
f 520//2096 1328//2096 1082//2096
f 520//2097 1492//2097 1172//2097
f 521//2098 1002//2098 1493//2098
f 521//1859 1173//1859 1808//1859
f 522//2099 610//2099 1174//2099
f 522//2100 986//2100 2035//2100
f 522//2101 1174//2101 1599//2101
f 522//2102 1599//2102 986//2102
f 523//2103 1175//2103 1706//2103
f 523//2104 1373//2104 1780//2104
f 523//2105 1653//2105 1175//2105
f 523//2106 1706//2106 1373//2106
f 523//2107 1780//2107 1017//2107
f 524//2108 561//2108 1005//2108
f 524//2109 687//2109 757//2109
f 524//2110 757//2110 2032//2110
f 524//2111 1005//2111 1138//2111
f 524//2112 1131//2112 909//2112
f 524//2113 1138//2113 1267//2113
f 524//2114 1230//2114 561//2114
f 524//2115 1267//2115 687//2115
f 524//2116 1477//2116 1131//2116
f 524//2117 2032//2117 1477//2117
f 525//2118 820//2118 1722//2118
f 525//2119 1322//2119 1924//2119
f 525//2120 1722//2120 1322//2120
f 525//2121 1835//2121 820//2121
f 526//2122 629//2122 1392//2122
f 526//2123 1813//2123 629//2123
f 526//2124 1961//2124 1543//2124
f 527//2125 542//2125 1940//2125
f 527//2126 942//2126 542//2126
f 527//2127 1673//2127 1814//2127
f 527//2128 1940//2128 1673//2128
f 528//2129 883//2129 1394//2129
f 528//2130 1108//2130 2007//2130
f 528//2130 1180//2130 1966//2130
f 528//2131 1366//2131 1108//2131
f 528//54 1394//54 1180//54
f 528//2132 1966//2132 1366//2132
f 528//182 2007//182 883//182
f 529//2133 677//2133 892//2133
f 529//2134 1622//2134 677//2134
f 529//2135 1787//2135 1622//2135
f 530//2136 841//2136 1472//2136
f 530//2137 1182//2137 1556//2137
f 530//2138 1472//2138 1182//2138
f 530//2139 1817//2139 841//2139
f 531//2140 1183//2140 1049//2140
f 532//12 739//12 1440//12
f 532//12 812//12 1609//12
f 532//12 1440//12 1489//12
f 532//2141 1474//2141 812//2141
f 532//2142 1489//2142 1474//2142
f 532//12 1609//12 739//12
f 533//2143 829//2143 1932//2143
f 533//2144 1096//2144 1776//2144
f 533//2145 1330//2145 1792//2145
f 533//2146 1776//2146 1997//2146
f 533//2147 1792//2147 829//2147
f 533//2148 1932//2148 1096//2148
f 533//2149 1997//2149 1330//2149
f 534//2150 1011//2150 1510//2150
f 534//2151 1331//2151 792//2151
f 534//2152 1370//2152 1011//2152
f 534//2153 1510//2153 1331//2153
f 535//2154 624//2154 1733//2154
f 535//2155 1188//2155 624//2155
f 536//2156 1333//2156 1667//2156
f 537//2157 1190//2157 1403//2157
f 537//2158 1403//2158 893//2158
f 537//2159 1796//2159 1190//2159
f 538//2160 871//2160 1826//2160
f 538//2161 1267//2161 1138//2161
f 538//2162 1826//2162 1267//2162
f 539//2163 752//2163 1547//2163
f 539//2164 1192//2164 1827//2164
f 539//2165 1547//2165 1192//2165
f 539//2166 1827//2166 1375//2166
f 540//2167 628//2167 1737//2167
f 540//2168 1193//2168 628//2168
f 540//2168 1376//2168 1193//2168
f 540//1620 1557//1620 1376//1620
f 541//2169 807//2169 1164//2169
f 541//2170 837//2170 1888//2170
f 541//2171 1619//2171 837//2171
f 541//2172 1888//2172 807//2172
f 542//2173 1695//2173 1940//2173
f 543//2174 691//2174 783//2174
f 543//2175 783//2175 1655//2175
f 543//2176 1655//2176 2055//2176
f 544//2177 1181//2177 2015//2177
f 544//2178 2015//2178 1840//2178
f 545//2179 553//2179 1561//2179
f 546//2180 2101//2180 1078//2180
f 546//2181 1351//2181 2101//2181
f 546//2182 1842//2182 1351//2182
f 547//2183 1571//2183 2018//2183
f 547//2184 1700//2184 1894//2184
f 547//2185 1894//2185 1571//2185
f 547//2186 2018//2186 1383//2186
f 548//2187 948//2187 1384//2187
f 549//2188 798//2188 1671//2188
f 549//2189 1247//2189 1938//2189
f 549//2190 1312//2190 798//2190
f 549//2191 1938//2191 1312//2191
f 550//2192 717//2192 1011//2192
f 550//12 800//12 717//12
f 550//12 1029//12 800//12
f 551//2193 1523//2193 1159//2193
f 552//2194 617//2194 1560//2194
f 552//1108 1439//1108 617//1108
f 552//2195 1560//2195 2037//2195
f 552//2196 2037//2196 1439//2196
f 555//2197 733//2197 1200//2197
f 555//2198 767//2198 733//2198
f 555//2199 1153//2199 767//2199
f 555//2200 1200//2200 1563//2200
f 556//2201 821//2201 1635//2201
f 556//2202 1178//2202 821//2202
f 556//2203 2027//2203 1178//2203
f 557//2204 1226//2204 1962//2204
f 557//2205 1636//2205 1853//2205
f 557//2206 1962//2206 1636//2206
f 558//2207 1448//2207 1854//2207
f 558//2208 1854//2208 1771//2208
f 559//2209 1024//2209 1584//2209
f 560//2210 599//2210 1365//2210
f 560//38 1093//38 1466//38
f 560//2211 1344//2211 599//2211
f 560//38 1773//38 1093//38
f 562//2212 1086//2212 1412//2212
f 562//2213 1287//2213 1086//2213
f 562//2214 1412//2214 1072//2214
f 563//2215 869//2215 1996//2215
f 563//2216 1333//2216 869//2216
f 563//2217 1667//2217 1333//2217
f 563//2218 1741//2218 1667//2218
f 563//2219 1996//2219 1741//2219
f 565//2220 1857//2220 1343//2220
f 565//2221 1912//2221 1424//2221
f 566//2222 602//2222 1575//2222
f 566//2223 1069//2223 2022//2223
f 566//2224 1704//2224 1069//2224
f 566//2074 2022//2074 602//2074
f 568//646 1536//646 833//646
f 568//2225 1780//2225 1373//2225
f 569//2226 834//2226 1955//2226
f 569//2227 1127//2227 834//2227
f 569//2228 1955//2228 1222//2228
f 570//2229 940//2229 1511//2229
f 570//2230 955//2230 1457//2230
f 570//2231 1457//2231 1648//2231
f 570//2232 1511//2232 1527//2232
f 570//2233 1527//2233 955//2233
f 570//2234 1648//2234 940//2234
f 571//2235 1225//2235 1498//2235
f 571//2236 1498//2236 1679//2236
f 571//2237 1649//2237 1225//2237
f 572//2238 705//2238 1104//2238
f 573//2239 765//2239 1015//2239
f 573//2240 1015//2240 779//2240
f 574//2241 780//2241 1520//2241
f 574//2242 1016//2242 1235//2242
f 574//2243 1212//2243 1016//2243
f 574//2244 1520//2244 1212//2244
f 575//2245 1600//2245 1727//2245
f 576//2246 1142//2246 1740//2246
f 577//2247 1184//2247 1169//2247
f 577//2248 1291//2248 2011//2248
f 577//2249 1805//2249 1291//2249
f 577//2250 1865//2250 963//2250
f 577//2251 2011//2251 1865//2251
f 578//2252 686//2252 1825//2252
f 578//2253 1825//2253 1972//2253
f 578//2254 1972//2254 1866//2254
f 579//2255 819//2255 1797//2255
f 581//12 1418//12 1734//12
f 581//38 1734//38 838//38
f 582//2256 788//2256 1229//2256
f 582//2257 1229//2257 1979//2257
f 582//2258 2060//2258 788//2258
f 583//2259 1146//2259 789//2259
f 584//2260 673//2260 1981//2260
f 584//2261 1116//2261 925//2261
f 584//2262 1383//2262 1116//2262
f 584//2263 1981//2263 1383//2263
f 585//2264 741//2264 1096//2264
f 585//2265 1096//2265 1932//2265
f 586//2266 1710//2266 792//2266
f 587//2267 1196//2267 1948//2267
f 587//54 1666//54 1287//54
f 587//2268 1948//2268 1666//2268
f 588//2269 778//2269 1876//2269
f 588//2270 1055//2270 778//2270
f 588//2271 1614//2271 1055//2271
f 589//2272 1360//2272 898//2272
f 589//2273 1757//2273 1957//2273
f 589//2274 1957//2274 1360//2274
f 590//2275 901//2275 1199//2275
f 590//2276 1199//2276 1878//2276
f 590//2277 1428//2277 901//2277
f 590//2278 1669//2278 1123//2278
f 590//2279 1878//2279 1669//2279
f 591//2280 1124//2280 1413//2280
f 591//2281 1139//2281 1729//2281
f 591//2282 1413//2282 1139//2282
f 591//2283 1729//2283 1801//2283
f 591//2284 1801//2284 620//2284
f 592//2285 1216//2285 1772//2285
f 593//2286 622//2286 1513//2286
f 593//2287 734//2287 1731//2287
f 593//2288 1036//2288 622//2288
f 593//2289 1513//2289 734//2289
f 594//2290 1203//2290 1514//2290
f 594//2291 1514//2291 735//2291
f 594//2292 2043//2292 1203//2292
f 595//2293 736//2293 1302//2293
f 595//2294 1046//2294 1605//2294
f 595//2295 1302//2295 1046//2295
f 595//2296 1605//2296 1991//2296
f 596//2297 1205//2297 1623//2297
f 596//2298 1623//2298 1766//2298
f 596//2299 1766//2299 1047//2299
f 598//2300 612//2300 1721//2300
f 598//318 1436//318 612//318
f 598//2301 1721//2301 1886//2301
f 598//2302 1777//2302 1436//2302
f 599//2303 1698//2303 1365//2303
f 600//2304 897//2304 2034//2304
f 600//2305 1194//2305 1438//2305
f 600//12 2034//12 1194//12
f 601//2306 898//2306 1424//2306
f 601//2307 1424//2307 1912//2307
f 601//2308 1798//2308 1832//2308
f 601//2309 1912//2309 1798//2309
f 602//2310 739//2310 1397//2310
f 602//2311 1397//2311 1575//2311
f 602//2312 2022//2312 739//2312
f 603//2313 977//2313 755//2313
f 603//2314 1820//2314 977//2314
f 604//2315 938//2315 1100//2315
f 604//805 1100//805 1509//805
f 605//2316 2075//2316 1237//2316
f 606//2317 963//2317 1865//2317
f 606//2318 1238//2318 963//2318
f 607//2319 904//2319 1021//2319
f 607//2320 1293//2320 904//2320
f 608//2321 1218//2321 1882//2321
f 608//2322 1551//2322 1218//2322
f 609//2323 2065//2323 1023//2323
f 610//2324 974//2324 1719//2324
f 610//2325 1877//2325 974//2325
f 611//2326 878//2326 1025//2326
f 611//2327 923//2327 1114//2327
f 611//2327 1025//2327 923//2327
f 611//2326 1114//2326 878//2326
f 613//2328 790//2328 880//2328
f 613//2329 1027//2329 1208//2329
f 613//2330 1208//2330 1887//2330
f 613//2331 1887//2331 790//2331
f 614//2332 1000//2332 1723//2332
f 614//2333 1543//2333 1961//2333
f 614//2334 1723//2334 1445//2334
f 615//2335 912//2335 1001//2335
f 615//12 1724//12 1522//12
f 616//2336 801//2336 1249//2336
f 616//2337 1249//2337 951//2337
f 617//2338 858//2338 1560//2338
f 617//2339 1439//2339 1084//2339
f 618//2340 1727//2340 835//2340
f 618//2341 2062//2341 1556//2341
f 619//1535 916//1535 1567//1535
f 619//2342 1567//2342 1778//2342
f 619//12 1640//12 916//12
f 620//2343 823//2343 1091//2343
f 620//2344 1801//2344 823//2344
f 621//2345 677//2345 1622//2345
f 621//2346 715//2346 2102//2346
f 621//2347 2102//2347 677//2347
f 621//2348 1622//2348 2107//2348
f 621//2349 2107//2349 715//2349
f 622//2350 1036//2350 1565//2350
f 622//2351 1565//2351 919//2351
f 623//2352 905//2352 1882//2352
f 623//2353 1514//2353 1203//2353
f 625//2354 893//2354 1464//2354
f 626//2355 894//2355 1465//2355
f 626//2356 1465//2356 1643//2356
f 626//2357 1807//2357 894//2357
f 627//2358 895//2358 1421//2358
f 627//2359 1314//2359 895//2359
f 628//2360 896//2360 1224//2360
f 628//2361 926//2361 1737//2361
f 628//2362 1193//2362 896//2362
f 628//2363 1224//2363 926//2363
f 629//2364 941//2364 1392//2364
f 629//2365 1989//2365 941//2365
f 630//2366 735//2366 1393//2366
f 630//2367 882//2367 735//2367
f 630//2368 1179//2368 882//2368
f 630//2369 1469//2369 1179//2369
f 631//2370 1256//2370 1906//2370
f 632//2371 713//2371 773//2371
f 632//2372 1485//2372 713//2372
f 632//2373 1907//2373 1485//2373
f 633//2374 1668//2374 1892//2374
f 633//2375 1833//2375 1668//2375
f 634//2376 1608//2376 1994//2376
f 634//2377 1654//2377 2017//2377
f 634//2377 1994//2377 1654//2377
f 634//2376 2017//2376 1608//2376
f 635//2378 1397//2378 1609//2378
f 635//2379 1542//2379 1260//2379
f 635//2380 1609//2380 1542//2380
f 635//2381 1995//2381 1397//2381
f 636//2382 1261//2382 1730//2382
f 636//2383 1398//2383 1261//2383
f 636//2384 1645//2384 1971//2384
f 636//2385 1971//2385 1398//2385
f 637//2386 774//2386 1686//2386
f 637//2387 1399//2387 2070//2387
f 639//2388 1054//2388 1112//2388
f 639//12 1112//12 1478//12
f 640//2389 1277//2389 1899//2389
f 640//2390 1824//2390 2000//2390
f 640//2391 1899//2391 1824//2391
f 640//2392 2000//2392 1919//2392
f 641//2393 818//2393 1266//2393
f 641//2394 900//2394 1615//2394
f 641//2395 1056//2395 1742//2395
f 641//2396 1266//2396 900//2396
f 641//2397 1615//2397 1056//2397
f 641//2398 1742//2398 818//2398
f 642//2399 693//2399 901//2399
f 642//2400 901//2400 1714//2400
f 642//2401 1714//2401 2039//2401
f 642//2402 2039//2402 1533//2402
f 643//2403 1482//2403 1405//2403
f 643//2404 1744//2404 1482//2404
f 643//2405 2040//2405 1744//2405
f 644//2406 851//2406 1148//2406
f 644//2407 1148//2407 1059//2407
f 645//2408 852//2408 1423//2408
f 645//2409 1484//2409 852//2409
f 646//2410 1432//2410 1589//2410
f 646//2411 1551//2411 2057//2411
f 646//2412 1589//2412 1551//2412
f 646//2413 2057//2413 1717//2413
f 647//2414 1348//2414 809//2414
f 1696//2415 1934//2415 647//2415
f 648//2416 877//2416 1160//2416
f 648//2417 1160//2417 1836//2417
f 648//2418 1591//2418 1680//2418
f 648//2419 1680//2419 877//2419
f 648//2420 1836//2420 1591//2420
f 649//2421 805//2421 1945//2421
f 649//2422 1243//2422 1064//2422
f 649//2423 1930//2423 1243//2423
f 649//2424 1945//2424 1930//2424
f 650//2425 760//2425 871//2425
f 650//2426 1230//2426 760//2426
f 651//2427 769//2427 1155//2427
f 651//2428 1066//2428 1594//2428
f 651//2429 1155//2429 1066//2429
f 652//2430 817//2430 1303//2430
f 653//2431 991//2431 1702//2431
f 653//2432 1596//2432 991//2432
f 653//2433 1702//2433 1895//2433
f 653//2434 1895//2434 1596//2434
f 654//1750 1313//1750 1983//1750
f 654//2435 1983//2435 1279//2435
f 654//2436 2050//2436 1313//2436
f 655//12 951//12 2051//12
f 655//2437 1211//2437 1913//2437
f 655//2438 1913//2438 1941//2438
f 655//2439 2051//2439 1211//2439
f 656//2440 794//2440 1121//2440
f 656//2441 1265//2441 794//2441
f 656//2442 1860//2442 1265//2442
f 656//2443 1919//2443 1860//2443
f 657//2444 982//2444 863//2444
f 658//2445 1390//2445 1901//2445
f 658//2446 1566//2446 1838//2446
f 659//2447 1163//2447 865//2447
f 659//318 1452//318 1163//318
f 659//2448 1708//2448 1452//2448
f 660//2449 927//2449 1975//2449
f 660//2450 1828//2450 2005//2450
f 661//2451 1039//2451 1568//2451
f 661//2452 1568//2452 1418//2452
f 662//2453 1579//2453 1166//2453
f 663//1640 1160//1640 1880//1640
f 663//2454 1638//2454 1964//2454
f 663//2455 1880//2455 1638//2455
f 663//2456 1964//2456 787//2456
f 664//2457 825//2457 1965//2457
f 664//2458 1048//2458 1720//2458
f 664//2459 1258//2459 825//2459
f 664//2460 1297//2460 1258//2460
f 664//2461 1720//2461 1297//2461
f 664//2462 1965//2462 1048//2462
f 665//2463 1774//2463 1966//2463
f 665//2464 1815//2464 1256//2464
f 665//2465 1966//2465 1815//2465
f 666//2466 1775//2466 1238//2466
f 666//2467 2069//2467 1775//2467
f 667//2468 1476//2468 1735//2468
f 668//318 965//318 1097//318
f 669//2469 966//2469 1999//2469
f 670//2470 1441//2470 1475//2470
f 670//2471 1475//2471 1546//2471
f 670//2472 1546//2472 766//2472
f 671//2473 1646//2473 1825//2473
f 671//2474 1810//2474 1646//2474
f 671//2475 1825//2475 686//2475
f 672//2476 757//2476 1826//2476
f 672//2477 1374//2477 871//2477
f 672//2478 1826//2478 1374//2478
f 672//2479 2032//2479 757//2479
f 674//2480 889//2480 1784//2480
f 674//2481 1007//2481 1308//2481
f 674//2482 1308//2482 1323//2482
f 674//2483 1323//2483 1461//2483
f 674//2484 1461//2484 889//2484
f 674//2485 1784//2485 1007//2485
f 675//2486 1008//2486 1907//2486
f 675//2487 1231//2487 1910//2487
f 675//2488 1907//2488 1501//2488
f 675//2489 1910//2489 1008//2489
f 676//2490 684//2490 1030//2490
f 676//2491 1030//2491 1674//2491
f 676//2492 1340//2492 684//2492
f 676//2493 891//2493 1340//2493
f 676//2494 1674//2494 891//2494
f 678//12 718//12 1274//12
f 679//2495 856//2495 1275//2495
f 679//2496 1951//2496 856//2496
f 680//2497 843//2497 1625//2497
f 680//2498 976//2498 843//2498
f 680//2499 1625//2499 1920//2499
f 681//2500 1125//2500 1745//2500
f 681//1252 1745//1252 762//1252
f 682//2501 1521//2501 1783//2501
f 682//2502 1783//2502 1445//2502
f 683//2503 1339//2503 1747//2503
f 683//2504 1767//2504 1522//2504
f 685//2505 952//2505 1795//2505
f 685//2506 1357//2506 1726//2506
f 685//2507 1795//2507 1357//2507
f 687//2508 1267//2508 1826//2508
f 687//2509 1826//2509 757//2509
f 688//2510 1798//2510 1912//2510
f 689//2511 985//2511 1285//2511
f 689//2512 1285//2512 1738//2512
f 689//2513 1709//2513 985//2513
f 689//2514 2034//2514 897//2514
f 690//2515 735//2515 882//2515
f 690//2516 882//2516 1187//2516
f 692//2517 848//2517 1480//2517
f 692//2518 988//2518 2038//2518
f 692//2519 1145//2519 1803//2519
f 692//2520 1236//2520 848//2520
f 692//2521 1480//2521 1690//2521
f 692//2522 1668//2522 988//2522
f 692//2523 1892//2523 1668//2523
f 692//2524 2038//2524 1236//2524
f 693//2525 1199//2525 901//2525
f 694//2526 1482//2526 1744//2526
f 694//2527 1937//2527 1670//2527
f 695//2528 1278//2528 1745//2528
f 695//2529 1745//2529 1125//2529
f 696//2530 833//2530 1746//2530
f 696//2531 1202//2531 1915//2531
f 697//842 1339//842 950//842
f 697//2532 1916//2532 1339//2532
f 698//2533 729//2533 1984//2533
f 698//2534 876//2534 1523//2534
f 698//2535 1523//2535 729//2535
f 698//2536 1984//2536 1356//2536
f 699//2537 958//2537 2015//2537
f 699//2538 1976//2538 958//2538
f 699//2539 2015//2539 1181//2539
f 700//2540 803//2540 1943//2540
f 700//2541 1525//2541 1085//2541
f 700//2542 1750//2542 803//2542
f 700//2543 1943//2543 1525//2543
f 701//318 721//318 809//318
f 701//2544 1473//2544 721//2544
f 702//2545 790//2545 1678//2545
f 702//2546 1012//2546 1872//2546
f 702//2547 1274//2547 1858//2547
f 702//2548 1299//2548 790//2548
f 702//2549 1678//2549 1274//2549
f 702//12 1843//12 1299//12
f 702//2550 1858//2550 1012//2550
f 702//2551 1872//2551 1352//2551
f 703//2552 999//2552 1844//2552
f 703//2553 1254//2553 806//2553
f 704//2554 1209//2554 1103//2554
f 704//2555 1829//2555 1300//2555
f 705//2556 867//2556 1650//2556
f 705//2557 1544//2557 1104//2557
f 706//2558 861//2558 1651//2558
f 706//2559 1276//2559 1756//2559
f 706//2560 1651//2560 1318//2560
f 706//2561 1756//2561 861//2561
f 707//2562 1874//2562 1319//2562
f 708//38 915//38 1213//38
f 708//2563 1213//2563 1653//2563
f 709//2564 1359//2564 1923//2564
f 710//12 1076//12 2055//12
f 710//2565 2055//2565 1655//2565
f 711//38 838//38 1734//38
f 711//2566 1380//2566 838//2566
f 711//2567 1734//2567 1039//2567
f 712//2568 1694//2568 1550//2568
f 712//2569 1946//2569 1694//2569
f 713//2570 890//2570 1309//2570
f 713//2571 1309//2571 2030//2571
f 713//2572 1485//2572 1657//2572
f 713//2573 1657//2573 890//2573
f 713//2574 2030//2574 773//2574
f 922//2575 973//2575 715//2575
f 716//2576 1047//2576 1766//2576
f 716//2577 1766//2577 1896//2577
f 716//2578 1896//2578 1156//2578
f 717//2579 800//2579 1897//2579
f 717//2580 1510//2580 1011//2580
f 717//2581 1897//2581 1510//2581
f 718//2582 1012//2582 1858//2582
f 718//38 1858//38 1274//38
f 718//211 1993//211 1012//211
f 719//2583 957//2583 1769//2583
f 720//2584 840//2584 1341//2584
f 720//2585 1341//2585 1378//2585
f 720//2586 1378//2586 802//2586
f 721//318 1379//318 809//318
f 722//2587 1063//2587 1288//2587
f 722//2588 1140//2588 1063//2588
f 722//2589 1288//2589 1645//2589
f 723//2590 1381//2590 1660//2590
f 724//2591 1168//2591 1624//2591
f 724//2592 1420//2592 1929//2592
f 724//2593 1624//2593 1420//2593
f 725//54 1169//54 1352//54
f 725//2594 1352//2594 1872//2594
f 726//2595 770//2595 1080//2595
f 726//2596 1080//2596 1791//2596
f 726//2597 1791//2597 1862//2597
f 727//2598 1081//2598 1982//2598
f 727//2599 1806//2599 1067//2599
f 727//2600 1982//2600 1806//2600
f 728//2601 1703//2601 1386//2601
f 729//2602 1387//2602 1984//2602
f 730//2603 766//2603 1070//2603
f 731//2604 1863//2604 1600//2604
f 732//2605 1559//2605 1530//2605
f 733//2606 767//2606 1102//2606
f 733//2607 984//2607 1391//2607
f 733//2608 1102//2608 984//2608
f 733//2609 1391//2609 1835//2609
f 734//2610 941//2610 1603//2610
f 734//2611 1089//2611 941//2611
f 734//2612 1513//2612 1089//2612
f 734//2613 1603//2613 1731//2613
f 735//2614 1514//2614 1393//2614
f 737//2615 1167//2615 1395//2615
f 737//2616 1992//2616 1327//2616
f 738//2617 885//2617 945//2617
f 738//2618 945//2618 1607//2618
f 738//2619 1304//2619 885//2619
f 738//2620 1935//2620 1304//2620
f 975//2621 1244//2621 2101//2621
f 1244//2622 1994//2622 2101//2622
f 1608//2623 2101//2623 1994//2623
f 739//2624 1609//2624 1397//2624
f 739//2312 2022//2312 1440//2312
f 740//2625 937//2625 2052//2625
f 741//2626 1776//2626 1096//2626
f 742//2627 1590//2627 1687//2627
f 742//2628 1612//2628 1053//2628
f 743//38 1613//38 1310//38
f 743//38 1688//38 1613//38
f 745//2629 1841//2629 2066//2629
f 746//2630 1191//2630 1691//2630
f 746//2631 1691//2631 1158//2631
f 747//2632 955//2632 1527//2632
f 748//2633 956//2633 1618//2633
f 748//2634 1059//2634 2041//2634
f 748//2635 1512//2635 956//2635
f 748//2636 2041//2636 1512//2636
f 749//842 800//842 1029//842
f 749//2637 1029//2637 1248//2637
f 749//2638 1248//2638 2006//2638
f 749//2639 1255//2639 800//2639
f 749//2640 2006//2640 1255//2640
f 750//2641 1725//2641 2007//2641
f 750//2642 2007//2642 1108//2642
f 751//2643 1084//2643 1439//2643
f 751//2644 1439//2644 2037//2644
f 752//2645 1107//2645 1863//2645
f 752//2646 1320//2646 1547//2646
f 752//2647 1863//2647 1320//2647
f 754//12 1306//12 1459//12
f 756//2648 1282//2648 1837//2648
f 756//2649 1837//2649 1036//2649
f 759//2650 945//2650 1683//2650
f 759//2651 1040//2651 1130//2651
f 759//2652 1130//2652 1979//2652
f 759//2653 1683//2653 1040//2653
f 760//2654 1570//2654 871//2654
f 761//2655 1952//2655 1147//2655
f 762//2656 859//2656 964//2656
f 762//2657 1745//2657 859//2657
f 763//2658 1270//2658 1528//2658
f 764//2659 898//2659 1360//2659
f 764//2660 1360//2660 783//2660
f 764//2661 1424//2661 898//2661
f 765//12 1120//12 1786//12
f 765//12 1786//12 1015//12
f 766//2662 1546//2662 1070//2662
f 767//12 1153//12 1497//12
f 767//2663 1497//2663 1102//2663
f 768//2664 1123//2664 1743//2664
f 768//2665 1533//2665 1980//2665
f 768//2666 1743//2666 1533//2666
f 769//2667 929//2667 1046//2667
f 769//2668 1046//2668 1155//2668
f 769//2669 1681//2669 929//2669
f 771//2670 1905//2670 1432//2670
f 772//1296 1433//1296 1500//1296
f 772//2671 1500//2671 2029//2671
f 772//2672 1718//2672 2044//2672
f 772//2673 2044//2673 1433//2673
f 774//2674 1052//2674 1686//2674
f 774//2675 1161//2675 1052//2675
f 775//2676 1555//2676 2061//2676
f 775//2677 2061//2677 924//2677
f 776//2678 974//2678 1877//2678
f 776//2679 1014//2679 1529//2679
f 776//2680 1119//2680 1347//2680
f 776//2681 1529//2681 1119//2681
f 776//2682 1877//2682 1014//2682
f 777//2683 1438//2683 1859//2683
f 778//2684 1055//2684 1317//2684
f 778//2685 1317//2685 1402//2685
f 780//2686 1456//2686 1136//2686
f 781//2687 1320//2687 1389//2687
f 781//2688 1389//2688 1922//2688
f 781//2689 1547//2689 1320//2689
f 782//2690 946//2690 1443//2690
f 782//2691 1244//2691 946//2691
f 782//2692 1654//2692 1994//2692
f 782//2693 1994//2693 1244//2693
f 783//2694 1360//2694 1655//2694
f 784//2695 1656//2695 1232//2695
f 784//2696 1762//2696 1656//2696
f 785//2697 1271//2697 2048//2697
f 785//2698 1685//2698 954//2698
f 785//2699 1763//2699 1271//2699
f 785//2700 2048//2700 1685//2700
f 786//54 1658//54 1868//54
f 787//2701 1075//2701 1113//2701
f 787//2702 1113//2702 2059//2702
f 787//2703 1964//2703 1075//2703
f 790//2704 1299//2704 880//2704
f 791//2705 845//2705 1453//2705
f 791//2706 1330//2706 1821//2706
f 791//2707 1611//2707 845//2707
f 791//2708 1821//2708 1611//2708
f 793//2709 831//2709 1847//2709
f 794//2710 1265//2710 1824//2710
f 795//2711 1334//2711 1153//2711
f 796//2712 1154//2712 1335//2712
f 797//2713 959//2713 1336//2713
f 797//38 1336//38 1124//38
f 797//2714 2029//2714 959//2714
f 797//38 2065//38 2029//38
f 798//2715 874//2715 948//2715
f 798//12 948//12 1671//12
f 798//2716 1312//2716 874//2716
f 800//2717 1101//2717 1897//2717
f 800//2718 1255//2718 1814//2718
f 800//12 1814//12 1673//12
f 802//2719 1378//2719 1749//2719
f 802//2720 1749//2720 1463//2720
f 803//2721 1342//2721 2070//2721
f 803//2722 1750//2722 1342//2722
f 804//2723 1506//2723 997//2723
f 805//2724 998//2724 1945//2724
f 805//2725 1542//2725 998//2725
f 807//2726 1060//2726 1709//2726
f 807//2727 1709//2727 1164//2727
f 807//2728 2063//2728 1060//2728
f 808//2729 1165//2729 1240//2729
f 808//2730 1620//2730 1165//2730
f 809//318 1348//318 1425//318
f 810//2731 1434//2731 1788//2731
f 810//2732 1606//2732 1434//2732
f 810//2733 1788//2733 1350//2733
f 811//2734 975//2734 1789//2734
f 811//2735 1789//2735 1893//2735
f 811//2736 1893//2736 975//2736
f 812//12 998//12 1542//12
f 812//2737 1474//2737 998//2737
f 812//12 1542//12 1609//12
f 813//2738 844//2738 1626//2738
f 813//2739 1626//2739 1953//2739
f 813//2740 1844//2740 844//2740
f 813//2741 1953//2741 1844//2741
f 814//2742 1354//2742 1554//2742
f 815//2743 846//2743 1628//2743
f 815//2744 1454//2744 979//2744
f 815//2745 1628//2745 1454//2745
f 815//2746 1736//2746 846//2746
f 816//2747 1204//2747 1629//2747
f 816//2748 1991//2748 1204//2748
f 818//2749 1742//2749 1958//2749
f 820//2750 1391//2750 1177//2750
f 820//2751 1835//2751 1391//2751
f 821//2752 1225//2752 1904//2752
f 821//2201 1904//2201 1635//2201
f 822//318 2028//318 1770//318
f 823//2753 1023//2753 1091//2753
f 823//38 1583//38 1023//38
f 824//2754 1261//2754 1212//2754
f 824//2755 1730//2755 1261//2755
f 825//2756 1258//2756 1817//2756
f 825//2757 1817//2757 1639//2757
f 826//2758 1728//2758 1515//2758
f 827//2759 1367//2759 2036//2759
f 827//2760 1489//2760 1367//2760
f 828//2761 1185//2761 1197//2761
f 829//2762 1149//2762 1932//2762
f 829//2763 1792//2763 1968//2763
f 829//2764 1968//2764 1149//2764
f 830//2765 1286//2765 1846//2765
f 830//2766 1492//2766 1793//2766
f 830//2767 1846//2767 1492//2767
f 831//2768 1151//2768 1847//2768
f 832//2769 1134//2769 1235//2769
f 832//2770 1779//2770 1134//2770
f 833//2771 1536//2771 1746//2771
f 834//2772 1127//2772 1990//2772
f 834//2773 1867//2773 1955//2773
f 834//2774 1973//2774 1867//2774
f 834//2775 1990//2775 1973//2775
f 835//2776 1727//2776 1107//2776
f 836//2777 1193//2777 1376//2777
f 836//2778 1376//2778 1828//2778
f 837//2779 1044//2779 1888//2779
f 837//2780 1498//2780 1044//2780
f 837//2781 1619//2781 1074//2781
f 837//2782 1679//2782 1498//2782
f 839//2783 1850//2783 1937//2783
f 840//2784 1682//2784 1341//2784
f 841//2785 961//2785 1472//2785
f 841//2786 1258//2786 1450//2786
f 841//2787 1450//2787 961//2787
f 841//2788 1817//2788 1258//2788
f 842//2789 943//2789 1696//2789
f 842//54 1864//54 943//54
f 843//2790 976//2790 1050//2790
f 843//2791 1752//2791 1625//2791
f 844//2792 1844//2792 1753//2792
f 845//2793 978//2793 1453//2793
f 845//2794 2031//2794 978//2794
f 846//2795 1555//2795 1263//2795
f 846//2796 1736//2796 1555//2796
f 1417//2797 1999//2797 966//2797
f 847//2798 1479//2798 1667//2798
f 847//2799 1667//2799 1189//2799
f 849//2800 1237//2800 1057//2800
f 850//2801 915//2801 2003//2801
f 850//2802 1758//2802 915//2802
f 851//2803 1422//2803 1148//2803
f 852//2804 1346//2804 1423//2804
f 852//2805 1484//2805 1694//2805
f 852//2806 1694//2806 1946//2806
f 853//12 1271//12 1763//12
f 853//2807 1539//2807 1271//2807
f 853//2808 2045//2808 1539//2808
f 854//2809 1272//2809 1637//2809
f 854//2810 1637//2810 1227//2810
f 854//2811 1786//2811 1272//2811
f 2102//2812 2103//2812 2106//2812
f 2102//2813 2106//2813 1765//2813
f 855//2814 910//2814 1132//2814
f 855//2815 1327//2815 2033//2815
f 855//2816 2033//2816 910//2816
f 856//2817 1624//2817 1168//2817
f 856//2818 1951//2818 1624//2818
f 857//1448 917//1448 1579//1448
f 857//2819 1641//2819 917//2819
f 858//2820 1170//2820 1490//2820
f 858//2821 1490//2821 1560//2821
f 859//2822 1745//2822 1278//2822
f 860//2823 1150//2823 1643//2823
f 860//2824 1172//2824 1150//2824
f 860//2825 1465//2825 1172//2825
f 860//2826 1643//2826 1465//2826
f 861//2827 980//2827 1956//2827
f 861//2828 1756//2828 980//2828
f 861//2829 1956//2829 1280//2829
f 862//2830 1056//2830 2001//2830
f 862//2831 1122//2831 1056//2831
f 862//2832 1136//2832 1281//2832
f 862//2833 1198//2833 1122//2833
f 862//2834 1281//2834 1198//2834
f 862//2835 2001//2835 1136//2835
f 863//2836 982//2836 2012//2836
f 863//2837 1282//2837 1389//2837
f 863//2838 2012//2838 1282//2838
f 864//2839 983//2839 1176//2839
f 864//2840 1838//2840 1566//2840
f 865//2841 1163//2841 1587//2841
f 866//2842 985//2842 1709//2842
f 866//2843 1369//2843 1642//2843
f 866//2844 1588//2844 1369//2844
f 866//2845 1642//2845 1664//2845
f 866//2846 1664//2846 985//2846
f 866//2847 1709//2847 1588//2847
f 868//2848 890//2848 1657//2848
f 868//2849 1657//2849 1711//2849
f 868//2850 1740//2850 890//2850
f 869//2851 1333//2851 1152//2851
f 870//2852 1848//2852 1253//2852
f 871//2853 1374//2853 1826//2853
f 872//2854 1444//2854 1782//2854
f 874//2855 992//2855 1701//2855
f 874//2856 1312//2856 992//2856
f 874//2857 1701//2857 948//2857
f 875//2858 1294//2858 1853//2858
f 875//2859 1616//2859 1294//2859
f 875//2860 1853//2860 1158//2860
f 876//2861 1159//2861 1523//2861
f 876//2862 1295//2862 1927//2862
f 876//2863 1927//2863 1159//2863
f 877//2864 1449//2864 1638//2864
f 877//2865 1638//2865 1880//2865
f 877//2866 1880//2866 1160//2866
f 878//2867 931//2867 1908//2867
f 878//2868 1114//2868 931//2868
f 878//2869 1502//2869 1025//2869
f 878//2870 1773//2870 1502//2870
f 878//2871 1908//2871 1773//2871
f 879//906 1707//906 1162//906
f 880//2872 1299//2872 1775//2872
f 880//2873 1775//2873 1504//2873
f 881//2874 949//2874 1723//2874
f 881//2875 1453//2875 949//2875
f 881//2876 1723//2876 1000//2876
f 882//1448 1179//1448 1408//1448
f 882//1618 1830//1618 1187//1618
f 883//2877 2007//2877 1725//2877
f 884//2878 952//2878 1595//2878
f 884//2879 1795//2879 952//2879
f 885//2880 1304//2880 1683//2880
f 885//2881 1683//2881 945//2881
f 886//2882 1743//2882 1033//2882
f 887//2883 1233//2883 1977//2883
f 887//2884 1977//2884 1760//2884
f 889//2885 1461//2885 1925//2885
f 889//2886 1656//2886 1762//2886
f 889//2887 1762//2887 1784//2887
f 889//2888 1925//2888 1656//2888
f 890//2889 1142//2889 1309//2889
f 890//2890 1740//2890 1142//2890
f 894//2891 1597//2891 1313//2891
f 894//2892 1807//2892 1597//2892
f 895//2893 1314//2893 1223//2893
f 896//2894 1467//2894 1931//2894
f 896//2895 1931//2895 1224//2895
f 899//2896 1231//2896 1462//2896
f 899//2897 1462//2897 1621//2897
f 899//2898 1910//2898 1231//2898
f 900//2899 1266//2899 1358//2899
f 901//2900 1428//2900 1714//2900
f 902//12 1960//12 1087//12
f 903//2901 1020//2901 1512//2901
f 903//2902 1512//2902 2041//2902
f 903//2903 1626//2903 1020//2903
f 903//2904 1953//2904 1626//2904
f 904//2905 1202//2905 1881//2905
f 904//2906 1293//2906 1202//2906
f 904//12 1581//12 1021//12
f 904//2907 1881//2907 1581//2907
f 905//2908 1582//2908 1882//2908
f 906//2909 1718//2909 1083//2909
f 906//2910 2044//2910 1718//2910
f 907//2911 1341//2911 1682//2911
f 907//2912 1378//2912 1341//2912
f 908//2913 1885//2913 1419//2913
f 909//2914 1131//2914 1570//2914
f 910//38 933//38 1132//38
f 910//2915 2033//2915 2045//2915
f 911//2580 1067//2580 2049//2580
f 911//2916 1269//2916 1028//2916
f 912//2917 1210//2917 1001//2917
f 912//2918 1386//2918 1703//2918
f 912//2919 1703//2919 1210//2919
f 913//2920 1387//2920 1575//2920
f 913//2921 1575//2921 1995//2921
f 913//2922 1819//2922 1002//2922
f 913//2923 1995//2923 1819//2923
f 915//2924 1758//2924 1213//2924
f 916//12 1640//12 1818//12
f 916//1535 1818//1535 1567//1535
f 917//2925 1166//2925 1579//2925
f 917//12 1641//12 1786//12
f 917//12 1786//12 1166//12
f 918//2926 1035//2926 1564//2926
f 918//2927 1564//2927 2107//2927
f 918//2928 1761//2928 1035//2928
f 918//2929 2107//2929 1949//2929
f 919//2930 970//2930 1239//2930
f 919//2931 1565//2931 970//2931
f 920//2932 1324//2932 1111//2932
f 920//200 1526//200 1324//200
f 921//2933 1038//2933 1764//2933
f 921//2934 1219//2934 1038//2934
f 921//842 2058//842 1219//842
f 922//2935 1553//2935 973//2935
f 923//2936 1585//2936 1114//2936
f 926//2937 1043//2937 1828//2937
f 926//2938 1224//2938 1043//2938
f 928//2939 1226//2939 1589//2939
f 928//2940 1589//2940 1905//2940
f 928//2941 1905//2941 1962//2941
f 928//2942 1962//2942 1226//2942
f 929//2943 1433//2943 1605//2943
f 929//2944 1605//2944 1046//2944
f 930//2945 1228//2945 1851//2945
f 930//2946 1434//2946 1606//2946
f 930//2947 1606//2947 1228//2947
f 930//2948 1851//2948 1337//2948
f 931//2949 1048//2949 2067//2949
f 931//2950 2067//2950 1908//2950
f 932//54 1886//54 1721//54
f 934//2951 1596//2951 1110//2951
f 934//2952 1676//2952 1596//2952
f 935//2953 965//2953 1677//2953
f 935//318 1097//318 965//318
f 935//2954 1677//2954 1944//2954
f 935//1288 1944//1288 1097//1288
f 936//2955 1234//2955 2072//2955
f 938//2956 1757//2956 1100//2956
f 938//2957 1957//2957 1757//2957
f 939//2958 1510//2958 1101//2958
f 939//2959 1940//2959 1695//2959
f 940//2960 1602//2960 1511//2960
f 940//2961 1648//2961 1988//2961
f 940//2962 1715//2962 1602//2962
f 940//2963 1988//2963 1715//2963
f 941//2964 1089//2964 1392//2964
f 941//2965 1989//2965 1603//2965
f 942//2966 1889//2966 1195//2966
f 943//2967 1241//2967 1696//2967
f 943//2968 1552//2968 1241//2968
f 943//2969 1733//2969 1552//2969
f 944//2970 1816//2970 1242//2970
f 944//2971 1891//2971 1816//2971
f 946//2972 975//2972 1893//2972
f 946//2973 1244//2973 975//2973
f 946//2974 1699//2974 1443//2974
f 946//2975 1893//2975 1699//2975
f 947//2976 1079//2976 1245//2976
f 947//2977 1245//2977 1790//2977
f 948//2978 1701//2978 1384//2978
f 949//2979 1453//2979 978//2979
f 951//12 1249//12 2051//12
f 952//2980 1410//2980 1595//2980
f 953//2981 1071//2981 1525//2981
f 953//2982 1232//2982 1656//2982
f 953//2983 1525//2983 1943//2983
f 953//2984 1656//2984 1925//2984
f 953//2985 1925//2985 1071//2985
f 953//2986 1943//2986 1232//2986
f 955//2987 1004//2987 1457//2987
f 956//2988 1254//2988 1345//2988
f 956//2989 1345//2989 1618//2989
f 956//2990 1512//2990 1088//2990
f 957//2991 1316//2991 1769//2991
f 958//2992 1840//2992 2015//2992
f 958//2993 1976//2993 1840//2993
f 959//2994 2029//2994 1500//2994
f 960//2995 1228//2995 1855//2995
f 960//2996 1851//2996 1228//2996
f 960//2997 1855//2997 1659//2997
f 961//2998 996//2998 1472//2998
f 967//2999 1442//2999 2074//2999
f 967//3000 1646//3000 1810//3000
f 967//3001 1810//3001 1442//3001
f 968//3002 1647//3002 1661//3002
f 968//3003 1661//3003 1871//3003
f 968//3004 1871//3004 1822//3004
f 968//3005 2013//3005 1647//3005
f 969//3006 1375//3006 1782//3006
f 969//3007 1782//3007 1444//3007
f 970//3008 1308//3008 1239//3008
f 970//3009 1323//3009 1308//3009
f 971//3010 1003//3010 1309//3010
f 971//3011 1053//3011 1612//3011
f 971//3012 1309//3012 1142//3012
f 971//3013 1612//3013 1003//3013
f 973//3014 1035//3014 1761//3014
f 973//3015 1307//3015 1035//3015
f 973//3016 1553//3016 1697//3016
f 973//3017 1697//3017 1307//3017
f 977//3018 1080//3018 1535//3018
f 977//3019 1791//3019 1080//3019
f 977//3020 1820//3020 1791//3020
f 978//3021 2031//3021 1954//3021
f 980//3022 1629//3022 1956//3022
f 980//3023 1756//3023 1831//3023
f 981//3024 1713//3024 1630//3024
f 983//3025 1321//3025 1176//3025
f 984//3026 1102//3026 1708//3026
f 984//3027 1284//3027 1391//3027
f 985//3028 1664//3028 1285//3028
f 986//3029 1599//3029 1933//3029
f 986//3030 1933//3030 1370//3030
f 987//3031 1613//3031 1970//3031
f 987//3032 1934//3032 1613//3032
f 987//3033 1970//3033 1332//3033
f 989//3034 1026//3034 1481//3034
f 989//3035 1335//3035 1382//3035
f 989//3036 1382//3036 1026//3036
f 989//3037 1481//3037 1936//3037
f 990//3038 1268//3038 1670//3038
f 990//3039 1670//3039 1850//3039
f 992//3040 1246//3040 1939//3040
f 992//3041 1939//3041 1701//3041
f 993//3042 1294//3042 2002//3042
f 993//3043 1362//3043 1294//3043
f 994//54 1839//54 1234//54
f 995//3044 1273//3044 1942//3044
f 996//3045 2009//3045 1472//3045
f 997//3046 1506//3046 1944//3046
f 997//3047 1944//3047 1677//3047
f 999//3048 1753//3048 1844//3048
f 1001//318 1210//318 1301//318
f 1001//318 1301//318 1830//318
f 1003//3049 1612//3049 1652//3049
f 1003//3050 2030//3050 1309//3050
f 1004//3051 1427//3051 1457//3051
f 1008//3052 1485//3052 1907//3052
f 1008//3053 1910//3053 1926//3053
f 1008//3054 1926//3054 1485//3054
f 1009//3055 1363//3055 1854//3055
f 1009//3056 1486//3056 1363//3056
f 1010//3057 1221//3057 1660//3057
f 1010//3058 1627//3058 1954//3058
f 1010//3059 1660//3059 1928//3059
f 1010//3060 1928//3060 1627//3060
f 1010//3061 1954//3061 2031//3061
f 1010//3062 2031//3062 1221//3062
f 1014//3063 2021//3063 1529//3063
f 1016//3064 1212//3064 1261//3064
f 1016//3065 1261//3065 1398//3065
f 1017//3066 1289//3066 2024//3066
f 1017//3067 1780//3067 1289//3067
f 1017//3068 2024//3068 1848//3068
f 1018//3069 2039//3069 2025//3069
f 1019//3070 2011//3070 1291//3070
f 1020//3071 1201//3071 1512//3071
f 1021//12 1581//12 1852//12
f 1023//3072 2065//3072 1091//3072
f 1024//3073 1494//3073 1584//3073
f 1026//3074 1359//3074 1481//3074
f 1026//3075 1923//3075 1359//3075
f 1027//3076 1812//3076 1208//3076
f 1028//3077 1269//3077 1783//3077
f 1028//3078 1783//3078 1521//3078
f 1033//3079 1123//3079 1669//3079
f 1033//3080 1743//3080 1123//3080
f 1034//12 1363//12 1486//12
f 1034//12 1459//12 1306//12
f 1034//12 1486//12 1459//12
f 1034//3081 1879//3081 1363//3081
f 1036//3082 1837//3082 1565//3082
f 1037//3083 1263//3083 1416//3083
f 1037//3084 1416//3084 1867//3084
f 1037//3085 1867//3085 1973//3085
f 1037//3086 1973//3086 1537//3086
f 1038//3087 1214//3087 1644//3087
f 1038//3088 1219//3088 1214//3088
f 1038//3089 1401//3089 1764//3089
f 1038//842 1644//842 1098//842
f 1039//3090 1734//3090 1568//3090
f 1041//3091 1115//3091 1893//3091
f 1041//3092 1684//3092 2017//3092
f 1041//3093 1789//3093 1684//3093
f 1041//3094 1893//3094 1789//3094
f 1042//3095 1571//3095 1223//3095
f 1042//3096 2018//3096 1571//3096
f 1043//3097 1224//3097 1931//3097
f 1045//3098 1732//3098 1537//3098
f 1045//3099 1739//3099 1732//3099
f 1046//3100 1302//3100 1155//3100
f 1048//3101 1965//3101 2067//3101
f 1049//3102 1207//3102 1541//3102
f 1051//3103 1185//3103 1426//3103
f 1051//3104 1610//3104 1368//3104
f 1052//3105 1161//3105 1585//3105
f 1052//3106 1585//3106 1435//3106
f 1055//3107 1689//3107 1317//3107
f 1056//3108 1122//3108 1742//3108
f 1056//3109 1615//3109 2001//3109
f 1057//54 1237//54 2075//54
f 1058//38 1534//38 2040//38
f 1060//3110 1588//3110 1709//3110
f 1060//3111 2056//3111 1588//3111
f 1061//3112 1226//3112 1499//3112
f 1061//3113 1551//3113 1589//3113
f 1061//3114 1589//3114 1226//3114
f 1063//3115 1140//3115 1460//3115
f 1063//3116 1460//3116 1869//3116
f 1063//3117 1869//3117 1288//3117
f 1065//3118 1275//3118 1290//3118
f 1065//3119 1290//3119 1781//3119
f 1066//3120 1155//3120 1831//3120
f 1066//3121 1276//3121 1594//3121
f 1066//3122 1756//3122 1276//3122
f 1066//3123 1831//3123 1756//3123
f 1067//3124 1446//3124 2049//3124
f 1067//3125 1806//3125 1446//3125
f 1068//3126 1104//3126 1544//3126
f 1068//3127 1313//3127 2050//3127
f 1068//3128 2050//3128 1104//3128
f 1069//3129 1211//3129 1861//3129
f 1069//3130 1704//3130 1913//3130
f 1069//3131 1861//3131 2022//3131
f 1069//3132 1913//3132 1211//3132
f 1070//3133 1106//3133 1353//3133
f 1070//3134 1546//3134 1106//3134
f 1071//3135 1251//3135 1525//3135
f 1071//3136 1925//3136 1141//3136
f 1072//842 1412//842 1298//842
f 1073//3137 1497//3137 1517//3137
f 1074//3138 1377//3138 1438//3138
f 1077//3139 1350//3139 1788//3139
f 1079//3140 1571//3140 1894//3140
f 1081//3141 1171//3141 1982//3141
f 1082//3142 1328//3142 1355//3142
f 1082//3143 1355//3143 1793//3143
f 1082//3144 1793//3144 1492//3144
f 1083//3145 1356//3145 1808//3145
f 1085//3146 1251//3146 1986//3146
f 1085//3147 1525//3147 1251//3147
f 1085//3148 1986//3148 1900//3148
f 1086//54 1287//54 1666//54
f 1086//54 1666//54 1412//54
f 1088//3149 1201//3149 1634//3149
f 1088//3150 1512//3150 1201//3150
f 1089//3151 1513//3151 1431//3151
f 1090//200 1393//200 1514//200
f 1093//3152 1773//3152 1908//3152
f 1093//3153 1908//3153 1314//3153
f 1094//3154 1909//3154 1154//3154
f 1097//3155 1944//3155 1506//3155
f 1098//3156 1371//3156 1823//3156
f 1098//3157 1644//3157 1371//3157
f 1099//3158 1614//3158 1372//3158
f 1100//1108 1832//1108 1509//1108
f 1101//3159 1510//3159 1897//3159
f 1103//3160 1209//3160 1635//3160
f 1103//3161 1635//3161 1904//3161
f 1103//3162 1904//3162 1225//3162
f 1105//3163 1545//3163 2051//3163
f 1105//3164 2036//3164 1545//3164
f 1105//12 2051//12 1249//12
f 1106//3165 1475//3165 1353//3165
f 1106//3166 1546//3166 1475//3166
f 1107//3167 1600//3167 1863//3167
f 1107//3168 1727//3168 1600//3168
f 1108//3169 1366//3169 1759//3169
f 1109//3170 1429//3170 1602//3170
f 1109//3171 1602//3171 1715//3171
f 1110//3172 1596//3172 1716//3172
f 1110//3173 1716//3173 1796//3173
f 1113//3174 1591//3174 2059//3174
f 1113//3175 1680//3175 1591//3175
f 1115//3176 1699//3176 1893//3176
f 1116//3177 1383//3177 2018//3177
f 1117//3178 1338//3178 1813//3178
f 1117//3179 1813//3179 2019//3179
f 1117//3180 2019//3180 1672//3180
f 1118//3181 1573//3181 1911//3181
f 1119//3182 1529//3182 1947//3182
f 1119//3183 1785//3183 1347//3183
f 1119//3184 1947//3184 1785//3184
f 1124//38 1336//38 1534//38
f 1124//3185 1534//3185 1413//3185
f 1126//3186 1338//3186 1746//3186
f 1126//3187 1536//3187 2042//3187
f 1126//3188 1746//3188 1536//3188
f 1126//3189 2042//3189 1989//3189
f 1128//3190 1204//3190 1991//3190
f 1128//3191 1433//3191 2044//3191
f 1128//3192 1605//3192 1433//3192
f 1128//3193 1991//3193 1605//3193
f 1129//3194 1228//3194 1606//3194
f 1129//3195 1855//3195 1228//3195
f 1133//3196 1407//3196 1859//3196
f 1133//3197 1859//3197 1438//3197
f 1134//3198 1779//3198 2073//3198
f 1134//3199 2073//3199 1985//3199
f 1135//3200 1409//3200 1530//3200
f 1136//3201 1456//3201 1281//3201
f 1137//3202 1304//3202 1532//3202
f 1137//3203 1532//3203 1427//3203
f 1139//3204 1413//3204 1902//3204
f 1141//3205 1925//3205 1461//3205
f 1143//3206 1567//3206 1658//3206
f 1144//3207 1675//3207 1840//3207
f 1144//3208 1840//3208 1976//3208
f 1145//3209 1569//3209 2046//3209
f 1145//3210 2046//3210 1803//3210
f 1147//3211 1625//3211 1752//3211
f 1147//38 1952//38 1625//38
f 1149//3212 1968//3212 1845//3212
f 1150//3213 1172//3213 1846//3213
f 1151//182 1515//182 1728//182
f 1151//3214 1728//3214 1847//3214
f 1153//3215 1334//3215 1497//3215
f 1155//3216 1302//3216 1831//3216
f 1156//3217 1487//3217 1884//3217
f 1156//3218 1896//3218 1487//3218
f 1157//3219 1190//3219 1716//3219
f 1157//3220 1246//3220 1190//3220
f 1157//3221 1716//3221 1895//3221
f 1157//38 1939//38 1246//38
f 1158//3222 1853//3222 1636//3222
f 1163//318 1452//318 1587//318
f 2104//3223 1564//3223 2105//3223
f 1169//54 1184//54 1352//54
f 1172//3224 1492//3224 1846//3224
f 1174//3225 1195//3225 1599//3225
f 1175//3226 1495//3226 1706//3226
f 1175//3227 1922//3227 1495//3227
f 1177//3228 1284//3228 1812//3228
f 1177//3229 1391//3229 1284//3229
f 1179//1402 1724//1402 1408//1402
f 1180//3230 1815//3230 1966//3230
f 1182//3231 1472//3231 2009//3231
f 1182//3232 2009//3232 1411//3232
f 1186//3233 1792//3233 1330//3233
f 1187//3234 1301//3234 1286//3234
f 1187//3235 1830//3235 1301//3235
f 1188//3236 1332//3236 1970//3236
f 1189//3237 1667//3237 1741//3237
f 1190//3238 1246//3238 1403//3238
f 1190//3239 1796//3239 1716//3239
f 1192//3240 1547//3240 2053//3240
f 1192//3241 1692//3241 1827//3241
f 1192//3242 2053//3242 1692//3242
f 1195//3243 1665//3243 1599//3243
f 1195//3244 1889//3244 1665//3244
f 1196//3245 1549//3245 1948//3245
f 1198//3246 1281//3246 1494//3246
f 1200//54 1865//54 1563//54
f 1201//3247 1414//3247 1903//3247
f 1201//3248 1903//3248 1634//3248
f 1202//3249 1293//3249 1866//3249
f 1202//3250 1672//3250 1881//3250
f 1202//3251 1866//3251 1915//3251
f 1204//3252 1956//3252 1629//3252
f 1205//3253 1487//3253 1623//3253
f 1205//3254 1884//3254 1487//3254
f 1206//3255 1690//3255 1480//3255
f 1210//3256 1650//3256 1301//3256
f 1211//12 1545//12 1861//12
f 1211//3257 2051//3257 1545//3257
f 1216//3258 1273//3258 1364//3258
f 1216//3259 1364//3259 1772//3259
f 1220//3260 1869//3260 1978//3260
f 1220//3261 1978//3261 1659//3261
f 1233//3262 1666//3262 1977//3262
f 1233//3263 1751//3263 1666//3263
f 1234//54 1839//54 2072//54
f 1236//3264 2038//3264 1631//3264
f 1241//3265 1934//3265 1696//3265
f 1243//3266 1768//3266 1396//3266
f 1243//3267 1930//3267 1768//3267
f 1245//3268 1318//3268 1519//3268
f 1245//3269 1519//3269 1790//3269
f 1247//3270 1385//3270 1938//3270
f 1248//3271 1665//3271 2006//3271
f 1248//3272 1933//3272 1665//3272
f 1250//3273 1824//3273 1899//3273
f 1253//3274 1577//3274 1633//3274
f 1253//3275 1848//3275 2024//3275
f 1253//3276 2024//3276 1577//3276
f 1256//3277 1815//3277 1906//3277
f 1257//3278 1463//3278 2026//3278
f 1257//3279 1580//3279 1816//3279
f 1257//3280 1816//3280 1891//3280
f 1257//3281 2026//3281 1580//3281
f 1258//3282 1297//3282 1450//3282
f 1265//3283 1860//3283 1824//3283
f 1268//3284 1827//3284 1692//3284
f 1269//3285 1445//3285 1783//3285
f 1270//3286 1911//3286 1528//3286
f 1271//3287 1539//3287 1800//3287
f 1271//3288 1800//3288 2048//3288
f 1277//3289 1357//3289 1795//3289
f 1279//3290 1597//3290 1807//3290
f 1279//3291 1969//3291 1755//3291
f 1279//3292 1983//3292 1597//3292
f 1281//3293 1456//3293 1809//3293
f 1281//3294 1809//3294 1494//3294
f 1282//3295 2012//3295 1837//3295
f 1285//3296 1300//3296 1829//3296
f 1285//3297 1664//3297 1300//3297
f 1285//3298 1829//3298 1738//3298
f 1286//3299 1301//3299 1650//3299
f 1288//3300 1971//3300 1645//3300
f 1289//12 1780//12 2074//12
f 1292//3301 2026//3301 1749//3301
f 1294//3302 1362//3302 1853//3302
f 1294//3303 1616//3303 2002//3303
f 1297//3304 1856//3304 1450//3304
f 1298//54 1412//54 1666//54
f 1298//54 1666//54 1751//54
f 1300//3305 1664//3305 1491//3305
f 1304//3306 1935//3306 1532//3306
f 1310//3307 1613//3307 1934//3307
f 1313//3308 1597//3308 1983//3308
f 1314//3309 1908//3309 2067//3309
f 1315//3310 1467//3310 2004//3310
f 1315//3311 1931//3311 1467//3311
f 1316//3312 1918//3312 1557//3312
f 1318//3313 1651//3313 1519//3313
f 1319//3314 1874//3314 1574//3314
f 1322//54 1504//54 2069//54
f 1322//3315 1722//3315 1504//3315
f 1326//3316 1765//3316 2106//3316
f 1327//3317 1992//3317 2033//3317
f 1328//3318 1767//3318 1355//3318
f 1329//3319 1396//3319 1768//3319
f 1329//3320 1648//3320 1917//3320
f 1329//3321 1768//3321 1988//3321
f 1329//3322 1988//3322 1648//3322
f 1330//3323 1997//3323 1821//3323
f 1334//3324 1517//3324 1497//3324
f 1336//3325 1744//3325 2040//3325
f 1336//38 2040//38 1534//38
f 1337//3326 1851//3326 1921//3326
f 1337//3327 1921//3327 1841//3327
f 1339//3328 1916//3328 1747//3328
f 1340//3329 891//3329 1748//3329
f 1345//3330 1663//3330 2004//3330
f 1345//3331 2004//3331 1618//3331
f 1349//3332 1840//3332 1675//3332
f 1354//3333 1627//3333 1554//3333
f 1356//774 1984//774 1808//774
f 1359//3334 1834//3334 1936//3334
f 1359//3335 1936//3335 1481//3335
f 1361//3336 1672//3336 2019//3336
f 1361//3337 1881//3337 1672//3337
f 1363//3338 1771//3338 1854//3338
f 1363//3339 1879//3339 1771//3339
f 1366//3340 1503//3340 1759//3340
f 1366//3341 1774//3341 1503//3341
f 1366//3342 1966//3342 1774//3342
f 1367//12 1440//12 1861//12
f 1367//12 1489//12 1440//12
f 1367//3343 1545//3343 2036//3343
f 1367//12 1861//12 1545//12
f 1368//3344 1372//3344 1614//3344
f 1371//3345 1613//3345 1823//3345
f 1371//3346 1970//3346 1613//3346
f 1373//3347 1706//3347 1415//3347
f 1376//3348 1557//3348 2005//3348
f 1376//3349 2005//3349 1828//3349
f 1377//1535 1799//1535 1438//1535
f 1381//3350 1870//3350 1660//3350
f 1384//3351 1701//3351 1939//3351
f 1390//3352 1548//3352 1901//3352
f 1397//3353 1995//3353 1575//3353
f 1400//3354 1462//3354 1574//3354
f 1400//3355 1574//3355 1874//3355
f 1400//3356 1621//3356 1462//3356
f 1400//3357 1687//3357 1590//3357
f 1400//3358 1874//3358 1687//3358
f 1401//3359 1688//3359 1764//3359
f 1405//3360 1482//3360 1692//3360
f 1405//3361 1692//3361 2053//3361
f 1411//3362 2009//3362 1900//3362
f 1414//3363 1753//3363 1903//3363
f 1418//3364 1568//3364 1734//3364
f 1427//3365 1532//3365 1917//3365
f 1427//3366 1917//3366 1457//3366
f 1432//3367 1905//3367 1589//3367
f 1434//3368 1950//3368 1788//3368
f 1435//3369 1997//3369 1776//3369
f 1440//3370 2022//3370 1861//3370
f 1454//3371 1628//3371 1604//3371
f 1456//3372 1985//3372 1809//3372
f 1457//3373 1917//3373 1648//3373
f 1460//3374 1978//3374 1869//3374
f 1463//3375 1749//3375 2026//3375
f 1467//3376 1693//3376 2004//3376
f 1485//3377 1926//3377 1657//3377
f 1487//3378 1896//3378 1623//3378
f 1488//3379 1593//3379 1804//3379
f 1490//3380 2037//3380 1560//3380
f 1491//3381 1664//3381 1642//3381
f 1494//3382 1809//3382 1584//3382
f 1499//3383 1770//3383 2028//3383
f 1503//3384 1578//3384 1759//3384
f 1503//3385 1593//3385 1849//3385
f 1503//3386 1774//3386 1593//3386
f 1503//3387 1849//3387 1578//3387
f 1504//3388 1775//3388 2069//3388
f 1507//3389 1778//3389 1567//3389
f 1508//3390 1614//3390 1712//3390
f 1509//3391 1832//3391 1798//3391
f 1528//3392 1573//3392 2020//3392
f 1528//3393 1911//3393 1573//3393
f 1529//3394 2021//3394 1947//3394
f 1532//3395 1935//3395 1917//3395
f 1540//3396 1803//3396 2046//3396
f 1548//3397 1959//3397 1901//3397
f 1548//54 2054//54 1959//54
f 1549//3398 1760//3398 1948//3398
f 1554//3399 1627//3399 1928//3399
f 1557//3400 1918//3400 2005//3400
f 1563//12 1865//12 2011//12
f 1567//3401 1818//3401 1868//3401
f 1567//3402 1868//3402 1658//3402
f 1573//3403 1873//3403 2020//3403
f 1576//3404 1791//3404 1820//3404
f 1576//3405 1862//3405 1791//3405
f 1577//3406 1617//3406 1633//3406
f 1593//3407 1774//3407 1804//3407
f 1596//3408 1895//3408 1716//3408
f 1599//3409 1665//3409 1933//3409
f 1603//3410 1989//3410 2042//3410
f 1604//3411 1628//3411 1732//3411
f 1604//3412 1732//3412 1739//3412
f 1608//3413 2017//3413 1684//3413
f 1613//3414 1688//3414 1823//3414
f 1617//3415 1960//3415 1633//3415
f 1618//3416 2004//3416 1693//3416
f 1622//3417 1787//3417 1949//3417
f 1622//3418 1949//3418 2107//3418
f 1623//3419 1896//3419 1766//3419
f 1625//38 1952//38 1920//38
f 1633//3420 1960//3420 1902//3420
f 1646//3421 1972//3421 1825//3421
f 1657//3422 1926//3422 1711//3422
f 1660//3423 1870//3423 1928//3423
f 1662//3424 1930//3424 1945//3424
f 1665//3425 1889//3425 2006//3425
f 1666//3426 1760//3426 1977//3426
f 1666//3427 1948//3427 1760//3427
f 1670//3428 1937//3428 1850//3428
f 1714//3429 2025//3429 2039//3429
f 1754//3430 1845//3430 1968//3430
f 1824//3431 1860//3431 2000//3431
f 1841//3432 1921//3432 2066//3432
f 1860//3433 1919//3433 2000//3433
f 1866//3434 1972//3434 1915//3434
f 1992//3435 2045//3435 2033//3435
f 220//12 536//12 1667//12
f 339//12 994//12 1234//12
f 340//12 1311//12 409//12
f 62//3436 2076//3436 2008//3436
f 62//3437 180//3437 2076//3437
f 180//3438 1524//3438 2076//3438
f 1031//3439 2076//3439 1524//3439
f 1031//3439 1531//3439 2076//3439
f 1531//3440 2008//3440 2076//3440
f 498//3441 2077//3441 1934//3441
f 498//3442 1864//3442 2077//3442
f 842//3443 2077//3443 1864//3443
f 842//3444 1696//3444 2077//3444
f 1696//3445 647//3445 2077//3445
f 1934//3446 2077//3446 647//3446
f 78//3447 2078//3447 1051//3447
f 78//3448 1099//3448 2078//3448
f 1099//3449 1372//3449 2078//3449
f 348//3450 2078//3450 1372//3450
f 348//3451 1610//3451 2078//3451
f 1051//3452 2078//3452 1610//3452
f 452//3453 2023//3453 1426//3453
f 296//3454 114//3454 1614//3454
f 567//3455 1426//3455 2023//3455
f 567//3456 1508//3456 1712//3456
f 1614//3457 114//3457 1712//3457
f 1712//3458 114//3458 2079//3458
f 1426//3459 2079//3459 114//3459
f 567//3460 2079//3460 1426//3460
f 567//3461 1712//3461 2079//3461
f 1//3462 2080//3462 1619//3462
f 1//3463 1377//3463 2080//3463
f 1074//3464 2080//3464 1377//3464
f 1074//3465 1619//3465 2080//3465
f 2081//3466 715//3466 2100//3466
f 1307//3467 2081//3467 2100//3467
f 1307//3468 1697//3468 2081//3468
f 1553//3469 2081//3469 1697//3469
f 922//3470 2081//3470 1553//3470
f 922//3471 715//3471 2081//3471
f 302//3472 1348//3472 647//3472
f 302//3473 647//3473 809//3473
f 975//318 1684//318 1789//318
f 1608//3474 1684//3474 2101//3474
f 975//3475 2101//3475 1684//3475
f 719//3476 1975//3476 957//3476
f 957//200 1975//200 1316//200
f 1316//3477 1975//3477 1918//3477
f 927//3478 1918//3478 1975//3478
f 179//3479 1918//3479 927//3479
f 456//38 2082//38 1181//38
f 456//38 1349//38 2082//38
f 1349//38 1675//38 2082//38
f 1144//38 2082//38 1675//38
f 1144//38 1976//38 2082//38
f 699//38 2082//38 1976//38
f 699//38 1181//38 2082//38
f 88//3480 775//3480 1496//3480
f 775//3481 1283//3481 1496//3481
f 775//54 924//54 1283//54
f 924//54 1811//54 1283//54
f 924//3482 1586//3482 1811//3482
f 252//3483 2083//3483 1929//3483
f 252//3484 1781//3484 2083//3484
f 1290//3485 2083//3485 1781//3485
f 454//3486 2083//3486 1290//3486
f 454//3487 1168//3487 2083//3487
f 724//3488 2083//3488 1168//3488
f 724//3489 1929//3489 2083//3489
f 83//3490 2084//3490 770//3490
f 83//3491 964//3491 2084//3491
f 859//3492 2084//3492 964//3492
f 859//3493 1278//3493 2084//3493
f 504//3494 2084//3494 1278//3494
f 504//3495 770//3495 2084//3495
f 230//3496 2085//3496 2025//3496
f 230//3497 516//3497 2085//3497
f 516//3498 1980//3498 2085//3498
f 403//3499 2085//3499 1980//3499
f 403//3500 1018//3500 2085//3500
f 1018//3501 2025//3501 2085//3501
f 153//3502 1458//3502 796//3502
f 153//3503 2086//3503 1458//3503
f 153//3504 1936//3504 2086//3504
f 1834//3505 2086//3505 1936//3505
f 1458//3506 2086//3506 1834//3506
f 11//3507 2087//3507 1598//3507
f 11//3508 684//3508 2087//3508
f 684//3509 1340//3509 2087//3509
f 1340//3510 1748//3510 2087//3510
f 1538//3511 2087//3511 1748//3511
f 1538//3512 1598//3512 2087//3512
f 129//3513 1576//3513 514//3513
f 514//3514 755//3514 1802//3514
f 514//3515 1576//3515 1820//3515
f 514//12 1820//12 755//12
f 603//12 755//12 1820//12
f 358//318 1436//318 1998//318
f 612//3516 932//3516 1721//3516
f 612//3517 1436//3517 932//3517
f 358//3518 932//3518 1436//3518
f 358//3519 1707//3519 932//3519
f 879//3520 932//3520 1707//3520
f 879//3521 2068//3521 932//3521
f 200//3522 2088//3522 1380//3522
f 250//3523 2088//3523 200//3523
f 250//3524 581//3524 2088//3524
f 581//3525 838//3525 2088//3525
f 838//3526 1380//3526 2088//3526
f 243//3527 2089//3527 321//3527
f 243//3528 914//3528 2089//3528
f 914//3529 1705//3529 2089//3529
f 481//3530 2089//3530 1705//3530
f 481//3531 1388//3531 2089//3531
f 321//3532 2089//3532 1388//3532
f 2102//3533 2107//3533 2103//3533
f 2090//3534 715//3534 2100//3534
f 2090//3535 2100//3535 2107//3535
f 2090//3536 2107//3536 2102//3536
f 2090//3537 2102//3537 715//3537
f 973//3538 2102//3538 715//3538
f 2103//3539 1326//3539 2106//3539
f 303//3540 2105//3540 973//3540
f 973//3541 2105//3541 2091//3541
f 2105//3542 1326//3542 2091//3542
f 2091//3543 1326//3543 2103//3543
f 2091//3544 2103//3544 2102//3544
f 973//3545 2091//3545 2102//3545
f 124//3546 2092//3546 462//3546
f 124//3547 1654//3547 2092//3547
f 782//3548 2092//3548 1654//3548
f 782//3549 1443//3549 2092//3549
f 1443//3550 1699//3550 2092//3550
f 1115//3551 2092//3551 1699//3551
f 462//3552 2092//3552 1115//3552
f 1035//3553 2100//3553 2107//3553
f 228//3554 2104//3554 2103//3554
f 2103//3555 2104//3555 2105//3555
f 1035//3556 2105//3556 1564//3556
f 2103//3557 2105//3557 2107//3557
f 1035//3558 2107//3558 2105//3558
f 245//3559 2093//3559 1321//3559
f 245//3560 2054//3560 2093//3560
f 1548//3561 2093//3561 2054//3561
f 1390//3562 2093//3562 1548//3562
f 658//3563 2093//3563 1390//3563
f 658//3564 1838//3564 2093//3564
f 864//3565 2093//3565 1838//3565
f 864//3566 1176//3566 2093//3566
f 1176//3567 1321//3567 2093//3567
f 356//3568 2094//3568 1364//3568
f 356//3569 1296//3569 2094//3569
f 393//3570 2094//3570 1296//3570
f 393//3571 592//3571 2094//3571
f 592//3572 1772//3572 2094//3572
f 1364//3573 2094//3573 1772//3573
f 499//3574 2095//3574 1558//3574
f 499//3575 1996//3575 2095//3575
f 869//3576 2095//3576 1996//3576
f 869//3577 1152//3577 2095//3577
f 1152//3578 1558//3578 2095//3578
f 94//318 2096//318 1382//318
f 94//318 1909//318 2096//318
f 1094//318 2096//318 1909//318
f 709//318 2096//318 1094//318
f 709//318 1923//318 2096//318
f 1026//318 2096//318 1923//318
f 1026//318 1382//318 2096//318
f 1343//3579 1857//3579 1890//3579
f 1076//54 1890//54 1857//54
f 1076//54 1857//54 1987//54
f 691//54 1076//54 1987//54
f 543//54 1076//54 691//54
f 543//12 2055//12 1076//12
f 271//3580 2097//3580 1045//3580
f 271//3581 1990//3581 2097//3581
f 1127//3582 2097//3582 1990//3582
f 979//3583 2097//3583 1127//3583
f 979//3584 1454//3584 2097//3584
f 1454//3585 1604//3585 2097//3585
f 1604//3586 1739//3586 2097//3586
f 1045//3587 2097//3587 1739//3587
f 181//3588 2098//3588 954//3588
f 181//3589 1095//3589 2098//3589
f 292//3590 2098//3590 1095//3590
f 292//3591 1006//3591 2098//3591
f 191//3592 2098//3592 1006//3592
f 191//3593 638//3593 2098//3593
f 1857//3594 2098//3594 638//3594
f 1857//3595 954//3595 2098//3595
f 267//3596 2099//3596 537//3596
f 267//3597 625//3597 2099//3597
f 597//3598 2099//3598 625//3598
f 597//3599 1676//3599 2099//3599
f 934//3600 2099//3600 1676//3600
f 934//3601 1110//3601 2099//3601
f 1110//3602 1796//3602 2099//3602
f 537//3603 2099//3603 1796//3603
