"page_s";"artiste";"oeuvre";"langue";"chemin_local";"categorie";"format";"taille_octets";"taille_lisible";"utilisation_actuelle";"sources_reference";"statut";"groupe_doublon";"reference_cassee";"identifiant_propose";"portee";"chemin_cible_r2";"sha256"
"ar.html | book-3d.html | gallery-vr.html | index-ar.html | index-fr.html | index.html | print-ar.html | space.html | vr.html";"Léonard de Vinci";"La Joconde / Mona Lisa";"neutre-ou-inconnu";"assets/artists/leonardo-da-vinci/artworks/mona-lisa/media/centuries-behind-glass.mp3";"audio";"mp3";"744610";"727,16 Ko";"Référencé par 2 fichier(s) source.";"content/paintings/mona-lisa.json | scripts/gallery-vr.js";"reference";"";"non";"ld01";"oeuvre";"https://media.artdaci.com/artworks/ld01/audio/centuries-behind-glass.mp3";"74C6BC1A512931127A053864614C432A7D6BE48F34DDF8580127F5A23EEF4753"
"ar.html | book-3d.html | gallery-vr.html | index-ar.html | index-fr.html | index.html | print-ar.html | space.html | vr.html";"Léonard de Vinci";"La Joconde / Mona Lisa";"en";"assets/artists/leonardo-da-vinci/artworks/mona-lisa/media/inside-the-mona-lisa-1m40-en.m4a";"audio";"m4a";"3235229";"3,09 Mo";"Référencé par 1 fichier(s) source.";"content/paintings/mona-lisa.json";"reference";"";"non";"ld01";"oeuvre";"https://media.artdaci.com/artworks/ld01/audio/en/inside-the-mona-lisa-1m40-en.m4a";"5B0C49C9EC57439220BB37D8FA51F59D08571656027A98038CD6CFADE6650A33"
"ar.html | book-3d.html | gallery-vr.html | index-ar.html | index-fr.html | index.html | print-ar.html | space.html | vr.html";"Léonard de Vinci";"La Joconde / Mona Lisa";"fr";"assets/artists/leonardo-da-vinci/artworks/mona-lisa/media/inside-the-mona-lisa-1m46-fr.m4a";"audio";"m4a";"3439918";"3,28 Mo";"Référencé par 1 fichier(s) source.";"content/paintings/mona-lisa.json";"reference";"";"non";"ld01";"oeuvre";"https://media.artdaci.com/artworks/ld01/audio/fr/inside-the-mona-lisa-1m46-fr.m4a";"7992A0F8ACD025BCE34107B7BE33F08950C7922C247B014797D937FE131E0A42"
"ar.html | book-3d.html | gallery-vr.html | index-ar.html | index-fr.html | index.html | print-ar.html | space.html | vr.html";"Léonard de Vinci";"La Joconde / Mona Lisa";"fr";"assets/artists/leonardo-da-vinci/artworks/mona-lisa/media/la-joconde-s-évade.mp3";"audio";"mp3";"744610";"727,16 Ko";"Référencé par 2 fichier(s) source.";"content/paintings/mona-lisa.json | scripts/gallery-vr.js";"reference";"";"non";"ld01";"oeuvre";"https://media.artdaci.com/artworks/ld01/audio/fr/la-joconde-s-évade.mp3";"62EACB47AA213938340A3C2BF50BA21965E089342FAB51B664DC4977D0DA70C1"
"ar.html | book-3d.html | gallery-vr.html | index-ar.html | index-fr.html | index.html | print-ar.html | print-target.html | space.html | vr.html";"Léonard de Vinci";"La Joconde / Mona Lisa";"en";"assets/artists/leonardo-da-vinci/artworks/mona-lisa/media/mona-lisa-en.mp3";"audio";"mp3";"21228074";"20,24 Mo";"Référencé par 3 fichier(s) source.";"content/paintings/mona-lisa.json | index.html | print-target.html";"reference";"";"non";"ld01";"oeuvre";"https://media.artdaci.com/artworks/ld01/audio/en/mona-lisa-en.mp3";"9AE21C4EBB8481A3604EF154DB93794A5B167BC8E7F9C1AB477D79DA3FB59918"
"ar.html | book-3d.html | gallery-vr.html | index-ar.html | index-fr.html | index.html | print-ar.html | print-target-fr.html | space.html | vr.html";"Léonard de Vinci";"La Joconde / Mona Lisa";"fr";"assets/artists/leonardo-da-vinci/artworks/mona-lisa/media/mona-lisa-fr.mp3";"audio";"mp3";"17915747";"17,09 Mo";"Référencé par 3 fichier(s) source.";"content/paintings/mona-lisa.json | index-fr.html | print-target-fr.html";"reference";"";"non";"ld01";"oeuvre";"https://media.artdaci.com/artworks/ld01/audio/fr/mona-lisa-fr.mp3";"E68A4EF57CEB37B01CE214FC6C18C4B47CC52C014953ACE0EA1823B8F404BB46"
"ar.html | book-3d.html | gallery-vr.html | index-ar.html | index-fr.html | index.html | print-ar.html | space.html | vr.html";"Léonard de Vinci";"La Joconde / Mona Lisa";"ar";"assets/artists/leonardo-da-vinci/artworks/mona-lisa/media/الموناليزا-لغز-الابتسامة-والسرقة-والرموش-المفقودة.mp3";"audio";"mp3";"24294374";"23,17 Mo";"Référencé par 2 fichier(s) source.";"content/paintings/mona-lisa.json | scripts/print-ar.js";"reference";"";"non";"ld01";"oeuvre";"https://media.artdaci.com/artworks/ld01/audio/ar/الموناليزا-لغز-الابتسامة-والسرقة-والرموش-المفقودة.mp3";"4A3D27326CFC51FD45FAD02397F6B7ED60A3AE3C673CE8F13A03A6D24990AB28"
"ar.html | book-3d.html | gallery-vr.html | index-ar.html | index-fr.html | index.html | print-ar.html | space.html | vr.html";"Léonard de Vinci";"La Joconde / Mona Lisa";"ar";"assets/artists/leonardo-da-vinci/artworks/mona-lisa/media/رقصة-خلف-الإطار.mp3";"audio";"mp3";"744610";"727,16 Ko";"Référencé par 2 fichier(s) source.";"content/paintings/mona-lisa.json | scripts/gallery-vr.js";"reference";"";"non";"ld01";"oeuvre";"https://media.artdaci.com/artworks/ld01/audio/ar/رقصة-خلف-الإطار.mp3";"60CE16017197D466C2E20E2F1976A56BEE0C593B03141F2E707136FF5E1EA3A3"
"ar.html | book-3d.html | gallery-vr.html | index-ar.html | index-fr.html | index.html | print-ar.html | space.html | vr.html";"Léonard de Vinci";"La Joconde / Mona Lisa";"neutre-ou-inconnu";"assets/targets/mona-lisa.mind";"cible-ar";"mind";"1113816";"1,06 Mo";"Référencé par 2 fichier(s) source.";"content/paintings/mona-lisa.json | README.md";"reference";"";"non";"ld01";"oeuvre";"https://media.artdaci.com/artworks/ld01/ar/mona-lisa.mind";"2358DF81EF8DB609D6FBB695E6CC2CA32415A780C70B88845271312C4163463F"
"book-3d.html | gallery-vr.html | index-ar.html | index-fr.html | index.html";"Léonard de Vinci";"La Joconde / Mona Lisa";"neutre-ou-inconnu";"assets/artists/leonardo-da-vinci/artworks/mona-lisa/images/davinci-monalisa.png";"image";"png";"8810835";"8,40 Mo";"Référencé par 6 fichier(s) source.";"index-ar.html | index-fr.html | index.html | scripts/book-3d.js | scripts/gallery-vr.js | scripts/print-leonardo-tribute.js";"reference";"";"non";"ld01";"oeuvre";"https://media.artdaci.com/artworks/ld01/images/davinci-monalisa.png";"6CFFE8AE0B5D8DAC4106843AA4C96DE62AEEC3885A699D1AB936151884CBED98"
"book-3d.html | gallery-vr.html";"Léonard de Vinci";"La Joconde / Mona Lisa";"neutre-ou-inconnu";"assets/artists/leonardo-da-vinci/artworks/mona-lisa/images/mona-lisa-out-of-frame.png";"image";"png";"8119057";"7,74 Mo";"Référencé par 2 fichier(s) source.";"scripts/book-3d.js | scripts/gallery-vr.js";"reference";"";"non";"ld01";"oeuvre";"https://media.artdaci.com/artworks/ld01/images/mona-lisa-out-of-frame.png";"0E8DDC7A54615F9B6498EC1D23B75955DA2B54559A2EEF86F5451FBD2B9BCD7F"
"ar.html | book-3d.html | gallery-vr.html | index-ar.html | index-fr.html | index.html | print-ar.html | print-target-fr.html | print-target.html | space.html | vr.html";"Léonard de Vinci";"La Joconde / Mona Lisa";"neutre-ou-inconnu";"assets/artists/leonardo-da-vinci/artworks/mona-lisa/images/mona-lisa.jpg";"image";"jpg";"2762651";"2,63 Mo";"Référencé par 6 fichier(s) source.";"content/paintings/mona-lisa.json | docs/art-book-concept.md | print-target-fr.html | print-target.html | README.md | scripts/print-ar.js";"reference";"";"non";"ld01";"oeuvre";"https://media.artdaci.com/artworks/ld01/images/mona-lisa.jpg";"473D649A195C65F3E7DD57F5FA6BFAB33132464D303CAC4EFEFA51A8DD41002E"
"book-3d.html | gallery-vr.html";"Léonard de Vinci";"La Joconde / Mona Lisa";"neutre-ou-inconnu";"assets/artists/leonardo-da-vinci/artworks/mona-lisa/images/monalisa-t.png";"image";"png";"784592";"766,20 Ko";"Référencé par 2 fichier(s) source.";"scripts/book-3d.js | scripts/gallery-vr.js";"reference";"";"non";"ld01";"oeuvre";"https://media.artdaci.com/artworks/ld01/images/monalisa-t.png";"31DAABED078579E5F0876595ADDCE699988AA487C992ACAED9609B860FBC9287"
"";"Léonard de Vinci";"La Joconde / Mona Lisa";"neutre-ou-inconnu";"assets/artists/paintings_images/davinci/davinci_monalisa.png";"image";"png";"2461610";"2,35 Mo";"Aucune référence textuelle détectée; vérifier les chargements dynamiques et usages éditoriaux.";"";"doublon-binaire";"D004";"non";"ld01";"oeuvre";"https://media.artdaci.com/artworks/ld01/images/davinci_monalisa.png";"4F745DBBB8C11B41CA8AA4E15610FBE31AE3A8BB0B06BEF87C7CF27738EC400C"
"print-target.html";"Léonard de Vinci";"La Joconde / Mona Lisa";"ar";"assets/qr/mona-lisa-ar-en.png";"image";"png";"2683";"2,62 Ko";"Référencé par 1 fichier(s) source.";"print-target.html";"reference";"";"non";"ld01";"oeuvre";"https://media.artdaci.com/artworks/ld01/images/mona-lisa-ar-en.png";"BFAA8AB6BD854DE513BC15C3BE87219A5B77687CAAF8D8915E890C3719170A5D"
"print-target-fr.html";"Léonard de Vinci";"La Joconde / Mona Lisa";"ar";"assets/qr/mona-lisa-ar-fr.png";"image";"png";"2680";"2,62 Ko";"Référencé par 1 fichier(s) source.";"print-target-fr.html";"reference";"";"non";"ld01";"oeuvre";"https://media.artdaci.com/artworks/ld01/images/mona-lisa-ar-fr.png";"71E3010FB6F5F81459E9A70BBC1212779594094B7513BCE3E49AFF5CA4B734E0"
"print-target.html";"Léonard de Vinci";"La Joconde / Mona Lisa";"en";"assets/qr/mona-lisa-audio-en.png";"image";"png";"1311";"1,28 Ko";"Référencé par 1 fichier(s) source.";"print-target.html";"doublon-binaire";"D002";"non";"ld01";"oeuvre";"https://media.artdaci.com/artworks/ld01/images/mona-lisa-audio-en.png";"317892B25B0FEDC02EA42A2F3F417ED5CC326579AFB12D78AFFD0435943E5DE9"
"print-target-fr.html";"Léonard de Vinci";"La Joconde / Mona Lisa";"fr";"assets/qr/mona-lisa-audio-fr.png";"image";"png";"1283";"1,25 Ko";"Référencé par 1 fichier(s) source.";"print-target-fr.html";"doublon-binaire";"D008";"non";"ld01";"oeuvre";"https://media.artdaci.com/artworks/ld01/images/mona-lisa-audio-fr.png";"C9FB73E1A0DF8C5BBC934D7AE58D4B2A2493B38752AABD845FA4BF0F9E326A3A"
"print-target.html";"Léonard de Vinci";"La Joconde / Mona Lisa";"en";"assets/qr/mona-lisa-space-en.png";"image";"png";"2679";"2,62 Ko";"Référencé par 1 fichier(s) source.";"print-target.html";"reference";"";"non";"ld01";"oeuvre";"https://media.artdaci.com/artworks/ld01/images/mona-lisa-space-en.png";"EBB7067A7A5CB2CF6BE2B2911C9ED3BCAD40EC6F7B647A35FFCF81F602A8C30B"
"print-target-fr.html";"Léonard de Vinci";"La Joconde / Mona Lisa";"fr";"assets/qr/mona-lisa-space-fr.png";"image";"png";"2681";"2,62 Ko";"Référencé par 1 fichier(s) source.";"print-target-fr.html";"reference";"";"non";"ld01";"oeuvre";"https://media.artdaci.com/artworks/ld01/images/mona-lisa-space-fr.png";"55264FC49E6122C1B9AC52A43251E724C8274196ED9BBBA4773109E4EB17A66E"
"gallery-vr.html";"Léonard de Vinci";"La Joconde / Mona Lisa";"neutre-ou-inconnu";"assets/shared/reimagined-gallery/mona-lisa_out.png";"image";"png";"1441836";"1,38 Mo";"Référencé par 1 fichier(s) source.";"scripts/gallery-vr.js";"reference";"";"non";"ld01";"oeuvre";"https://media.artdaci.com/artworks/ld01/images/mona-lisa_out.png";"42EC2BEDB04D6818FD73E81ABBBAD0FBBB827C4CEC5A8722C73A43D1A1C2DAEA"
"gallery-vr.html";"Léonard de Vinci";"La Joconde / Mona Lisa";"neutre-ou-inconnu";"assets/shared/reimagined-gallery/Monalisa-Davinci.png";"image";"png";"2913898";"2,78 Mo";"Référencé par 1 fichier(s) source.";"scripts/gallery-vr.js";"reference";"";"non";"ld01";"oeuvre";"https://media.artdaci.com/artworks/ld01/images/Monalisa-Davinci.png";"4AA03E84F689502687C6A6D15BEB646B34D3ECC4AA5164140E45D1CF5B19364A"
"gallery-vr.html";"Léonard de Vinci";"La Joconde / Mona Lisa";"neutre-ou-inconnu";"assets/shared/reimagined-gallery/Monalisa-louvre-1.png";"image";"png";"2277244";"2,17 Mo";"Référencé par 1 fichier(s) source.";"scripts/gallery-vr.js";"reference";"";"non";"ld01";"oeuvre";"https://media.artdaci.com/artworks/ld01/images/Monalisa-louvre-1.png";"683EA5F7EBF8EEA7EE20D9492112B3F59C976C729698B258D3D95F38E1F11567"
"ar.html | book-3d.html | gallery-vr.html | index-ar.html | index-fr.html | index.html | print-ar.html | space.html | vr.html";"Léonard de Vinci";"La Joconde / Mona Lisa";"neutre-ou-inconnu";"assets/artists/leonardo-da-vinci/artworks/mona-lisa/models/davinci-monalisa-c.glb";"modele-3d";"glb";"5106132";"4,87 Mo";"Référencé par 2 fichier(s) source.";"content/paintings/mona-lisa.json | scripts/gallery-vr.js";"reference";"";"non";"ld01";"oeuvre";"https://media.artdaci.com/artworks/ld01/models/davinci-monalisa-c.glb";"05BC531BA139075A0BC6C1DA24B10F76919DD0406826294A01C05F34A3BC4ED1"
"gallery-vr.html";"Léonard de Vinci";"La Joconde / Mona Lisa";"neutre-ou-inconnu";"assets/artists/leonardo-da-vinci/artworks/mona-lisa/models/davinci-painting-mona.glb";"modele-3d";"glb";"7054032";"6,73 Mo";"Référencé par 1 fichier(s) source.";"scripts/gallery-vr.js";"reference";"";"non";"ld01";"oeuvre";"https://media.artdaci.com/artworks/ld01/models/davinci-painting-mona.glb";"3C736929A6F64B886C583CBD007AF258FCAD87A320D6290ACE266BF365166256"
"ar.html | book-3d.html | gallery-vr.html | index-ar.html | index-fr.html | index.html | print-ar.html | space.html | vr.html";"Léonard de Vinci";"La Joconde / Mona Lisa";"neutre-ou-inconnu";"assets/artists/leonardo-da-vinci/artworks/mona-lisa/models/mona-lisa-out-of-frame-c.glb";"modele-3d";"glb";"10357732";"9,88 Mo";"Référencé par 1 fichier(s) source.";"content/paintings/mona-lisa.json";"reference";"";"non";"ld01";"oeuvre";"https://media.artdaci.com/artworks/ld01/models/mona-lisa-out-of-frame-c.glb";"E33267D8A599A805EB5931758211E8A4F3279772159CFC606A2A3248B9FDCD2B"
"gallery-vr.html";"Léonard de Vinci";"La Joconde / Mona Lisa";"neutre-ou-inconnu";"assets/artists/leonardo-da-vinci/artworks/mona-lisa/models/mona-lisa-standing-c.glb";"modele-3d";"glb";"9178112";"8,75 Mo";"Référencé par 1 fichier(s) source.";"scripts/gallery-vr.js";"reference";"";"non";"ld01";"oeuvre";"https://media.artdaci.com/artworks/ld01/models/mona-lisa-standing-c.glb";"50E3E7A80C594CB65163AEA19957FF77EFFFE2CA5FA1F16F498E8E23EBC6C4D5"
"ar.html | book-3d.html | gallery-vr.html | index-ar.html | index-fr.html | index.html | print-ar.html | space.html | vr.html";"Léonard de Vinci";"La Joconde / Mona Lisa";"neutre-ou-inconnu";"assets/artists/leonardo-da-vinci/artworks/mona-lisa/models/mona-lisa.glb";"modele-3d";"glb";"21712828";"20,71 Mo";"Référencé par 3 fichier(s) source.";"content/paintings/mona-lisa.json | docs/art-book-concept.md | README.md";"reference";"";"non";"ld01";"oeuvre";"https://media.artdaci.com/artworks/ld01/models/mona-lisa.glb";"E6BA50EC299B15E8DD704CD4763163ED3F60E96A7D248A78DD0DE8CC769F8989"
"ar.html | book-3d.html | gallery-vr.html | index-ar.html | index-fr.html | index.html | print-ar.html | space.html | vr.html";"Léonard de Vinci";"La Joconde / Mona Lisa";"neutre-ou-inconnu";"assets/artists/leonardo-da-vinci/artworks/mona-lisa/models/monalisa-framed-c.glb";"modele-3d";"glb";"5052400";"4,82 Mo";"Référencé par 1 fichier(s) source.";"content/paintings/mona-lisa.json";"reference";"";"non";"ld01";"oeuvre";"https://media.artdaci.com/artworks/ld01/models/monalisa-framed-c.glb";"FBACDA8F57E5CC88AAE26F890D0AD57D01975D4B2BE2D7A4BB4715EB4EA9EB59"
"ar.html | book-3d.html | gallery-vr.html | index-ar.html | index-fr.html | index.html | print-ar.html | space.html | vr.html";"Léonard de Vinci";"La Joconde / Mona Lisa";"neutre-ou-inconnu";"assets/artists/leonardo-da-vinci/artworks/mona-lisa/models/monalisa-tableau-c.glb";"modele-3d";"glb";"10322332";"9,84 Mo";"Référencé par 1 fichier(s) source.";"content/paintings/mona-lisa.json";"reference";"";"non";"ld01";"oeuvre";"https://media.artdaci.com/artworks/ld01/models/monalisa-tableau-c.glb";"3A914B7176CA5DEA169B6119EFF5E8EBA6169449E18A4DA19292DCAB7396E426"
"ar.html | book-3d.html | gallery-vr.html | index-ar.html | index-fr.html | index.html | print-ar.html | space.html | vr.html";"Léonard de Vinci";"La Joconde / Mona Lisa";"neutre-ou-inconnu";"assets/animations/artdaci-Mona_Lisa_animation.mp4";"video";"mp4";"2845975";"2,71 Mo";"Référencé par 1 fichier(s) source.";"content/paintings/mona-lisa.json";"reference";"";"non";"ld01";"oeuvre";"https://media.artdaci.com/artworks/ld01/videos/artdaci-Mona_Lisa_animation.mp4";"A763EADDBDE4B73E4C0175F6C394ECEA235E479D675281EF0E119CCC3E317C2B"
"gallery-vr.html";"Léonard de Vinci";"La Joconde / Mona Lisa";"neutre-ou-inconnu";"assets/artists/leonardo-da-vinci/artworks/mona-lisa/media/davinci-monalisa-paris.mp4";"video";"mp4";"11882408";"11,33 Mo";"Référencé par 1 fichier(s) source.";"scripts/gallery-vr.js";"reference";"";"non";"ld01";"oeuvre";"https://media.artdaci.com/artworks/ld01/videos/davinci-monalisa-paris.mp4";"206B4E4087AADAD4E35241C3ED98ED3E515F73B9753A4B0787814CBE7D19102F"
"gallery-vr.html";"Léonard de Vinci";"La Joconde / Mona Lisa";"neutre-ou-inconnu";"assets/artists/leonardo-da-vinci/artworks/mona-lisa/media/davinci-painting-monalisa.mp4";"video";"mp4";"4183982";"3,99 Mo";"Référencé par 1 fichier(s) source.";"scripts/gallery-vr.js";"reference";"";"non";"ld01";"oeuvre";"https://media.artdaci.com/artworks/ld01/videos/davinci-painting-monalisa.mp4";"E64FC30D7EF7B8764E28506592A4416BE1D2B94C0A5AC5FFC0B69F102FBBC612"
"gallery-vr.html";"Léonard de Vinci";"La Joconde / Mona Lisa";"neutre-ou-inconnu";"assets/artists/leonardo-da-vinci/artworks/mona-lisa/media/dv2.mp4";"video";"mp4";"10018410";"9,55 Mo";"Référencé par 1 fichier(s) source.";"scripts/gallery-vr.js";"reference";"";"non";"ld01";"oeuvre";"https://media.artdaci.com/artworks/ld01/videos/dv2.mp4";"4F3CE684F6350C6083D26380B78A4DFA006AF68F64E8675DA52F27A7469A530F"
"gallery-vr.html";"Léonard de Vinci";"La Joconde / Mona Lisa";"neutre-ou-inconnu";"assets/artists/leonardo-da-vinci/artworks/mona-lisa/media/m2vmg.mp4";"video";"mp4";"21524198";"20,53 Mo";"Référencé par 1 fichier(s) source.";"scripts/gallery-vr.js";"reference";"";"non";"ld01";"oeuvre";"https://media.artdaci.com/artworks/ld01/videos/m2vmg.mp4";"A99C8BA95D8ACCA50F91A3521BA1ADFCC17AEFC544FA62A4F3CF56BD28BE87C0"
"ar.html | book-3d.html | gallery-vr.html | index-ar.html | index-fr.html | index.html | print-ar.html | space.html | vr.html";"Léonard de Vinci";"La Joconde / Mona Lisa";"neutre-ou-inconnu";"assets/artists/leonardo-da-vinci/artworks/mona-lisa/media/mona-lisa-video.mp4";"video";"mp4";"5689746";"5,43 Mo";"Référencé par 2 fichier(s) source.";"content/paintings/mona-lisa.json | scripts/gallery-vr.js";"reference";"";"non";"ld01";"oeuvre";"https://media.artdaci.com/artworks/ld01/videos/mona-lisa-video.mp4";"99A501C1BF4AB435DF34AA079B1C0CE9663A5EE7C1214F1E835E0B4EFDA63719"
"gallery-vr.html";"Léonard de Vinci";"transversal Léonard/Louvre";"ar";"assets/artists/leonardo-da-vinci/supporters/music/davinci-françois-منك-المداد.mp3";"audio";"mp3";"744608";"727,16 Ko";"Référencé par 1 fichier(s) source.";"scripts/gallery-vr.js";"reference";"";"non";"ld01-ld06";"transversal-artiste";"https://media.artdaci.com/shared/artists/leonardo-da-vinci/supporters/music/davinci-françois-منك-المداد.mp3";"BABE0B48CFB91626E46023E5A669D414C34CED5DB53F3BEF14EBB4A617651B28"
"gallery-vr.html";"Léonard de Vinci";"transversal Léonard/Louvre";"neutre-ou-inconnu";"assets/artists/leonardo-da-vinci/supporters/music/davinci-françois1-sous-le-sceau-royal.mp3";"audio";"mp3";"742102";"724,71 Ko";"Référencé par 1 fichier(s) source.";"scripts/gallery-vr.js";"reference";"";"non";"ld01-ld06";"transversal-artiste";"https://media.artdaci.com/shared/artists/leonardo-da-vinci/supporters/music/davinci-françois1-sous-le-sceau-royal.mp3";"2ADE94DD2244B55A5408783E69182BD1C0DB8480E0915C484519C99010EA68E8"
"gallery-vr.html";"Léonard de Vinci";"transversal Léonard/Louvre";"neutre-ou-inconnu";"assets/artists/leonardo-da-vinci/supporters/music/davinci-study-in-grace.mp3";"audio";"mp3";"744608";"727,16 Ko";"Référencé par 1 fichier(s) source.";"scripts/gallery-vr.js";"reference";"";"non";"ld01-ld06";"transversal-artiste";"https://media.artdaci.com/shared/artists/leonardo-da-vinci/supporters/music/davinci-study-in-grace.mp3";"DF1161332C1592FBD46DF962330DC6A6AF5E86ED0BFA206B0F8D58172FC055E1"
"";"Léonard de Vinci";"transversal Léonard/Louvre";"neutre-ou-inconnu";"assets/targets/louvre_museum.mind";"cible-ar";"mind";"862011";"841,81 Ko";"Référencé par 1 fichier(s) source.";"content/museums/louvre.json";"reference";"";"non";"ld01-ld06";"transversal-artiste";"https://media.artdaci.com/shared/targets/louvre_museum.mind";"5213A0560D45D9039DB5B93C09EFF57EE7ED2104CFB969B9F25FB02074C4A97C"
"gallery-vr.html";"Léonard de Vinci";"transversal Léonard/Louvre";"neutre-ou-inconnu";"assets/artists/leonardo-da-vinci/collection/mana-lisa-davici.webp";"image";"webp";"227532";"222,20 Ko";"Référencé par 1 fichier(s) source.";"scripts/gallery-vr.js";"reference";"";"non";"ld01-ld06";"transversal-artiste";"https://media.artdaci.com/shared/artists/leonardo-da-vinci/collection/mana-lisa-davici.webp";"D437E03B9852EE5BADDB4479A9BFEBDB62CABC4DA4EC257476B614B2CE944C61"
"gallery-vr.html";"Léonard de Vinci";"transversal Léonard/Louvre";"neutre-ou-inconnu";"assets/artists/leonardo-da-vinci/profile/portrait.png";"image";"png";"2889492";"2,76 Mo";"Référencé par 1 fichier(s) source.";"scripts/gallery-vr.js";"reference";"";"non";"ld01-ld06";"transversal-artiste";"https://media.artdaci.com/shared/artists/leonardo-da-vinci/profile/portrait.png";"5F093A73631BB2E3BFCDFCE95B64A40AAB1E32048B3525CE187273ED1488F00A"
"gallery-vr.html";"Léonard de Vinci";"transversal Léonard/Louvre";"neutre-ou-inconnu";"assets/artists/leonardo-da-vinci/supporters/images/davinci-françois1er-2.png";"image";"png";"2500371";"2,38 Mo";"Référencé par 1 fichier(s) source.";"scripts/gallery-vr.js";"reference";"";"non";"ld01-ld06";"transversal-artiste";"https://media.artdaci.com/shared/artists/leonardo-da-vinci/supporters/images/davinci-françois1er-2.png";"2C36F77BA03ED3A754BB5678D4884777334C6F0D15F98685837BDD3DF9C17F3E"
"gallery-vr.html";"Léonard de Vinci";"transversal Léonard/Louvre";"neutre-ou-inconnu";"assets/artists/leonardo-da-vinci/supporters/images/davinci-françois1er.png";"image";"png";"2216099";"2,11 Mo";"Référencé par 1 fichier(s) source.";"scripts/gallery-vr.js";"reference";"";"non";"ld01-ld06";"transversal-artiste";"https://media.artdaci.com/shared/artists/leonardo-da-vinci/supporters/images/davinci-françois1er.png";"F834FE22F934F13DCE37F0468575B19A2CCE8902976370752CC4A20CD4399E47"
"gallery-vr.html";"Léonard de Vinci";"transversal Léonard/Louvre";"ar";"assets/artists/leonardo-da-vinci/supporters/timelines/leonardo-and-françois-i-renaissance-journey-ar.png";"image";"png";"3266354";"3,12 Mo";"Référencé par 1 fichier(s) source.";"scripts/gallery-vr.js";"reference";"";"non";"ld01-ld06";"transversal-artiste";"https://media.artdaci.com/shared/artists/leonardo-da-vinci/supporters/timelines/leonardo-and-françois-i-renaissance-journey-ar.png";"7EE04EE9A3FB3E45814EC43440E9E869181A0A7398A7A18B73C15236654DD24F"
"gallery-vr.html";"Léonard de Vinci";"transversal Léonard/Louvre";"en";"assets/artists/leonardo-da-vinci/supporters/timelines/leonardo-and-françois-i-renaissance-journey-en.png";"image";"png";"3012525";"2,87 Mo";"Référencé par 1 fichier(s) source.";"scripts/gallery-vr.js";"reference";"";"non";"ld01-ld06";"transversal-artiste";"https://media.artdaci.com/shared/artists/leonardo-da-vinci/supporters/timelines/leonardo-and-françois-i-renaissance-journey-en.png";"D31794866CB24716BC6C8F9231EF427A8BE5B7BDE31060484508BB28F025F439"
"gallery-vr.html";"Léonard de Vinci";"transversal Léonard/Louvre";"fr";"assets/artists/leonardo-da-vinci/supporters/timelines/leonardo-and-françois-i-renaissance-journey-fr.png";"image";"png";"3202715";"3,05 Mo";"Référencé par 1 fichier(s) source.";"scripts/gallery-vr.js";"reference";"";"non";"ld01-ld06";"transversal-artiste";"https://media.artdaci.com/shared/artists/leonardo-da-vinci/supporters/timelines/leonardo-and-françois-i-renaissance-journey-fr.png";"C4CF4C9E1BC4E6607DA0B3A5875B1D8D7034D0A7238AA1D4065DD1194CC5031B"
"gallery-vr.html";"Léonard de Vinci";"transversal Léonard/Louvre";"ar";"assets/artists/paintings_images/davinci/6_masterpices/davinci_6_masterpieces_ar.png";"image";"png";"2356600";"2,25 Mo";"Référencé par 1 fichier(s) source.";"scripts/gallery-vr.js";"reference";"";"non";"ld01-ld06";"transversal-artiste";"https://media.artdaci.com/shared/artists/paintings_images/davinci/6_masterpices/davinci_6_masterpieces_ar.png";"4FB59745F909D5A75EA43B1BC240BC98163720DB1A6E5173796592B49A540027"
"gallery-vr.html";"Léonard de Vinci";"transversal Léonard/Louvre";"fr";"assets/artists/paintings_images/davinci/6_masterpices/davinci_6_masterpieces_fr.png";"image";"png";"2426184";"2,31 Mo";"Référencé par 1 fichier(s) source.";"scripts/gallery-vr.js";"reference";"";"non";"ld01-ld06";"transversal-artiste";"https://media.artdaci.com/shared/artists/paintings_images/davinci/6_masterpices/davinci_6_masterpieces_fr.png";"BE4940F7C4375E913A6143BF26D65D8B9D169776E7A93AAF769476BDE25C2CC0"
"gallery-vr.html";"Léonard de Vinci";"transversal Léonard/Louvre";"en";"assets/artists/paintings_images/davinci/6_masterpices/davinci_8_masterpieces_en.png";"image";"png";"2417810";"2,31 Mo";"Référencé par 1 fichier(s) source.";"scripts/gallery-vr.js";"reference";"";"non";"ld01-ld06";"transversal-artiste";"https://media.artdaci.com/shared/artists/paintings_images/davinci/6_masterpices/davinci_8_masterpieces_en.png";"7EC226481D34ADD54B87F8105B3D9D07C1B0BD10D5BCBC9489E2CF7499853BD4"
"";"Léonard de Vinci";"transversal Léonard/Louvre";"neutre-ou-inconnu";"assets/artists/paintings_images/davinci/davinci_6_paintings.png";"image";"png";"2589170";"2,47 Mo";"Aucune référence textuelle détectée; vérifier les chargements dynamiques et usages éditoriaux.";"";"inutilise-probable";"";"non";"ld01-ld06";"transversal-artiste";"https://media.artdaci.com/shared/artists/paintings_images/davinci/davinci_6_paintings.png";"40AA4CA6A8F071D101C874D6289850E5BD794069F2D1676AA45B6E5EE1525E4E"
"";"Léonard de Vinci";"transversal Léonard/Louvre";"neutre-ou-inconnu";"assets/artists/paintings_images/davinci/main.png";"image";"png";"2461610";"2,35 Mo";"Aucune référence textuelle détectée; vérifier les chargements dynamiques et usages éditoriaux.";"";"doublon-binaire";"D004";"non";"ld01-ld06";"transversal-artiste";"https://media.artdaci.com/shared/artists/paintings_images/davinci/main.png";"4F745DBBB8C11B41CA8AA4E15610FBE31AE3A8BB0B06BEF87C7CF27738EC400C"
"";"Léonard de Vinci";"transversal Léonard/Louvre";"ar";"assets/environments/gallery/images/Louvre/louvre_building_plan/copies/louvre_building_plan_ar.png";"image";"png";"2670342";"2,55 Mo";"Aucune référence textuelle détectée; vérifier les chargements dynamiques et usages éditoriaux.";"";"inutilise-probable";"";"non";"ld01-ld06";"transversal-artiste";"https://media.artdaci.com/shared/environments/gallery/images/Louvre/louvre_building_plan/copies/louvre_building_plan_ar.png";"3EC3792A878171CB3198DDF7EC93498088F85F0B6DA0A3028CCDD6753C08BD2B"
"";"Léonard de Vinci";"transversal Léonard/Louvre";"en";"assets/environments/gallery/images/Louvre/louvre_building_plan/copies/louvre_building_plan_en.png";"image";"png";"2661663";"2,54 Mo";"Aucune référence textuelle détectée; vérifier les chargements dynamiques et usages éditoriaux.";"";"inutilise-probable";"";"non";"ld01-ld06";"transversal-artiste";"https://media.artdaci.com/shared/environments/gallery/images/Louvre/louvre_building_plan/copies/louvre_building_plan_en.png";"23C96CCF5130332E8AD10634D6416AD59382F92133BF07DF4ABC990B7D114AA5"
"";"Léonard de Vinci";"transversal Léonard/Louvre";"fr";"assets/environments/gallery/images/Louvre/louvre_building_plan/copies/louvre_building_plan_fr.png";"image";"png";"2424604";"2,31 Mo";"Aucune référence textuelle détectée; vérifier les chargements dynamiques et usages éditoriaux.";"";"inutilise-probable";"";"non";"ld01-ld06";"transversal-artiste";"https://media.artdaci.com/shared/environments/gallery/images/Louvre/louvre_building_plan/copies/louvre_building_plan_fr.png";"F896A3A15F209643498C84FEF4AD5C0EBEA71199CD8162E3AB04269679DBF09B"
"";"Léonard de Vinci";"transversal Léonard/Louvre";"ar";"assets/environments/gallery/images/Louvre/louvre_building_plan/louvre_building_plan_ar.png";"image";"png";"1981034";"1,89 Mo";"Aucune référence textuelle détectée; vérifier les chargements dynamiques et usages éditoriaux.";"";"inutilise-probable";"";"non";"ld01-ld06";"transversal-artiste";"https://media.artdaci.com/shared/environments/gallery/images/Louvre/louvre_building_plan/louvre_building_plan_ar.png";"88A9D651D086B7404FBA0F91D24B4F0AA42EE6214612AC8F501254046548D13E"
"";"Léonard de Vinci";"transversal Léonard/Louvre";"en";"assets/environments/gallery/images/Louvre/louvre_building_plan/louvre_building_plan_en.png";"image";"png";"2338250";"2,23 Mo";"Aucune référence textuelle détectée; vérifier les chargements dynamiques et usages éditoriaux.";"";"inutilise-probable";"";"non";"ld01-ld06";"transversal-artiste";"https://media.artdaci.com/shared/environments/gallery/images/Louvre/louvre_building_plan/louvre_building_plan_en.png";"8591007E6F0F50C48CEA771ECF16309A9697F23985682617F478C12F20EFDDAD"
"";"Léonard de Vinci";"transversal Léonard/Louvre";"neutre-ou-inconnu";"assets/environments/gallery/images/Louvre/louvre_building_plan/louvre_building_plan_ffr.png";"image";"png";"2439114";"2,33 Mo";"Aucune référence textuelle détectée; vérifier les chargements dynamiques et usages éditoriaux.";"";"inutilise-probable";"";"non";"ld01-ld06";"transversal-artiste";"https://media.artdaci.com/shared/environments/gallery/images/Louvre/louvre_building_plan/louvre_building_plan_ffr.png";"CFB088F21FD0C00BD5ACA2AA76B65B235F5A1B9A1E0E805C08DED7951843056B"
"gallery-vr.html";"Léonard de Vinci";"transversal Léonard/Louvre";"neutre-ou-inconnu";"assets/environments/gallery/images/Louvre/louvre_building_plan/louvre_façade.png";"image";"png";"2622366";"2,50 Mo";"Référencé par 1 fichier(s) source.";"scripts/gallery-vr.js";"reference";"";"non";"ld01-ld06";"transversal-artiste";"https://media.artdaci.com/shared/environments/gallery/images/Louvre/louvre_building_plan/louvre_façade.png";"8AE06184078137533A25BD510AD5C311F9020A9440D6B7A3679277C147002E00"
"";"Léonard de Vinci";"transversal Léonard/Louvre";"neutre-ou-inconnu";"assets/environments/gallery/images/Louvre/louvre_building_plan/Louvre_museum_legende.png";"image";"png";"2941764";"2,81 Mo";"Aucune référence textuelle détectée; vérifier les chargements dynamiques et usages éditoriaux.";"";"inutilise-probable";"";"non";"ld01-ld06";"transversal-artiste";"https://media.artdaci.com/shared/environments/gallery/images/Louvre/louvre_building_plan/Louvre_museum_legende.png";"66171A63A41597CC6505C8B3BCD6179CB6F32CC56706A8E35D2E94B4C48DBCD6"
"";"Léonard de Vinci";"transversal Léonard/Louvre";"neutre-ou-inconnu";"assets/environments/gallery/images/Louvre/louvre_building_plan/Louvre_museum.png";"image";"png";"2821132";"2,69 Mo";"Référencé par 1 fichier(s) source.";"content/museums/louvre.json";"reference";"";"non";"ld01-ld06";"transversal-artiste";"https://media.artdaci.com/shared/environments/gallery/images/Louvre/louvre_building_plan/Louvre_museum.png";"85BB334585EBBEFD9030281094DB3714E6B0B7954AE1931EE7936FE8F55FDE99"
"gallery-vr.html";"Léonard de Vinci";"transversal Léonard/Louvre";"neutre-ou-inconnu";"assets/environments/gallery/images/Louvre/louvre_building/louvre_droit.png";"image";"png";"1418349";"1,35 Mo";"Référencé par 1 fichier(s) source.";"scripts/gallery-vr.js";"reference";"";"non";"ld01-ld06";"transversal-artiste";"https://media.artdaci.com/shared/environments/gallery/images/Louvre/louvre_building/louvre_droit.png";"D1415B93E81EB7EE9AD1E1B74729CC2D53CD3299ABC1AAEC477603FD3B30C1C7"
"gallery-vr.html";"Léonard de Vinci";"transversal Léonard/Louvre";"neutre-ou-inconnu";"assets/environments/gallery/images/Louvre/louvre_building/louvre_face.png";"image";"png";"2584376";"2,46 Mo";"Référencé par 1 fichier(s) source.";"scripts/gallery-vr.js";"reference";"";"non";"ld01-ld06";"transversal-artiste";"https://media.artdaci.com/shared/environments/gallery/images/Louvre/louvre_building/louvre_face.png";"C569740AA4F4751D0B4F3A14587047C6EB10FEF669CA5B6D3FFDB2BA9B3B67A0"
"gallery-vr.html";"Léonard de Vinci";"transversal Léonard/Louvre";"neutre-ou-inconnu";"assets/environments/gallery/images/Louvre/louvre_building/louvre_gauche.png";"image";"png";"2366795";"2,26 Mo";"Référencé par 1 fichier(s) source.";"scripts/gallery-vr.js";"reference";"";"non";"ld01-ld06";"transversal-artiste";"https://media.artdaci.com/shared/environments/gallery/images/Louvre/louvre_building/louvre_gauche.png";"F9604552DBE43BFD19378A54B9BFE6D5C6838BD8DA7314FF20064D3CFBCC157B"
"";"Léonard de Vinci";"transversal Léonard/Louvre";"neutre-ou-inconnu";"assets/environments/gallery/images/Louvre/louvre_building/louvre-in-parijs-paris-1-scaled.webp";"image";"webp";"339678";"331,72 Ko";"Aucune référence textuelle détectée; vérifier les chargements dynamiques et usages éditoriaux.";"";"inutilise-probable";"";"non";"ld01-ld06";"transversal-artiste";"https://media.artdaci.com/shared/environments/gallery/images/Louvre/louvre_building/louvre-in-parijs-paris-1-scaled.webp";"BCF7211E1D1C770FC860F6BE3929B148639E635B714D41724CCB593E17E2FE08"
"";"Léonard de Vinci";"transversal Léonard/Louvre";"neutre-ou-inconnu";"assets/environments/gallery/images/Louvre/louvre_building/Lovre-ciel.webp";"image";"webp";"637224";"622,29 Ko";"Aucune référence textuelle détectée; vérifier les chargements dynamiques et usages éditoriaux.";"";"inutilise-probable";"";"non";"ld01-ld06";"transversal-artiste";"https://media.artdaci.com/shared/environments/gallery/images/Louvre/louvre_building/Lovre-ciel.webp";"C1180E954D82324E0DEC9A108D34D5CCFC833790E8387A58647911EEF3D3AEC7"
"";"Léonard de Vinci";"transversal Léonard/Louvre";"neutre-ou-inconnu";"assets/environments/gallery/images/Louvre/louvre_building/Nouveau dossier/louvre_face.png";"image";"png";"2432508";"2,32 Mo";"Aucune référence textuelle détectée; vérifier les chargements dynamiques et usages éditoriaux.";"";"doublon-binaire";"D009";"non";"ld01-ld06";"transversal-artiste";"https://media.artdaci.com/shared/environments/gallery/images/Louvre/louvre_building/Nouveau dossier/louvre_face.png";"E69CB05560567EE39BA99FCE566AC8B562CD75FB885CBC440946C59612E6DA90"
"";"Léonard de Vinci";"transversal Léonard/Louvre";"neutre-ou-inconnu";"assets/environments/gallery/images/Louvre/louvre_building/Nouveau dossier/louvre_faceeee.png";"image";"png";"2432508";"2,32 Mo";"Aucune référence textuelle détectée; vérifier les chargements dynamiques et usages éditoriaux.";"";"doublon-binaire";"D009";"non";"ld01-ld06";"transversal-artiste";"https://media.artdaci.com/shared/environments/gallery/images/Louvre/louvre_building/Nouveau dossier/louvre_faceeee.png";"E69CB05560567EE39BA99FCE566AC8B562CD75FB885CBC440946C59612E6DA90"
"";"Léonard de Vinci";"transversal Léonard/Louvre";"ar";"assets/environments/gallery/images/Louvre/louvre_timeline/louvre_timeline_ar.png";"image";"png";"2768051";"2,64 Mo";"Aucune référence textuelle détectée; vérifier les chargements dynamiques et usages éditoriaux.";"";"inutilise-probable";"";"non";"ld01-ld06";"transversal-artiste";"https://media.artdaci.com/shared/environments/gallery/images/Louvre/louvre_timeline/louvre_timeline_ar.png";"248854059B390BCB1527887396ABB449BB91C3197807FE1314D2450732C0DCC9"
"";"Léonard de Vinci";"transversal Léonard/Louvre";"en";"assets/environments/gallery/images/Louvre/louvre_timeline/louvre_timeline_en.png";"image";"png";"2719990";"2,59 Mo";"Aucune référence textuelle détectée; vérifier les chargements dynamiques et usages éditoriaux.";"";"inutilise-probable";"";"non";"ld01-ld06";"transversal-artiste";"https://media.artdaci.com/shared/environments/gallery/images/Louvre/louvre_timeline/louvre_timeline_en.png";"18AD933079CE357C517FFAE083BEE7148FDF715E1CB51B31E08F03C351967879"
"";"Léonard de Vinci";"transversal Léonard/Louvre";"fr";"assets/environments/gallery/images/Louvre/louvre_timeline/louvre_timeline_fr.png";"image";"png";"2832772";"2,70 Mo";"Aucune référence textuelle détectée; vérifier les chargements dynamiques et usages éditoriaux.";"";"inutilise-probable";"";"non";"ld01-ld06";"transversal-artiste";"https://media.artdaci.com/shared/environments/gallery/images/Louvre/louvre_timeline/louvre_timeline_fr.png";"5F01E9A81684826D761232BEDBDC28C0BC3CA1C46B134DE099DE853CCD537C75"
"";"Léonard de Vinci";"transversal Léonard/Louvre";"neutre-ou-inconnu";"assets/environments/gallery/images/Louvre/Louvre-arrière.png";"image";"png";"9471829";"9,03 Mo";"Aucune référence textuelle détectée; vérifier les chargements dynamiques et usages éditoriaux.";"";"inutilise-probable";"";"non";"ld01-ld06";"transversal-artiste";"https://media.artdaci.com/shared/environments/gallery/images/Louvre/Louvre-arrière.png";"97C0E62E12444B10B4678DE363333B33EF05D3C5D8AEEDA5F60DC37D59EDF1E6"
"";"Léonard de Vinci";"transversal Léonard/Louvre";"neutre-ou-inconnu";"assets/environments/gallery/images/Louvre/Louvre-droite.png";"image";"png";"9140149";"8,72 Mo";"Aucune référence textuelle détectée; vérifier les chargements dynamiques et usages éditoriaux.";"";"inutilise-probable";"";"non";"ld01-ld06";"transversal-artiste";"https://media.artdaci.com/shared/environments/gallery/images/Louvre/Louvre-droite.png";"5B6B47F195D2E8409E3D529807C1AF94A6D876667E940F9EDB9E3A99C1183E18"
"";"Léonard de Vinci";"transversal Léonard/Louvre";"neutre-ou-inconnu";"assets/environments/gallery/images/Louvre/Louvre-gauche.png";"image";"png";"9250466";"8,82 Mo";"Aucune référence textuelle détectée; vérifier les chargements dynamiques et usages éditoriaux.";"";"inutilise-probable";"";"non";"ld01-ld06";"transversal-artiste";"https://media.artdaci.com/shared/environments/gallery/images/Louvre/Louvre-gauche.png";"BC995B8FBA4580B99025D895544ACD70DCB691AA54BE56F96150C06C39E061D4"
"gallery-vr.html";"Léonard de Vinci";"transversal Léonard/Louvre";"neutre-ou-inconnu";"assets/shared/groups/DVVM_Louvre.png";"image";"png";"2821409";"2,69 Mo";"Référencé par 1 fichier(s) source.";"scripts/gallery-vr.js";"reference";"";"non";"ld01-ld06";"transversal-artiste";"https://media.artdaci.com/shared/shared/groups/DVVM_Louvre.png";"7F279D5C553F89AF0DC79F43A76403421F1474C8632B890F338AECD97437BEF0"
"gallery-vr.html";"Léonard de Vinci";"transversal Léonard/Louvre";"neutre-ou-inconnu";"assets/artists/leonardo-da-vinci/reimagined/models/davinci-françois1er.glb";"modele-3d";"glb";"6731680";"6,42 Mo";"Référencé par 1 fichier(s) source.";"scripts/gallery-vr.js";"reference";"";"non";"ld01-ld06";"transversal-artiste";"https://media.artdaci.com/shared/artists/leonardo-da-vinci/reimagined/models/davinci-françois1er.glb";"97F5572D6D17EB137B0FEBB408562BC7621D1240B7D30A1AFDE80F13BBA10128"
"gallery-vr.html";"Léonard de Vinci";"transversal Léonard/Louvre";"neutre-ou-inconnu";"assets/artists/leonardo-da-vinci/reimagined/models/davinci-standing-c.glb";"modele-3d";"glb";"3107640";"2,96 Mo";"Référencé par 1 fichier(s) source.";"scripts/gallery-vr.js";"reference";"";"non";"ld01-ld06";"transversal-artiste";"https://media.artdaci.com/shared/artists/leonardo-da-vinci/reimagined/models/davinci-standing-c.glb";"528034C1A7A2CD1D6A3B86CA4CBE250FA9ECA95AB793D866630CB59240B8B18F"
"gallery-vr.html";"Léonard de Vinci";"transversal Léonard/Louvre";"neutre-ou-inconnu";"assets/environments/gallery/models/banc-louvre_c.glb";"modele-3d";"glb";"1709000";"1,63 Mo";"Référencé par 1 fichier(s) source.";"scripts/gallery-vr.js";"reference";"";"non";"ld01-ld06";"transversal-artiste";"https://media.artdaci.com/shared/environments/gallery/models/banc-louvre_c.glb";"EC5F9070DB35B41800B9ABF8656B837C9E2281047B995BE8602663FD9795AE92"
"";"Léonard de Vinci";"transversal Léonard/Louvre";"neutre-ou-inconnu";"assets/environments/gallery/models/Louvre_arrière_c.glb";"modele-3d";"glb";"4941536";"4,71 Mo";"Aucune référence textuelle détectée; vérifier les chargements dynamiques et usages éditoriaux.";"";"inutilise-probable";"";"non";"ld01-ld06";"transversal-artiste";"https://media.artdaci.com/shared/environments/gallery/models/Louvre_arrière_c.glb";"C9FC8BFEB75A7FF23A1F7B95E84984AA28DBF7B99906F3A2764E74A32AE67A4A"
"";"Léonard de Vinci";"transversal Léonard/Louvre";"neutre-ou-inconnu";"assets/environments/gallery/models/Louvre_droit_c.glb";"modele-3d";"glb";"7832084";"7,47 Mo";"Aucune référence textuelle détectée; vérifier les chargements dynamiques et usages éditoriaux.";"";"inutilise-probable";"";"non";"ld01-ld06";"transversal-artiste";"https://media.artdaci.com/shared/environments/gallery/models/Louvre_droit_c.glb";"F9312FDEC8F43CAC7AF19B17DCC15873EA326429F41FFF486E484ADA700BFBA2"
"gallery-vr.html";"Léonard de Vinci";"transversal Léonard/Louvre";"neutre-ou-inconnu";"assets/environments/gallery/models/Louvre_facade_c.glb";"modele-3d";"glb";"4805244";"4,58 Mo";"Référencé par 1 fichier(s) source.";"scripts/gallery-vr.js";"reference";"";"non";"ld01-ld06";"transversal-artiste";"https://media.artdaci.com/shared/environments/gallery/models/Louvre_facade_c.glb";"2B17C69B8099B8B6B5C8A05AB6E7EC0198D5DF4A53AE70997561448CBC1A9A62"
"";"Léonard de Vinci";"transversal Léonard/Louvre";"neutre-ou-inconnu";"assets/environments/gallery/models/museums/Louvre_museum_c3.glb";"modele-3d";"glb";"11217452";"10,70 Mo";"Aucune référence textuelle détectée; vérifier les chargements dynamiques et usages éditoriaux.";"";"inutilise-probable";"";"non";"ld01-ld06";"transversal-artiste";"https://media.artdaci.com/shared/environments/gallery/models/museums/Louvre_museum_c3.glb";"9D4AEB1F1AFD340BC29FA733A2125CA0BB0EB8B9D9E88C3AB73D667BD2477A4E"
"";"Léonard de Vinci";"transversal Léonard/Louvre";"neutre-ou-inconnu";"assets/environments/gallery/models/museums/louvre_pyramids.glb";"modele-3d";"glb";"77702584";"74,10 Mo";"Aucune référence textuelle détectée; vérifier les chargements dynamiques et usages éditoriaux.";"";"inutilise-probable";"";"non";"ld01-ld06";"transversal-artiste";"https://media.artdaci.com/shared/environments/gallery/models/museums/louvre_pyramids.glb";"F46D75ACA35E376AFFA06D29027FB398B4E58966D85328266585FE7812650C4A"
"";"Léonard de Vinci";"transversal Léonard/Louvre";"neutre-ou-inconnu";"assets/environments/gallery/models/museums/Louvre-complet_c.glb";"modele-3d";"glb";"28246200";"26,94 Mo";"Aucune référence textuelle détectée; vérifier les chargements dynamiques et usages éditoriaux.";"";"inutilise-probable";"";"non";"ld01-ld06";"transversal-artiste";"https://media.artdaci.com/shared/environments/gallery/models/museums/Louvre-complet_c.glb";"582437130C45229F2DABC3FEC7D0C49FF2DB8E1308A9F7803A2E2D992C6DAE97"
"";"Léonard de Vinci";"transversal Léonard/Louvre";"neutre-ou-inconnu";"assets/environments/gallery/models/museums/Louvre-d_c.glb";"modele-3d";"glb";"20045632";"19,12 Mo";"Aucune référence textuelle détectée; vérifier les chargements dynamiques et usages éditoriaux.";"";"doublon-binaire";"D007";"non";"ld01-ld06";"transversal-artiste";"https://media.artdaci.com/shared/environments/gallery/models/museums/Louvre-d_c.glb";"A164E5FC63EEEC4FD04CE08ECCCD08F01B572A15B55B22787C27D607D41064CD"
"";"Léonard de Vinci";"transversal Léonard/Louvre";"neutre-ou-inconnu";"assets/environments/gallery/models/museums/Louvre-f_c.glb";"modele-3d";"glb";"20045632";"19,12 Mo";"Aucune référence textuelle détectée; vérifier les chargements dynamiques et usages éditoriaux.";"";"doublon-binaire";"D007";"non";"ld01-ld06";"transversal-artiste";"https://media.artdaci.com/shared/environments/gallery/models/museums/Louvre-f_c.glb";"A164E5FC63EEEC4FD04CE08ECCCD08F01B572A15B55B22787C27D607D41064CD"
"";"Léonard de Vinci";"transversal Léonard/Louvre";"neutre-ou-inconnu";"assets/environments/gallery/models/museums/Louvre-full_c.glb";"modele-3d";"glb";"27600444";"26,32 Mo";"Aucune référence textuelle détectée; vérifier les chargements dynamiques et usages éditoriaux.";"";"inutilise-probable";"";"non";"ld01-ld06";"transversal-artiste";"https://media.artdaci.com/shared/environments/gallery/models/museums/Louvre-full_c.glb";"D8B2DDCEC0294E44A3E6BE583B1044C92D929E8925B1916B8BADB1FA2F2A3DB9"
"gallery-vr.html";"Léonard de Vinci";"transversal Léonard/Louvre";"neutre-ou-inconnu";"assets/environments/gallery/models/museums/Louvre-full-joint_c.glb";"modele-3d";"glb";"26585952";"25,35 Mo";"Référencé par 2 fichier(s) source.";"content/museums/louvre.json | scripts/gallery-vr.js";"reference";"";"non";"ld01-ld06";"transversal-artiste";"https://media.artdaci.com/shared/environments/gallery/models/museums/Louvre-full-joint_c.glb";"53A7A014B2C6EEFD6914572AA927C1C61B82620D63EA381CFFCDAF684A638D53"
"";"Léonard de Vinci";"transversal Léonard/Louvre";"neutre-ou-inconnu";"assets/environments/gallery/models/museums/Louvre-g_c.glb";"modele-3d";"glb";"20045632";"19,12 Mo";"Aucune référence textuelle détectée; vérifier les chargements dynamiques et usages éditoriaux.";"";"inutilise-probable";"";"non";"ld01-ld06";"transversal-artiste";"https://media.artdaci.com/shared/environments/gallery/models/museums/Louvre-g_c.glb";"AECE399CFDFA9E6AB96F03F6BB0D4F60F46962852802DB847FCF7F84224B7D46"
"";"Léonard de Vinci";"transversal Léonard/Louvre";"neutre-ou-inconnu";"assets/environments/gallery/models/museums/Louvre-pyramid_c.glb";"modele-3d";"glb";"20045632";"19,12 Mo";"Aucune référence textuelle détectée; vérifier les chargements dynamiques et usages éditoriaux.";"";"doublon-binaire";"D007";"non";"ld01-ld06";"transversal-artiste";"https://media.artdaci.com/shared/environments/gallery/models/museums/Louvre-pyramid_c.glb";"A164E5FC63EEEC4FD04CE08ECCCD08F01B572A15B55B22787C27D607D41064CD"
"gallery-vr.html";"Léonard de Vinci";"transversal Léonard/Louvre";"neutre-ou-inconnu";"assets/artists/leonardo-da-vinci/profile/introduction.mp4";"video";"mp4";"2064092";"1,97 Mo";"Référencé par 1 fichier(s) source.";"scripts/gallery-vr.js";"reference";"";"non";"ld01-ld06";"transversal-artiste";"https://media.artdaci.com/shared/artists/leonardo-da-vinci/profile/introduction.mp4";"E737808A24115722A3FCEE5A878ADB73860DC70091A1D1E95CB2717EDDAC7B8A"
"gallery-vr.html";"Léonard de Vinci";"transversal Léonard/Louvre";"neutre-ou-inconnu";"assets/artists/leonardo-da-vinci/supporters/video/leonardo-da-vinci-thanking-king-202608151400.mp4";"video";"mp4";"2125893";"2,03 Mo";"Référencé par 1 fichier(s) source.";"scripts/gallery-vr.js";"reference";"";"non";"ld01-ld06";"transversal-artiste";"https://media.artdaci.com/shared/artists/leonardo-da-vinci/supporters/video/leonardo-da-vinci-thanking-king-202608151400.mp4";"AA5849B1076D23E2F1ACEFF9FA234F0A783DE561F82E45E6B3A7A1424F491B25"
"ar.html | book-3d.html | gallery-vr.html | index-ar.html | index-fr.html | index.html | print-ar.html | space.html | vr.html";"Léonard de Vinci";"La Dame à l’hermine";"neutre-ou-inconnu";"assets/artists/leonardo-da-vinci/collection/the-lady-with-an-ermine-davinci.webp";"image";"webp";"167606";"163,68 Ko";"Référencé par 3 fichier(s) source.";"content/paintings/lady-with-an-ermine.json | scripts/book-3d.js | scripts/gallery-vr.js";"reference";"";"non";"ld02";"oeuvre";"https://media.artdaci.com/artworks/ld02/images/the-lady-with-an-ermine-davinci.webp";"54E687C658197E350910D566E54F1622D1FF2A87E402A3433E24A399757C9179"
"";"Léonard de Vinci";"La Dame à l’hermine";"neutre-ou-inconnu";"assets/artists/paintings_images/davinci/davinci_lady-ermine.png";"image";"png";"2103024";"2,01 Mo";"Aucune référence textuelle détectée; vérifier les chargements dynamiques et usages éditoriaux.";"";"inutilise-probable";"";"non";"ld02";"oeuvre";"https://media.artdaci.com/artworks/ld02/images/davinci_lady-ermine.png";"DA741A4EF98A1048E0B1B70E84CD3852731A6C44A921633CBB1DAA3B25760411"
"gallery-vr.html";"Léonard de Vinci";"La Cène";"neutre-ou-inconnu";"assets/artists/leonardo-da-vinci/collection/the-last-supper-davinci.webp";"image";"webp";"299318";"292,30 Ko";"Référencé par 1 fichier(s) source.";"scripts/gallery-vr.js";"reference";"";"non";"ld03";"oeuvre";"https://media.artdaci.com/artworks/ld03/images/the-last-supper-davinci.webp";"308C08D2E8784BF0876A02DA7190BA9986E0E2E3CAFE4719789240A478540C58"
"ar.html | book-3d.html | gallery-vr.html | index-ar.html | index-fr.html | index.html | print-ar.html | space.html | vr.html";"Léonard de Vinci";"La Cène";"neutre-ou-inconnu";"assets/artists/paintings_images/davinci/davinci_last-supper.png";"image";"png";"2677028";"2,55 Mo";"Référencé par 1 fichier(s) source.";"content/paintings/additional-16.json";"reference";"";"non";"ld03";"oeuvre";"https://media.artdaci.com/artworks/ld03/images/davinci_last-supper.png";"38249CE27EC83E11D4DE8D9FD7EF666DE3E0D83EC800D441AE6E43BC42B64056"
"gallery-vr.html";"Léonard de Vinci";"L’Annonciation";"neutre-ou-inconnu";"assets/artists/leonardo-da-vinci/collection/the-annunciation-davinci.webp";"image";"webp";"283804";"277,15 Ko";"Référencé par 1 fichier(s) source.";"scripts/gallery-vr.js";"reference";"";"non";"ld04";"oeuvre";"https://media.artdaci.com/artworks/ld04/images/the-annunciation-davinci.webp";"CD8EA5E1496CA034803A66A8E629CADE4A5D668060C6CC143E74789325E6D84B"
"ar.html | book-3d.html | gallery-vr.html | index-ar.html | index-fr.html | index.html | print-ar.html | space.html | vr.html";"Léonard de Vinci";"L’Annonciation";"neutre-ou-inconnu";"assets/artists/paintings_images/davinci/davinci_annunciation.png";"image";"png";"2627320";"2,51 Mo";"Référencé par 1 fichier(s) source.";"content/paintings/additional-16.json";"reference";"";"non";"ld04";"oeuvre";"https://media.artdaci.com/artworks/ld04/images/davinci_annunciation.png";"43ADA27BE00BF937BC71C88D5579B3992D58645105AFA5B1C51FA55525CBD9D9"
"gallery-vr.html";"Léonard de Vinci";"Ginevra de’ Benci";"neutre-ou-inconnu";"assets/artists/leonardo-da-vinci/collection/ginevra-de-benci.webp";"image";"webp";"184816";"180,48 Ko";"Référencé par 1 fichier(s) source.";"scripts/gallery-vr.js";"reference";"";"non";"ld05";"oeuvre";"https://media.artdaci.com/artworks/ld05/images/ginevra-de-benci.webp";"B2F65770B52B2209FD6E58068A24C530F03DFFDD866D98B734212E81AF445131"
"ar.html | book-3d.html | gallery-vr.html | index-ar.html | index-fr.html | index.html | print-ar.html | space.html | vr.html";"Léonard de Vinci";"Ginevra de’ Benci";"neutre-ou-inconnu";"assets/artists/paintings_images/davinci/davinci_ginevra-de-benci.png";"image";"png";"2493938";"2,38 Mo";"Référencé par 1 fichier(s) source.";"content/paintings/additional-16.json";"reference";"";"non";"ld05";"oeuvre";"https://media.artdaci.com/artworks/ld05/images/davinci_ginevra-de-benci.png";"5CB8CE8E7E9DDD0C5E1F524E9F650E89E03E75DC9D1DC60A6DAEF1DD95D80764"
"";"Léonard de Vinci";"La Belle Ferronnière";"neutre-ou-inconnu";"assets/artists/leonardo-da-vinci/collection/la-belle-ferronnière-davinci.png";"image";"png";"2311727";"2,20 Mo";"Aucune référence textuelle détectée; vérifier les chargements dynamiques et usages éditoriaux.";"";"inutilise-probable";"";"non";"ld06";"oeuvre";"https://media.artdaci.com/artworks/ld06/images/la-belle-ferronnière-davinci.png";"2499E5D999C76E71A38006AC302DE5087BABD8347C441CA8272E5D5D6BB9CB74"
"gallery-vr.html";"Léonard de Vinci";"La Belle Ferronnière";"neutre-ou-inconnu";"assets/artists/leonardo-da-vinci/collection/la-belle-ferronnière-davinci.webp";"image";"webp";"280088";"273,52 Ko";"Référencé par 1 fichier(s) source.";"scripts/gallery-vr.js";"reference";"";"non";"ld06";"oeuvre";"https://media.artdaci.com/artworks/ld06/images/la-belle-ferronnière-davinci.webp";"4F785596C38E9532BC98BE69A3633876E2C3B6D461166C4BCDBCF60D9D34E576"
"ar.html | book-3d.html | gallery-vr.html | index-ar.html | index-fr.html | index.html | print-ar.html | space.html | vr.html";"Léonard de Vinci";"La Belle Ferronnière";"neutre-ou-inconnu";"assets/artists/paintings_images/davinci/davinci_belle-ferronnière.png";"image";"png";"1953007";"1,86 Mo";"Référencé par 1 fichier(s) source.";"content/paintings/additional-16.json";"reference";"";"non";"ld06";"oeuvre";"https://media.artdaci.com/artworks/ld06/images/davinci_belle-ferronnière.png";"A40508C3566DA5FA7430BEA3B60DDD5B698CB0701D4B9D51CE0943C0703BED21"
"ar.html | book-3d.html | gallery-vr.html | index-ar.html | index-fr.html | index.html | print-ar.html | print-monet-impression-sunrise-fr.html | print-monet-impression-sunrise.html | space.html | vr.html";"Claude Monet";"Impression, soleil levant";"neutre-ou-inconnu";"assets/artists/claude-monet/artworks/impression-sunrise/media/le-hack-neurologique-du-soleil-de-monet.mp3";"audio";"mp3";"1664800";"1,59 Mo";"Référencé par 3 fichier(s) source.";"content/paintings/monet-impression-sunrise.json | print-monet-impression-sunrise-fr.html | print-monet-impression-sunrise.html";"reference";"";"non";"mo01";"oeuvre";"https://media.artdaci.com/artworks/mo01/audio/le-hack-neurologique-du-soleil-de-monet.mp3";"1C34FB7FBA02D34B325F8AE8DD213101B0C074F2857F87A0AFD29256C4083B42"
"ar.html | book-3d.html | gallery-vr.html | index-ar.html | index-fr.html | index.html | print-ar.html | print-monet-impression-sunrise-fr.html | print-monet-impression-sunrise.html | space.html | vr.html";"Claude Monet";"Impression, soleil levant";"neutre-ou-inconnu";"assets/artists/claude-monet/artworks/impression-sunrise/media/monet-s-optical-illusion-that-birthed-impressionism.mp3";"audio";"mp3";"2389037";"2,28 Mo";"Référencé par 3 fichier(s) source.";"content/paintings/monet-impression-sunrise.json | print-monet-impression-sunrise-fr.html | print-monet-impression-sunrise.html";"reference";"";"non";"mo01";"oeuvre";"https://media.artdaci.com/artworks/mo01/audio/monet-s-optical-illusion-that-birthed-impressionism.mp3";"859D6F54F816EB975E040C72D9046ABC91F3CD8089F3C10D0E7FC69C578B4283"
"ar.html | book-3d.html | gallery-vr.html | index-ar.html | index-fr.html | index.html | print-ar.html | print-monet-impression-sunrise-fr.html | print-monet-impression-sunrise.html | space.html | vr.html";"Claude Monet";"Impression, soleil levant";"ar";"assets/artists/claude-monet/artworks/impression-sunrise/media/خدعة-الشمس-النابضة-وسر-تسمية-الانطباعية.mp3";"audio";"mp3";"2214884";"2,11 Mo";"Référencé par 4 fichier(s) source.";"content/paintings/monet-impression-sunrise.json | print-monet-impression-sunrise-fr.html | print-monet-impression-sunrise.html | scripts/print-ar.js";"reference";"";"non";"mo01";"oeuvre";"https://media.artdaci.com/artworks/mo01/audio/ar/خدعة-الشمس-النابضة-وسر-تسمية-الانطباعية.mp3";"6B9D3AD7F749CB3E2297E31C60D45DF3CC3933BACB2D40A8D283AC36BC4D9199"
"gallery-vr.html";"Claude Monet";"Impression, soleil levant";"neutre-ou-inconnu";"assets/artists/claude-monet/artworks/impression-sunrise/images/woman-with-a-parasol-claude-monet.png";"image";"png";"2723589";"2,60 Mo";"Référencé par 1 fichier(s) source.";"scripts/gallery-vr.js";"reference";"";"non";"mo01";"oeuvre";"https://media.artdaci.com/artworks/mo01/images/woman-with-a-parasol-claude-monet.png";"39B2369BDA7B8A55EE487411E5682FB262F5050B2E2453D8DF68FB8F1E9C897B"
"ar.html | book-3d.html | gallery-vr.html | index-ar.html | index-fr.html | index.html | print-ar.html | print-monet-impression-sunrise-fr.html | print-monet-impression-sunrise.html | print-target-fr.html | print-target.html | print-van-gogh-bedroom-fr.html | print-van-gogh-bedroom.html | print-van-gogh-fr.html | print-van-gogh.html | print-vermeer-girl-with-a-pearl-earring-fr.html | print-vermeer-girl-with-a-pearl-earring.html | space.html | vr.html";"Claude Monet";"Impression, soleil levant";"neutre-ou-inconnu";"assets/artists/claude-monet/collection/impression-sunrise-monet.png";"image";"png";"2493434";"2,38 Mo";"Référencé par 5 fichier(s) source.";"content/paintings/monet-impression-sunrise.json | print-monet-impression-sunrise-fr.html | print-monet-impression-sunrise.html | scripts/painting-museum.js | scripts/print-ar.js";"reference";"";"non";"mo01";"oeuvre";"https://media.artdaci.com/artworks/mo01/images/impression-sunrise-monet.png";"2DF55A3C0CD0C7A9E450FB370556B9FE2F8C2676717671C49E2D2942E2B26E4B"
"ar.html | book-3d.html | compile-target.html | gallery-vr.html | index-ar.html | index-fr.html | index.html | print-ar.html | space.html | vr.html";"Claude Monet";"Impression, soleil levant";"neutre-ou-inconnu";"assets/artists/claude-monet/collection/impression-sunrise-monet.webp";"image";"webp";"216630";"211,55 Ko";"Référencé par 4 fichier(s) source.";"compile-target.html | content/paintings/monet-impression-sunrise.json | scripts/book-3d.js | scripts/gallery-vr.js";"reference";"";"non";"mo01";"oeuvre";"https://media.artdaci.com/artworks/mo01/images/impression-sunrise-monet.webp";"499F81824359A0949759AD7C3381D1399182149B94B960D8325A3870EBEE4100"
"";"Claude Monet";"Impression, soleil levant";"neutre-ou-inconnu";"assets/artists/paintings_images/monet/monet_impression-sunrise.png";"image";"png";"2507913";"2,39 Mo";"Aucune référence textuelle détectée; vérifier les chargements dynamiques et usages éditoriaux.";"";"inutilise-probable";"";"non";"mo01";"oeuvre";"https://media.artdaci.com/artworks/mo01/images/monet_impression-sunrise.png";"0ADBBBC8F791FDA02ADD70714FA1D993929F1C2F4D6F543FB04B08812F77EEE8"
"ar.html | book-3d.html | gallery-vr.html | index-ar.html | index-fr.html | index.html | print-ar.html | space.html | vr.html";"Claude Monet";"Impression, soleil levant";"neutre-ou-inconnu";"assets/animations/artdaci-Impression_Sunrise_animation.mp4";"video";"mp4";"2320528";"2,21 Mo";"Référencé par 1 fichier(s) source.";"content/paintings/monet-impression-sunrise.json";"reference";"";"non";"mo01";"oeuvre";"https://media.artdaci.com/artworks/mo01/videos/artdaci-Impression_Sunrise_animation.mp4";"3EB7057573F45EEB2278FB9D5887F7201030248588DCB3E799FC8B83AA4AF6DC"
"gallery-vr.html";"Claude Monet";"transversal Monet/Orsay";"neutre-ou-inconnu";"assets/artists/claude-monet/supporters/audio/le-marchand-qui-a-sauvé-l-impressionnisme.mp3";"audio";"mp3";"6847600";"6,53 Mo";"Référencé par 1 fichier(s) source.";"scripts/gallery-vr.js";"reference";"";"non";"mo01-mo06";"transversal-artiste";"https://media.artdaci.com/shared/artists/claude-monet/supporters/audio/le-marchand-qui-a-sauvé-l-impressionnisme.mp3";"E6EA91D02589D077EBC02DF05CD94036C1A4213D09EA389BC71A5A986290B455"
"gallery-vr.html";"Claude Monet";"transversal Monet/Orsay";"neutre-ou-inconnu";"assets/artists/claude-monet/supporters/audio/the-man-who-bankrolled-impressionism.mp3";"audio";"mp3";"5612257";"5,35 Mo";"Référencé par 1 fichier(s) source.";"scripts/gallery-vr.js";"reference";"";"non";"mo01-mo06";"transversal-artiste";"https://media.artdaci.com/shared/artists/claude-monet/supporters/audio/the-man-who-bankrolled-impressionism.mp3";"91BCBAE946FCC5DDA5B158031604075EC63C348DB8712C27A695F13DD2F43FDD"
"gallery-vr.html";"Claude Monet";"transversal Monet/Orsay";"ar";"assets/artists/claude-monet/supporters/audio/التاجر-الذي-أنقذ-الانطباعية-من-الانتحار.mp3";"audio";"mp3";"16140203";"15,39 Mo";"Référencé par 1 fichier(s) source.";"scripts/gallery-vr.js";"reference";"";"non";"mo01-mo06";"transversal-artiste";"https://media.artdaci.com/shared/artists/claude-monet/supporters/audio/التاجر-الذي-أنقذ-الانطباعية-من-الانتحار.mp3";"5CF168C83767D8BC81C4B9BD9CC67B5C2E1460D7994E4420BED272F990420303"
"gallery-vr.html";"Claude Monet";"transversal Monet/Orsay";"neutre-ou-inconnu";"assets/artists/claude-monet/supporters/music/monet-paul-durand-ruel-au-delà-des-lourdes-portes.mp3";"audio";"mp3";"729562";"712,46 Ko";"Référencé par 1 fichier(s) source.";"scripts/gallery-vr.js";"reference";"";"non";"mo01-mo06";"transversal-artiste";"https://media.artdaci.com/shared/artists/claude-monet/supporters/music/monet-paul-durand-ruel-au-delà-des-lourdes-portes.mp3";"3B0445AEC65F247A3A399C85E6C551651D09DE101339ED940EA88E65D04CBE09"
"gallery-vr.html";"Claude Monet";"transversal Monet/Orsay";"neutre-ou-inconnu";"assets/artists/claude-monet/supporters/music/monet-paul-durand-ruel-jagged-line.mp3";"audio";"mp3";"743355";"725,93 Ko";"Référencé par 1 fichier(s) source.";"scripts/gallery-vr.js";"reference";"";"non";"mo01-mo06";"transversal-artiste";"https://media.artdaci.com/shared/artists/claude-monet/supporters/music/monet-paul-durand-ruel-jagged-line.mp3";"7111C693C950BB79858D860537CDAC9BA4D9A40E0645AAC07FED02EDC01A5118"
"gallery-vr.html";"Claude Monet";"transversal Monet/Orsay";"ar";"assets/artists/claude-monet/supporters/music/monet-paul-durand-ruel-يا-خير-سند.mp3";"audio";"mp3";"744609";"727,16 Ko";"Référencé par 1 fichier(s) source.";"scripts/gallery-vr.js";"reference";"";"non";"mo01-mo06";"transversal-artiste";"https://media.artdaci.com/shared/artists/claude-monet/supporters/music/monet-paul-durand-ruel-يا-خير-سند.mp3";"4F4092D306068925AB34ACAB75F5755A2BB7EDB74DCDCA013A452F88CD11D1B3"
"";"Claude Monet";"transversal Monet/Orsay";"neutre-ou-inconnu";"assets/targets/Orsay_museum.mind";"cible-ar";"mind";"857111";"837,02 Ko";"Référencé par 1 fichier(s) source.";"content/museums/orsay.json";"reference";"";"non";"mo01-mo06";"transversal-artiste";"https://media.artdaci.com/shared/targets/Orsay_museum.mind";"57AA7DA16078AB50A98A16FCE20AF7F74A86CF604529C1D9BCF7A6A3E1FAC282"
"gallery-vr.html";"Claude Monet";"transversal Monet/Orsay";"neutre-ou-inconnu";"assets/artists/claude-monet/collection/woman-with-a-parasol-claude-monet.png";"image";"png";"3230425";"3,08 Mo";"Référencé par 1 fichier(s) source.";"scripts/gallery-vr.js";"reference";"";"non";"mo01-mo06";"transversal-artiste";"https://media.artdaci.com/shared/artists/claude-monet/collection/woman-with-a-parasol-claude-monet.png";"7FE3FC4A22AD3D5AA060C8ADB9A5F16077E5BB0CA70FCEBDA73235BDF3AF281B"
"gallery-vr.html";"Claude Monet";"transversal Monet/Orsay";"neutre-ou-inconnu";"assets/artists/claude-monet/profile/portrait.png";"image";"png";"2827103";"2,70 Mo";"Référencé par 1 fichier(s) source.";"scripts/gallery-vr.js";"reference";"";"non";"mo01-mo06";"transversal-artiste";"https://media.artdaci.com/shared/artists/claude-monet/profile/portrait.png";"E7F0C07858709A19D25EB25D3179E7BEED1E63A8A4EAC43695B6DEA24E32A197"
"gallery-vr.html";"Claude Monet";"transversal Monet/Orsay";"neutre-ou-inconnu";"assets/artists/claude-monet/reimagined/images/monet-paul-durand-ruel.png";"image";"png";"9755174";"9,30 Mo";"Référencé par 1 fichier(s) source.";"scripts/gallery-vr.js";"doublon-binaire";"D001";"non";"mo01-mo06";"transversal-artiste";"https://media.artdaci.com/shared/artists/claude-monet/reimagined/images/monet-paul-durand-ruel.png";"0157685DF0C6BDC5964665A1CC60D6D6AF2426A4B3FA35FD4301FEAAE2FF8F0A"
"gallery-vr.html";"Claude Monet";"transversal Monet/Orsay";"neutre-ou-inconnu";"assets/artists/claude-monet/supporters/images/monet-paul-durand-ruel-2.jpg";"image";"jpg";"1372340";"1,31 Mo";"Référencé par 1 fichier(s) source.";"scripts/gallery-vr.js";"reference";"";"non";"mo01-mo06";"transversal-artiste";"https://media.artdaci.com/shared/artists/claude-monet/supporters/images/monet-paul-durand-ruel-2.jpg";"2327C555D4FB20BAD5C091B75792C59545DCD36CA987CA6D86F6446ECBE3EF89"
"gallery-vr.html";"Claude Monet";"transversal Monet/Orsay";"neutre-ou-inconnu";"assets/artists/claude-monet/supporters/images/monet-paul-durand-ruel.png";"image";"png";"9755174";"9,30 Mo";"Référencé par 1 fichier(s) source.";"scripts/gallery-vr.js";"doublon-binaire";"D001";"non";"mo01-mo06";"transversal-artiste";"https://media.artdaci.com/shared/artists/claude-monet/supporters/images/monet-paul-durand-ruel.png";"0157685DF0C6BDC5964665A1CC60D6D6AF2426A4B3FA35FD4301FEAAE2FF8F0A"
"gallery-vr.html";"Claude Monet";"transversal Monet/Orsay";"ar";"assets/artists/claude-monet/supporters/timelines/monet-and-durand-ruel-an-impressionist-partnership-ar.png";"image";"png";"2891816";"2,76 Mo";"Référencé par 1 fichier(s) source.";"scripts/gallery-vr.js";"reference";"";"non";"mo01-mo06";"transversal-artiste";"https://media.artdaci.com/shared/artists/claude-monet/supporters/timelines/monet-and-durand-ruel-an-impressionist-partnership-ar.png";"C90919DF14DF8021069CB31F6171C1DDF94607E9844F2A9901C3B0896DEA3C5F"
"gallery-vr.html";"Claude Monet";"transversal Monet/Orsay";"en";"assets/artists/claude-monet/supporters/timelines/monet-and-durand-ruel-an-impressionist-partnership-en.png";"image";"png";"2968031";"2,83 Mo";"Référencé par 1 fichier(s) source.";"scripts/gallery-vr.js";"reference";"";"non";"mo01-mo06";"transversal-artiste";"https://media.artdaci.com/shared/artists/claude-monet/supporters/timelines/monet-and-durand-ruel-an-impressionist-partnership-en.png";"6618A5EC7B4A1ABB1FFE6E8FE2902DF227A3404A5605B67A2DFF801BE395EC8E"
"gallery-vr.html";"Claude Monet";"transversal Monet/Orsay";"fr";"assets/artists/claude-monet/supporters/timelines/monet-and-durand-ruel-an-impressionist-partnership-fr.png";"image";"png";"3138524";"2,99 Mo";"Référencé par 1 fichier(s) source.";"scripts/gallery-vr.js";"reference";"";"non";"mo01-mo06";"transversal-artiste";"https://media.artdaci.com/shared/artists/claude-monet/supporters/timelines/monet-and-durand-ruel-an-impressionist-partnership-fr.png";"86B7B9420666712C176B707DD43FB373A278F18E0EA06A38B8C6A2970AACA1F7"
"gallery-vr.html";"Claude Monet";"transversal Monet/Orsay";"ar";"assets/artists/paintings_images/monet/6_masterpieces/monet_6_masterpieces_ar.png";"image";"png";"2539321";"2,42 Mo";"Référencé par 1 fichier(s) source.";"scripts/gallery-vr.js";"reference";"";"non";"mo01-mo06";"transversal-artiste";"https://media.artdaci.com/shared/artists/paintings_images/monet/6_masterpieces/monet_6_masterpieces_ar.png";"07BD372339086CFFF91627FDD6B19B4634D2581F5C861540AFD8CE0E82E2A7DA"
"gallery-vr.html";"Claude Monet";"transversal Monet/Orsay";"en";"assets/artists/paintings_images/monet/6_masterpieces/monet_6_masterpieces_en.png";"image";"png";"2624093";"2,50 Mo";"Référencé par 1 fichier(s) source.";"scripts/gallery-vr.js";"reference";"";"non";"mo01-mo06";"transversal-artiste";"https://media.artdaci.com/shared/artists/paintings_images/monet/6_masterpieces/monet_6_masterpieces_en.png";"EF250663F5CF20B3ABB1A29B2EB281FBEC9D2C66959286C76A4A15CEA635CF8E"
"gallery-vr.html";"Claude Monet";"transversal Monet/Orsay";"fr";"assets/artists/paintings_images/monet/6_masterpieces/monet_8_masterpieces_fr.png";"image";"png";"2670447";"2,55 Mo";"Référencé par 1 fichier(s) source.";"scripts/gallery-vr.js";"reference";"";"non";"mo01-mo06";"transversal-artiste";"https://media.artdaci.com/shared/artists/paintings_images/monet/6_masterpieces/monet_8_masterpieces_fr.png";"9C57182DCC80F9D076F2D7FE42469054DE03CE0001290E7CC3C763B8EB1CBE89"
"";"Claude Monet";"transversal Monet/Orsay";"neutre-ou-inconnu";"assets/artists/paintings_images/monet/monet_6_paintings.png";"image";"png";"2871524";"2,74 Mo";"Aucune référence textuelle détectée; vérifier les chargements dynamiques et usages éditoriaux.";"";"inutilise-probable";"";"non";"mo01-mo06";"transversal-artiste";"https://media.artdaci.com/shared/artists/paintings_images/monet/monet_6_paintings.png";"A6932657D6FDB7E9409A6A1CA84381328D3B98CD1AD37FBDBB02514DCA1EA0D1"
"";"Claude Monet";"transversal Monet/Orsay";"ar";"assets/environments/gallery/images/Orsay/orsay_building_plan/orsay_building_plan_ar.png";"image";"png";"2793025";"2,66 Mo";"Aucune référence textuelle détectée; vérifier les chargements dynamiques et usages éditoriaux.";"";"inutilise-probable";"";"non";"mo01-mo06";"transversal-artiste";"https://media.artdaci.com/shared/environments/gallery/images/Orsay/orsay_building_plan/orsay_building_plan_ar.png";"2559218584AF650BAEA335B14D4B7EF6BC28E2D1AB8E51D40F04DA3289DA5067"
"";"Claude Monet";"transversal Monet/Orsay";"en";"assets/environments/gallery/images/Orsay/orsay_building_plan/orsay_building_plan_en.png";"image";"png";"2827517";"2,70 Mo";"Aucune référence textuelle détectée; vérifier les chargements dynamiques et usages éditoriaux.";"";"inutilise-probable";"";"non";"mo01-mo06";"transversal-artiste";"https://media.artdaci.com/shared/environments/gallery/images/Orsay/orsay_building_plan/orsay_building_plan_en.png";"B4921BE7D01C204D8C17CBF1ECAAF46B029321F996632E8AFB1F930F1118DFD9"
"";"Claude Monet";"transversal Monet/Orsay";"fr";"assets/environments/gallery/images/Orsay/orsay_building_plan/orsay_building_plan_fr.png";"image";"png";"2503229";"2,39 Mo";"Aucune référence textuelle détectée; vérifier les chargements dynamiques et usages éditoriaux.";"";"inutilise-probable";"";"non";"mo01-mo06";"transversal-artiste";"https://media.artdaci.com/shared/environments/gallery/images/Orsay/orsay_building_plan/orsay_building_plan_fr.png";"58563DC91BF0DD26673AA923EC7CAE2EE977E896919E1246D376AD8C8D41F739"
"gallery-vr.html";"Claude Monet";"transversal Monet/Orsay";"neutre-ou-inconnu";"assets/environments/gallery/images/Orsay/orsay_building_plan/orsay_façade.png";"image";"png";"2466916";"2,35 Mo";"Référencé par 1 fichier(s) source.";"scripts/gallery-vr.js";"reference";"";"non";"mo01-mo06";"transversal-artiste";"https://media.artdaci.com/shared/environments/gallery/images/Orsay/orsay_building_plan/orsay_façade.png";"45FA3DF6FB7A81357F11B81C17EF36A9AC78E673DE50D5EDEC7A61A4A4DAE8B2"
"";"Claude Monet";"transversal Monet/Orsay";"neutre-ou-inconnu";"assets/environments/gallery/images/Orsay/orsay_building_plan/Orsay_museum_legende.png";"image";"png";"2828286";"2,70 Mo";"Aucune référence textuelle détectée; vérifier les chargements dynamiques et usages éditoriaux.";"";"inutilise-probable";"";"non";"mo01-mo06";"transversal-artiste";"https://media.artdaci.com/shared/environments/gallery/images/Orsay/orsay_building_plan/Orsay_museum_legende.png";"51189AF2A68E3D80B1C7906B0C5690E7A692D799F712168A50BD69F659984BE5"
"";"Claude Monet";"transversal Monet/Orsay";"neutre-ou-inconnu";"assets/environments/gallery/images/Orsay/orsay_building_plan/Orsay_museum.png";"image";"png";"3196699";"3,05 Mo";"Référencé par 1 fichier(s) source.";"content/museums/orsay.json";"reference";"";"non";"mo01-mo06";"transversal-artiste";"https://media.artdaci.com/shared/environments/gallery/images/Orsay/orsay_building_plan/Orsay_museum.png";"ECD72F557DBB7B7F2FFDD1F744881A3E878D87EA78CA8E5683D243B0F7A1130B"
"";"Claude Monet";"transversal Monet/Orsay";"ar";"assets/environments/gallery/images/Orsay/orsay_timeline/orsay_timeline_ar.png";"image";"png";"2686290";"2,56 Mo";"Aucune référence textuelle détectée; vérifier les chargements dynamiques et usages éditoriaux.";"";"inutilise-probable";"";"non";"mo01-mo06";"transversal-artiste";"https://media.artdaci.com/shared/environments/gallery/images/Orsay/orsay_timeline/orsay_timeline_ar.png";"3432862BF3A5FC47757C4ACCFBC21A191C8B90934E7E06EC935AC451549932D5"
"";"Claude Monet";"transversal Monet/Orsay";"en";"assets/environments/gallery/images/Orsay/orsay_timeline/orsay_timeline_en.png";"image";"png";"2733485";"2,61 Mo";"Aucune référence textuelle détectée; vérifier les chargements dynamiques et usages éditoriaux.";"";"inutilise-probable";"";"non";"mo01-mo06";"transversal-artiste";"https://media.artdaci.com/shared/environments/gallery/images/Orsay/orsay_timeline/orsay_timeline_en.png";"D4EE64C3AD928A3C5278193703A19A86D89DE9D2A8661F23B0631EB44C3FD75B"
"";"Claude Monet";"transversal Monet/Orsay";"fr";"assets/environments/gallery/images/Orsay/orsay_timeline/orsay_timeline_fr.png";"image";"png";"2626678";"2,50 Mo";"Aucune référence textuelle détectée; vérifier les chargements dynamiques et usages éditoriaux.";"";"inutilise-probable";"";"non";"mo01-mo06";"transversal-artiste";"https://media.artdaci.com/shared/environments/gallery/images/Orsay/orsay_timeline/orsay_timeline_fr.png";"C252E97024D617A892B659BC40B6E56FEA6DF361468AF94D2BE2D9D752E11792"
"gallery-vr.html";"Claude Monet";"transversal Monet/Orsay";"neutre-ou-inconnu";"assets/artists/claude-monet/reimagined/models/claude-monet-pauld-durand-ruel-c.glb";"modele-3d";"glb";"10123380";"9,65 Mo";"Référencé par 1 fichier(s) source.";"scripts/gallery-vr.js";"reference";"";"non";"mo01-mo06";"transversal-artiste";"https://media.artdaci.com/shared/artists/claude-monet/reimagined/models/claude-monet-pauld-durand-ruel-c.glb";"082F53AD1C76404620158FC4C0548C6176963824EB4C5072034758F135F79240"
"gallery-vr.html";"Claude Monet";"transversal Monet/Orsay";"neutre-ou-inconnu";"assets/artists/claude-monet/reimagined/models/claude-monet-standing-c.glb";"modele-3d";"glb";"2611536";"2,49 Mo";"Référencé par 1 fichier(s) source.";"scripts/gallery-vr.js";"reference";"";"non";"mo01-mo06";"transversal-artiste";"https://media.artdaci.com/shared/artists/claude-monet/reimagined/models/claude-monet-standing-c.glb";"4CA1439F849015F4EEC70D54013B3EBB5DEFBACC7894CAD65F6FCD4148A2C613"
"gallery-vr.html";"Claude Monet";"transversal Monet/Orsay";"neutre-ou-inconnu";"assets/environments/gallery/models/museums/Orsay_museum_c3.glb";"modele-3d";"glb";"6043560";"5,76 Mo";"Référencé par 2 fichier(s) source.";"content/museums/orsay.json | scripts/gallery-vr.js";"reference";"";"non";"mo01-mo06";"transversal-artiste";"https://media.artdaci.com/shared/environments/gallery/models/museums/Orsay_museum_c3.glb";"85A1E296135B8C5DCB7E1B1A3C449C944EFCD39DEC83621F3FAEE1F38AA404A3"
"gallery-vr.html";"Claude Monet";"transversal Monet/Orsay";"neutre-ou-inconnu";"assets/artists/claude-monet/profile/introduction.mp4";"video";"mp4";"4295988";"4,10 Mo";"Référencé par 1 fichier(s) source.";"scripts/gallery-vr.js";"reference";"";"non";"mo01-mo06";"transversal-artiste";"https://media.artdaci.com/shared/artists/claude-monet/profile/introduction.mp4";"2E5CE4B3F45A33647B6F4DD89041D6FB82A3F5DE06AACBE62BD2E1E852AF3670"
"ar.html | book-3d.html | gallery-vr.html | index-ar.html | index-fr.html | index.html | print-ar.html | space.html | vr.html";"Claude Monet";"Le Pont d’Argenteuil";"neutre-ou-inconnu";"assets/artists/claude-monet/collection/le-pont-d-argenteuil-monet.webp";"image";"webp";"367234";"358,63 Ko";"Référencé par 3 fichier(s) source.";"content/paintings/pont-d-argenteuil.json | scripts/book-3d.js | scripts/gallery-vr.js";"reference";"";"non";"mo02";"oeuvre";"https://media.artdaci.com/artworks/mo02/images/le-pont-d-argenteuil-monet.webp";"A34C08EE20AA0B98DCAD56123E6024882ED620B73E2851357C4E9CCE09E98F94"
"";"Claude Monet";"Le Pont d’Argenteuil";"neutre-ou-inconnu";"assets/artists/paintings_images/monet/monet_pont-argenteuil.png";"image";"png";"2780999";"2,65 Mo";"Aucune référence textuelle détectée; vérifier les chargements dynamiques et usages éditoriaux.";"";"inutilise-probable";"";"non";"mo02";"oeuvre";"https://media.artdaci.com/artworks/mo02/images/monet_pont-argenteuil.png";"7712EF307A3B2D109BE867C3938E5D84F54B53B644ED7C8AFD6ACBE9F090E7CD"
"book-3d.html | gallery-vr.html";"Claude Monet";"Les Nymphéas";"neutre-ou-inconnu";"assets/artists/claude-monet/collection/water-lilies-monet.webp";"image";"webp";"297788";"290,81 Ko";"Référencé par 2 fichier(s) source.";"scripts/book-3d.js | scripts/gallery-vr.js";"reference";"";"non";"mo03";"oeuvre";"https://media.artdaci.com/artworks/mo03/images/water-lilies-monet.webp";"03F32096131ADCB40697926EC00FE1B370957EB80358AA2589B5945D83F7FC38"
"ar.html | book-3d.html | gallery-vr.html | index-ar.html | index-fr.html | index.html | print-ar.html | space.html | vr.html";"Claude Monet";"Les Nymphéas";"neutre-ou-inconnu";"assets/artists/paintings_images/monet/monet_water_lilies.png";"image";"png";"2769618";"2,64 Mo";"Référencé par 1 fichier(s) source.";"content/paintings/additional-16.json";"reference";"";"non";"mo03";"oeuvre";"https://media.artdaci.com/artworks/mo03/images/monet_water_lilies.png";"60469AADACE2C424BFC6C03C9F91CD9A4114199A13DFDD8D31D871C0C8AA8E0F"
"book-3d.html | gallery-vr.html";"Claude Monet";"Le Pont japonais";"neutre-ou-inconnu";"assets/artists/claude-monet/collection/the-japanese-bridge-monet.webp";"image";"webp";"395466";"386,20 Ko";"Référencé par 2 fichier(s) source.";"scripts/book-3d.js | scripts/gallery-vr.js";"reference";"";"non";"mo04";"oeuvre";"https://media.artdaci.com/artworks/mo04/images/the-japanese-bridge-monet.webp";"E24C71450DD746AF39C52ACD8EFB8BCFFC517A953D768409D95399F831316823"
"ar.html | book-3d.html | gallery-vr.html | index-ar.html | index-fr.html | index.html | print-ar.html | space.html | vr.html";"Claude Monet";"Le Pont japonais";"neutre-ou-inconnu";"assets/artists/paintings_images/monet/monet_japanese-bridge.png";"image";"png";"3148481";"3,00 Mo";"Référencé par 1 fichier(s) source.";"content/paintings/additional-16.json";"reference";"";"non";"mo04";"oeuvre";"https://media.artdaci.com/artworks/mo04/images/monet_japanese-bridge.png";"159517C9A7C1D68F7AB33DA8F4AEE98D6D57876E6B6C95C03E9A592B15D6258D"
"gallery-vr.html";"Claude Monet";"Les Coquelicots";"neutre-ou-inconnu";"assets/artists/claude-monet/collection/poppies-monet.webp";"image";"webp";"268382";"262,09 Ko";"Référencé par 1 fichier(s) source.";"scripts/gallery-vr.js";"reference";"";"non";"mo05";"oeuvre";"https://media.artdaci.com/artworks/mo05/images/poppies-monet.webp";"DFFA04C53D8E3AB552F574B17914A1E0ED8C9B70C60155217F98533C5C53482D"
"ar.html | book-3d.html | gallery-vr.html | index-ar.html | index-fr.html | index.html | print-ar.html | space.html | vr.html";"Claude Monet";"Les Coquelicots";"neutre-ou-inconnu";"assets/artists/paintings_images/monet/monet_poppy.png";"image";"png";"2585006";"2,47 Mo";"Référencé par 1 fichier(s) source.";"content/paintings/additional-16.json";"reference";"";"non";"mo05";"oeuvre";"https://media.artdaci.com/artworks/mo05/images/monet_poppy.png";"487B2DF58484ABE251239855859EE7F68D46ACA0473685CB3C99F2FAA24FB340"
"ar.html | book-3d.html | gallery-vr.html | index-ar.html | index-fr.html | index.html | print-ar.html | space.html | vr.html";"Claude Monet";"La Femme à l’ombrelle";"neutre-ou-inconnu";"assets/artists/paintings_images/monet/monet_woman-parasol.png";"image";"png";"2866334";"2,73 Mo";"Référencé par 1 fichier(s) source.";"content/paintings/additional-16.json";"reference";"";"non";"mo06";"oeuvre";"https://media.artdaci.com/artworks/mo06/images/monet_woman-parasol.png";"78959DD2CA8F47284E7CC514021E5F42EA64DC1B287A4B727C5530E2CAB587DE"
"gallery-vr.html";"transversal";"infrastructure ou contenu partagé";"ar";"assets/artists/johannes-vermeer/supporters/audio/عشرون-لوحةvermeer-maria.mp3";"audio";"mp3";"734578";"717,36 Ko";"Référencé par 1 fichier(s) source.";"scripts/gallery-vr.js";"reference";"";"non";"shared";"partage";"https://media.artdaci.com/shared/artists/johannes-vermeer/supporters/audio/عشرون-لوحةvermeer-maria.mp3";"4948EACB5A6F94F72A0618BCB06016663CEBF3BF08F7D502F72190AB43146E0A"
"gallery-vr.html";"transversal";"infrastructure ou contenu partagé";"en";"assets/artists/johannes-vermeer/supporters/music/vermeer-pieter-van-ruijven-gilded-delft-days-en.mp3";"audio";"mp3";"744608";"727,16 Ko";"Référencé par 1 fichier(s) source.";"scripts/gallery-vr.js";"reference";"";"non";"shared";"partage";"https://media.artdaci.com/shared/artists/johannes-vermeer/supporters/music/vermeer-pieter-van-ruijven-gilded-delft-days-en.mp3";"985866C1B8E7CDB302D6D6ADC620CDD0C2AA98CEE7E6327E3278A36455F2F5BE"
"gallery-vr.html";"transversal";"infrastructure ou contenu partagé";"fr";"assets/artists/johannes-vermeer/supporters/music/vermeer-pieter-van-ruijven-le-silence-de-delft-fr.mp3";"audio";"mp3";"739594";"722,26 Ko";"Référencé par 1 fichier(s) source.";"scripts/gallery-vr.js";"reference";"";"non";"shared";"partage";"https://media.artdaci.com/shared/artists/johannes-vermeer/supporters/music/vermeer-pieter-van-ruijven-le-silence-de-delft-fr.mp3";"0716EF496907655A061E6960F9C1FEBE837B6A87DB4392C0C8A7E3DE6AD131DB"
"gallery-vr.html";"transversal";"infrastructure ou contenu partagé";"ar";"assets/artists/johannes-vermeer/supporters/music/vermeer-pieter-van-ruijven-لوحات-من-ذهب-ar.mp3";"audio";"mp3";"740847";"723,48 Ko";"Référencé par 1 fichier(s) source.";"scripts/gallery-vr.js";"reference";"";"non";"shared";"partage";"https://media.artdaci.com/shared/artists/johannes-vermeer/supporters/music/vermeer-pieter-van-ruijven-لوحات-من-ذهب-ar.mp3";"6A028560C7F17AA350A2A6DAF8E292EB880F00E3E7CA4F4757E2BEBA57AA882A"
"";"transversal";"infrastructure ou contenu partagé";"neutre-ou-inconnu";"assets/music/Afternoon_Light_on_Linen.mp3";"audio";"mp3";"744608";"727,16 Ko";"Aucune référence textuelle détectée; vérifier les chargements dynamiques et usages éditoriaux.";"";"inutilise-probable";"";"non";"shared";"partage";"https://media.artdaci.com/shared/music/Afternoon_Light_on_Linen.mp3";"E21F82E9B4A2E63D571BB17410EC95BB6292DDF96A03FF241FA0BC530D873A55"
"";"transversal";"infrastructure ou contenu partagé";"neutre-ou-inconnu";"assets/music/Gentle Resonance.mp3";"audio";"mp3";"2809007";"2,68 Mo";"Aucune référence textuelle détectée; vérifier les chargements dynamiques et usages éditoriaux.";"";"inutilise-probable";"";"non";"shared";"partage";"https://media.artdaci.com/shared/music/Gentle Resonance.mp3";"9760CAA98E756F137A44B24C722AA817101FE0AA3E65CF6F00995AE64C6D1424"
"";"transversal";"infrastructure ou contenu partagé";"neutre-ou-inconnu";"assets/music/Morning_on_the_Veranda.mp3";"audio";"mp3";"744609";"727,16 Ko";"Aucune référence textuelle détectée; vérifier les chargements dynamiques et usages éditoriaux.";"";"inutilise-probable";"";"non";"shared";"partage";"https://media.artdaci.com/shared/music/Morning_on_the_Veranda.mp3";"B0AA4C6867EF7147F3EA2E657B16E59E2CA63F0762D218B9FF7A7C56A64B3BD4"
"";"transversal";"infrastructure ou contenu partagé";"neutre-ou-inconnu";"assets/music/Noble Vigil.mp3";"audio";"mp3";"2748719";"2,62 Mo";"Aucune référence textuelle détectée; vérifier les chargements dynamiques et usages éditoriaux.";"";"inutilise-probable";"";"non";"shared";"partage";"https://media.artdaci.com/shared/music/Noble Vigil.mp3";"EB799983275116100B1AED95AAB3291820C2D50A2F6B688DBFA540BCA7E94BBB"
"";"transversal";"infrastructure ou contenu partagé";"neutre-ou-inconnu";"assets/music/Passing Clouds.mp3";"audio";"mp3";"2825135";"2,69 Mo";"Aucune référence textuelle détectée; vérifier les chargements dynamiques et usages éditoriaux.";"";"inutilise-probable";"";"non";"shared";"partage";"https://media.artdaci.com/shared/music/Passing Clouds.mp3";"68631D61ACD4F5EAB49040DACFAEEA2A8108806B85F434543C15514C219F4B28"
"";"transversal";"infrastructure ou contenu partagé";"neutre-ou-inconnu";"assets/music/Solstice_at_Noon.mp3";"audio";"mp3";"744609";"727,16 Ko";"Aucune référence textuelle détectée; vérifier les chargements dynamiques et usages éditoriaux.";"";"inutilise-probable";"";"non";"shared";"partage";"https://media.artdaci.com/shared/music/Solstice_at_Noon.mp3";"46C62767437731136A36D1E9A68C896A30EFD1A69044C7249BA9539CA74CAC12"
"";"transversal";"infrastructure ou contenu partagé";"neutre-ou-inconnu";"assets/music/The Painted Hall.mp3";"audio";"mp3";"2577071";"2,46 Mo";"Aucune référence textuelle détectée; vérifier les chargements dynamiques et usages éditoriaux.";"";"inutilise-probable";"";"non";"shared";"partage";"https://media.artdaci.com/shared/music/The Painted Hall.mp3";"EFA875C0F1C44FB2883776D3DD08ACDDD82D0627EEBEA9B23E7E6797AFBAE6AF"
"";"transversal";"infrastructure ou contenu partagé";"neutre-ou-inconnu";"assets/music/The_Marble_Gallery.mp3";"audio";"mp3";"744609";"727,16 Ko";"Aucune référence textuelle détectée; vérifier les chargements dynamiques et usages éditoriaux.";"";"inutilise-probable";"";"non";"shared";"partage";"https://media.artdaci.com/shared/music/The_Marble_Gallery.mp3";"0BCA6F33D5552AC13165FEAAA80D1D901CA9EE4C3E2C62C4F307ED0875E3E41E"
"";"transversal";"infrastructure ou contenu partagé";"neutre-ou-inconnu";"assets/targets/MNK-Czartoryski_museum.mind";"cible-ar";"mind";"780865";"762,56 Ko";"Référencé par 1 fichier(s) source.";"content/museums/czartoryski.json";"reference";"";"non";"shared";"partage";"https://media.artdaci.com/shared/targets/MNK-Czartoryski_museum.mind";"746207327ECF5C39B20E666530008748308EFD09724D03E92495CF029AC12B11"
"ar.html | book-3d.html | gallery-vr.html | index-ar.html | index-fr.html | index.html | print-ar.html | space.html | vr.html";"transversal";"infrastructure ou contenu partagé";"neutre-ou-inconnu";"assets/targets/van-gogh.mind";"cible-ar";"mind";"863682";"843,44 Ko";"Référencé par 1 fichier(s) source.";"content/paintings/van-gogh.json";"reference";"";"non";"shared";"partage";"https://media.artdaci.com/shared/targets/van-gogh.mind";"57961EAA6838540358C56EFC76309C76B0D9A756D42760B2145312E1EE20A732"
"";"transversal";"infrastructure ou contenu partagé";"neutre-ou-inconnu";"assets/targets/Vangogh_museum.mind";"cible-ar";"mind";"698481";"682,11 Ko";"Référencé par 1 fichier(s) source.";"content/museums/van-gogh-museum.json";"reference";"";"non";"shared";"partage";"https://media.artdaci.com/shared/targets/Vangogh_museum.mind";"D80632FDD2740D46B7F6D48C80635C5C0A855059F6DED4A87AFD4F2191100FCF"
"";"transversal";"infrastructure ou contenu partagé";"neutre-ou-inconnu";"assets/targets/vangogh-jo.mind";"cible-ar";"mind";"869212";"848,84 Ko";"Référencé par 1 fichier(s) source.";"content/people/van-gogh-jo.json";"reference";"";"non";"shared";"partage";"https://media.artdaci.com/shared/targets/vangogh-jo.mind";"868BC5C950BDE923993D355B9F7BB1E93D458EDDE49B64CEEDAFCB6D16126E02"
"cinema-vr.html | gallery-vr.html | index-ar.html | index-fr.html | index.html";"transversal";"infrastructure ou contenu partagé";"neutre-ou-inconnu";"assets/app/artdaci-app-icon.svg";"image";"svg";"636";"636 o";"Référencé par 7 fichier(s) source.";"cinema-vr.html | gallery-vr.html | index-ar.html | index-fr.html | index.html | manifest.webmanifest | sw.js";"reference";"";"non";"shared";"partage";"https://media.artdaci.com/shared/app/artdaci-app-icon.svg";"E4BB1C4ADC40B68E60C26884C037B36EC33E246EE34B26468F6CFA1E1488FD76"
"";"transversal";"infrastructure ou contenu partagé";"neutre-ou-inconnu";"assets/app/artdaci-maskable-icon.svg";"image";"svg";"714";"714 o";"Référencé par 2 fichier(s) source.";"manifest.webmanifest | sw.js";"reference";"";"non";"shared";"partage";"https://media.artdaci.com/shared/app/artdaci-maskable-icon.svg";"7E1ADED91FB18205A57691DCAFF4E28803B2F2D33298D0A9C93B2983777A6CF3"
"";"transversal";"infrastructure ou contenu partagé";"neutre-ou-inconnu";"assets/artists/groups/images/DaVici_Monet_vanGogh_Vermeer_supporters.png";"image";"png";"2656809";"2,53 Mo";"Aucune référence textuelle détectée; vérifier les chargements dynamiques et usages éditoriaux.";"";"inutilise-probable";"";"non";"shared";"partage";"https://media.artdaci.com/shared/artists/groups/images/DaVici_Monet_vanGogh_Vermeer_supporters.png";"292BD41B087F70845C412DD22F9896D6DC97E201E8EDDC5D148672690C07EE78"
"";"transversal";"infrastructure ou contenu partagé";"neutre-ou-inconnu";"assets/artists/groups/images/Davinci_vanGogh_Vermeer_Monet_standing.png";"image";"png";"2246042";"2,14 Mo";"Aucune référence textuelle détectée; vérifier les chargements dynamiques et usages éditoriaux.";"";"inutilise-probable";"";"non";"shared";"partage";"https://media.artdaci.com/shared/artists/groups/images/Davinci_vanGogh_Vermeer_Monet_standing.png";"8FCB4FD451363E004D708E60A28524BF5FDB88638D67DBCDB1574C0113768C8E"
"";"transversal";"infrastructure ou contenu partagé";"neutre-ou-inconnu";"assets/artists/groups/images/Davinci_vanGogh_Vermeer_Monet.png";"image";"png";"2363903";"2,25 Mo";"Aucune référence textuelle détectée; vérifier les chargements dynamiques et usages éditoriaux.";"";"inutilise-probable";"";"non";"shared";"partage";"https://media.artdaci.com/shared/artists/groups/images/Davinci_vanGogh_Vermeer_Monet.png";"C28EE8664CE737FEF48B0A4F65E2D406FB5B3D23A4797B96E95AA18BE80B74EA"
"gallery-vr.html";"transversal";"infrastructure ou contenu partagé";"neutre-ou-inconnu";"assets/artists/johannes-vermeer/collection/woman-holding-a-balance-vermeer.webp";"image";"webp";"197804";"193,17 Ko";"Référencé par 1 fichier(s) source.";"scripts/gallery-vr.js";"reference";"";"non";"shared";"partage";"https://media.artdaci.com/shared/artists/johannes-vermeer/collection/woman-holding-a-balance-vermeer.webp";"15279D3780F4B46E35D1ED53E8F4C50F02C059821FCC9756358343B50F22BDF4"
"gallery-vr.html";"transversal";"infrastructure ou contenu partagé";"neutre-ou-inconnu";"assets/artists/johannes-vermeer/profile/portrait.png";"image";"png";"2557033";"2,44 Mo";"Référencé par 1 fichier(s) source.";"scripts/gallery-vr.js";"reference";"";"non";"shared";"partage";"https://media.artdaci.com/shared/artists/johannes-vermeer/profile/portrait.png";"5B7DEA37F743906F56AB20625A0D873C158671548BB3AEE21C4E754FAEDBD90F"
"gallery-vr.html";"transversal";"infrastructure ou contenu partagé";"neutre-ou-inconnu";"assets/artists/johannes-vermeer/reimagined/images/vermeer-pieter-van-ruijven-1.png";"image";"png";"7575774";"7,22 Mo";"Référencé par 1 fichier(s) source.";"scripts/gallery-vr.js";"doublon-binaire";"D006";"non";"shared";"partage";"https://media.artdaci.com/shared/artists/johannes-vermeer/reimagined/images/vermeer-pieter-van-ruijven-1.png";"92438E82709921DA1171F5D0F4DD356B615DF52F7CA34DC96AB5068EADD26175"
"gallery-vr.html";"transversal";"infrastructure ou contenu partagé";"neutre-ou-inconnu";"assets/artists/johannes-vermeer/reimagined/images/vermeer-pieter-van-ruijven-2.png";"image";"png";"7659552";"7,30 Mo";"Référencé par 1 fichier(s) source.";"scripts/gallery-vr.js";"reference";"";"non";"shared";"partage";"https://media.artdaci.com/shared/artists/johannes-vermeer/reimagined/images/vermeer-pieter-van-ruijven-2.png";"E33DD822733C6CE0584FCCB5C9A20307E0D1553EEC7F1CECD9D0067075EC50C5"
"gallery-vr.html";"transversal";"infrastructure ou contenu partagé";"neutre-ou-inconnu";"assets/artists/johannes-vermeer/supporters/images/vermeer-pieter-maria.png";"image";"png";"2282390";"2,18 Mo";"Référencé par 1 fichier(s) source.";"scripts/gallery-vr.js";"reference";"";"non";"shared";"partage";"https://media.artdaci.com/shared/artists/johannes-vermeer/supporters/images/vermeer-pieter-maria.png";"956617F213638E073A9CFA106ED4E51312060CC8DD505AC1D8053FC4BC905784"
"gallery-vr.html";"transversal";"infrastructure ou contenu partagé";"neutre-ou-inconnu";"assets/artists/johannes-vermeer/supporters/images/vermeer-pieter-van-ruijven-1.png";"image";"png";"7533879";"7,18 Mo";"Référencé par 1 fichier(s) source.";"scripts/gallery-vr.js";"reference";"";"non";"shared";"partage";"https://media.artdaci.com/shared/artists/johannes-vermeer/supporters/images/vermeer-pieter-van-ruijven-1.png";"1E109B97B05803C0A94B3B1D9FC21379F93586CEB1C86FF00B379B1D26C26A59"
"gallery-vr.html";"transversal";"infrastructure ou contenu partagé";"neutre-ou-inconnu";"assets/artists/johannes-vermeer/supporters/images/vermeer-pieter-van-ruijven-2.png";"image";"png";"7575774";"7,22 Mo";"Référencé par 1 fichier(s) source.";"scripts/gallery-vr.js";"doublon-binaire";"D006";"non";"shared";"partage";"https://media.artdaci.com/shared/artists/johannes-vermeer/supporters/images/vermeer-pieter-van-ruijven-2.png";"92438E82709921DA1171F5D0F4DD356B615DF52F7CA34DC96AB5068EADD26175"
"gallery-vr.html";"transversal";"infrastructure ou contenu partagé";"ar";"assets/artists/johannes-vermeer/supporters/timelines/vermeer-s-patronage-story-timeline-ar.png";"image";"png";"2624960";"2,50 Mo";"Référencé par 1 fichier(s) source.";"scripts/gallery-vr.js";"reference";"";"non";"shared";"partage";"https://media.artdaci.com/shared/artists/johannes-vermeer/supporters/timelines/vermeer-s-patronage-story-timeline-ar.png";"8B8FEF28F6F9DC29D79F09C7424084D82218FE5B6E2073F09AB2CE4ED42FF541"
"gallery-vr.html";"transversal";"infrastructure ou contenu partagé";"en";"assets/artists/johannes-vermeer/supporters/timelines/vermeer-s-patronage-story-timeline-en.png";"image";"png";"2842041";"2,71 Mo";"Référencé par 1 fichier(s) source.";"scripts/gallery-vr.js";"reference";"";"non";"shared";"partage";"https://media.artdaci.com/shared/artists/johannes-vermeer/supporters/timelines/vermeer-s-patronage-story-timeline-en.png";"9312D425693211E7589D3944643FC444BE629D447FC695B3833702093B6B5D6A"
"gallery-vr.html";"transversal";"infrastructure ou contenu partagé";"fr";"assets/artists/johannes-vermeer/supporters/timelines/vermeer-s-patronage-story-timeline-fr.png";"image";"png";"2825481";"2,69 Mo";"Référencé par 1 fichier(s) source.";"scripts/gallery-vr.js";"reference";"";"non";"shared";"partage";"https://media.artdaci.com/shared/artists/johannes-vermeer/supporters/timelines/vermeer-s-patronage-story-timeline-fr.png";"3147E86BBD9662A0929B2094C74B9409A65437DD90BE325644720146A0DF176D"
"";"transversal";"infrastructure ou contenu partagé";"ar";"assets/environments/gallery/images/8-masterpieces/8-masterpieces_ar.png";"image";"png";"2221185";"2,12 Mo";"Aucune référence textuelle détectée; vérifier les chargements dynamiques et usages éditoriaux.";"";"inutilise-probable";"";"non";"shared";"partage";"https://media.artdaci.com/shared/environments/gallery/images/8-masterpieces/8-masterpieces_ar.png";"1631881A5E3C1FC2D3EF880F260D4B87B3138A365EEF93C485637814B395990E"
"";"transversal";"infrastructure ou contenu partagé";"en";"assets/environments/gallery/images/8-masterpieces/8-masterpieces_en.png";"image";"png";"2369303";"2,26 Mo";"Aucune référence textuelle détectée; vérifier les chargements dynamiques et usages éditoriaux.";"";"inutilise-probable";"";"non";"shared";"partage";"https://media.artdaci.com/shared/environments/gallery/images/8-masterpieces/8-masterpieces_en.png";"539AE1058BFF282C7FA9F2DE430CD3CDD76F4F2FC0DBD0080DA1BB82C5DE6D95"
"";"transversal";"infrastructure ou contenu partagé";"fr";"assets/environments/gallery/images/8-masterpieces/8-masterpieces_fr.png";"image";"png";"2490675";"2,38 Mo";"Aucune référence textuelle détectée; vérifier les chargements dynamiques et usages éditoriaux.";"";"inutilise-probable";"";"non";"shared";"partage";"https://media.artdaci.com/shared/environments/gallery/images/8-masterpieces/8-masterpieces_fr.png";"EED204BE88B1FBEF4EBD981C4969EFE2B033DC85A642F8BED331B0D8AE94C18E"
"";"transversal";"infrastructure ou contenu partagé";"ar";"assets/environments/gallery/images/MNK-Czartoryski/MNK-Czartoryski_building_plan/MNK-Czartoryski_building_plan_ar.png";"image";"png";"2573264";"2,45 Mo";"Aucune référence textuelle détectée; vérifier les chargements dynamiques et usages éditoriaux.";"";"inutilise-probable";"";"non";"shared";"partage";"https://media.artdaci.com/shared/environments/gallery/images/MNK-Czartoryski/MNK-Czartoryski_building_plan/MNK-Czartoryski_building_plan_ar.png";"9CD3C0198F225F79F6131D3736D3FA716143963DA4083B9122FCE0C0396D8AD4"
"";"transversal";"infrastructure ou contenu partagé";"en";"assets/environments/gallery/images/MNK-Czartoryski/MNK-Czartoryski_building_plan/MNK-Czartoryski_building_plan_en.png";"image";"png";"2694460";"2,57 Mo";"Aucune référence textuelle détectée; vérifier les chargements dynamiques et usages éditoriaux.";"";"inutilise-probable";"";"non";"shared";"partage";"https://media.artdaci.com/shared/environments/gallery/images/MNK-Czartoryski/MNK-Czartoryski_building_plan/MNK-Czartoryski_building_plan_en.png";"907E388C937BAF2DF387C8AD4D411750A910EEFF1981BFF92408BE3E2A51C454"
"";"transversal";"infrastructure ou contenu partagé";"fr";"assets/environments/gallery/images/MNK-Czartoryski/MNK-Czartoryski_building_plan/MNK-Czartoryski_building_plan_fr.png";"image";"png";"2723934";"2,60 Mo";"Aucune référence textuelle détectée; vérifier les chargements dynamiques et usages éditoriaux.";"";"inutilise-probable";"";"non";"shared";"partage";"https://media.artdaci.com/shared/environments/gallery/images/MNK-Czartoryski/MNK-Czartoryski_building_plan/MNK-Czartoryski_building_plan_fr.png";"DF6EEFABA08B74F0FCB57C792D8D9A05D2FAC4FC4E7E59C896421A9A880FBD18"
"gallery-vr.html";"transversal";"infrastructure ou contenu partagé";"neutre-ou-inconnu";"assets/environments/gallery/images/MNK-Czartoryski/MNK-Czartoryski_building_plan/MNK-Czartoryski_façade.png";"image";"png";"2257750";"2,15 Mo";"Référencé par 1 fichier(s) source.";"scripts/gallery-vr.js";"reference";"";"non";"shared";"partage";"https://media.artdaci.com/shared/environments/gallery/images/MNK-Czartoryski/MNK-Czartoryski_building_plan/MNK-Czartoryski_façade.png";"E2F24898B50288EDA45F8C8E1A0A993E43D26F731CD96FBB9527610729769CEE"
"";"transversal";"infrastructure ou contenu partagé";"neutre-ou-inconnu";"assets/environments/gallery/images/MNK-Czartoryski/MNK-Czartoryski_building_plan/MNK-Czartoryski_museum_legende.png";"image";"png";"2700164";"2,58 Mo";"Aucune référence textuelle détectée; vérifier les chargements dynamiques et usages éditoriaux.";"";"inutilise-probable";"";"non";"shared";"partage";"https://media.artdaci.com/shared/environments/gallery/images/MNK-Czartoryski/MNK-Czartoryski_building_plan/MNK-Czartoryski_museum_legende.png";"B786EB465EDCA27DD4B23944E40EC7228E947DA86766AA03332668AE6BFB6F2A"
"";"transversal";"infrastructure ou contenu partagé";"neutre-ou-inconnu";"assets/environments/gallery/images/MNK-Czartoryski/MNK-Czartoryski_building_plan/MNK-Czartoryski_museum.png";"image";"png";"2700826";"2,58 Mo";"Référencé par 1 fichier(s) source.";"content/museums/czartoryski.json";"reference";"";"non";"shared";"partage";"https://media.artdaci.com/shared/environments/gallery/images/MNK-Czartoryski/MNK-Czartoryski_building_plan/MNK-Czartoryski_museum.png";"58270B2755501EDFA1D67BBD3E408A610221E5B76A446265D11D8A968C422EF8"
"";"transversal";"infrastructure ou contenu partagé";"ar";"assets/environments/gallery/images/MNK-Czartoryski/MNK-Czartoryski_timeline/MNK-Czartoryski_timeline_ar.png";"image";"png";"2473912";"2,36 Mo";"Aucune référence textuelle détectée; vérifier les chargements dynamiques et usages éditoriaux.";"";"inutilise-probable";"";"non";"shared";"partage";"https://media.artdaci.com/shared/environments/gallery/images/MNK-Czartoryski/MNK-Czartoryski_timeline/MNK-Czartoryski_timeline_ar.png";"76673595C8F1B30ED432BBDDAA84F60DA009710A8A15479682B0799FEA562F22"
"";"transversal";"infrastructure ou contenu partagé";"en";"assets/environments/gallery/images/MNK-Czartoryski/MNK-Czartoryski_timeline/MNK-Czartoryski_timeline_en.png";"image";"png";"2494482";"2,38 Mo";"Aucune référence textuelle détectée; vérifier les chargements dynamiques et usages éditoriaux.";"";"inutilise-probable";"";"non";"shared";"partage";"https://media.artdaci.com/shared/environments/gallery/images/MNK-Czartoryski/MNK-Czartoryski_timeline/MNK-Czartoryski_timeline_en.png";"AA2D7EAE4046928888C86D53AEC72880B9B634FBBFAC31AAAA53E33F800F8201"
"";"transversal";"infrastructure ou contenu partagé";"fr";"assets/environments/gallery/images/MNK-Czartoryski/MNK-Czartoryski_timeline/MNK-Czartoryski_timeline_fr.png";"image";"png";"2502763";"2,39 Mo";"Aucune référence textuelle détectée; vérifier les chargements dynamiques et usages éditoriaux.";"";"inutilise-probable";"";"non";"shared";"partage";"https://media.artdaci.com/shared/environments/gallery/images/MNK-Czartoryski/MNK-Czartoryski_timeline/MNK-Czartoryski_timeline_fr.png";"9A78E5CDF9073EBEF8883CA88C4E6589612B4C6A40E4884401EADDC9DA4731A2"
"index-fr.html | index.html";"transversal";"infrastructure ou contenu partagé";"en";"assets/qr/index-en.png";"image";"png";"2572";"2,51 Ko";"Référencé par 2 fichier(s) source.";"index-fr.html | index.html";"reference";"";"non";"shared";"partage";"https://media.artdaci.com/shared/qr/index-en.png";"6CDEBEB53A4A43C720FCCE103F6BF1A4C485D11C74BCEA90F9B254FCB7A34DCC"
"index-fr.html | index.html";"transversal";"infrastructure ou contenu partagé";"fr";"assets/qr/index-fr.png";"image";"png";"2529";"2,47 Ko";"Référencé par 2 fichier(s) source.";"index-fr.html | index.html";"reference";"";"non";"shared";"partage";"https://media.artdaci.com/shared/qr/index-fr.png";"551CD81A6519F2B735A4CD1520BE5F5A5C8FCC44EE716D70A7E272E2A9CA172B"
"print-multimedia-qr.html";"transversal";"infrastructure ou contenu partagé";"en";"assets/qr/multimedia-3d-en.png";"image";"png";"1134";"1,11 Ko";"Référencé par 1 fichier(s) source.";"print-multimedia-qr.html";"reference";"";"non";"shared";"partage";"https://media.artdaci.com/shared/qr/multimedia-3d-en.png";"9547C524A3F5320251C204B8F838453F346F5FB8510A52431D87C0A3D950C5B9"
"print-multimedia-qr-fr.html";"transversal";"infrastructure ou contenu partagé";"fr";"assets/qr/multimedia-3d-fr.png";"image";"png";"1119";"1,09 Ko";"Référencé par 1 fichier(s) source.";"print-multimedia-qr-fr.html";"reference";"";"non";"shared";"partage";"https://media.artdaci.com/shared/qr/multimedia-3d-fr.png";"C3EAC3A49F337A90186EF919EF5A9C246CE0DCE26C08C909390581AB548A382E"
"print-multimedia-qr.html";"transversal";"infrastructure ou contenu partagé";"ar";"assets/qr/multimedia-ar-en.png";"image";"png";"1076";"1,05 Ko";"Référencé par 1 fichier(s) source.";"print-multimedia-qr.html";"reference";"";"non";"shared";"partage";"https://media.artdaci.com/shared/qr/multimedia-ar-en.png";"A97B17B50A10977C549F93B25FD47861B6B25BE3642C1064D28D542E3CD138C3"
"print-multimedia-qr-fr.html";"transversal";"infrastructure ou contenu partagé";"ar";"assets/qr/multimedia-ar-fr.png";"image";"png";"1157";"1,13 Ko";"Référencé par 1 fichier(s) source.";"print-multimedia-qr-fr.html";"reference";"";"non";"shared";"partage";"https://media.artdaci.com/shared/qr/multimedia-ar-fr.png";"C2C8F65ED94FFA9E2448A441027AB34B34D04763B448BBD5AF2A0F0FCDC02C35"
"print-multimedia-qr.html";"transversal";"infrastructure ou contenu partagé";"en";"assets/qr/multimedia-audio-en.png";"image";"png";"1311";"1,28 Ko";"Référencé par 1 fichier(s) source.";"print-multimedia-qr.html";"doublon-binaire";"D002";"non";"shared";"partage";"https://media.artdaci.com/shared/qr/multimedia-audio-en.png";"317892B25B0FEDC02EA42A2F3F417ED5CC326579AFB12D78AFFD0435943E5DE9"
"print-multimedia-qr-fr.html";"transversal";"infrastructure ou contenu partagé";"fr";"assets/qr/multimedia-audio-fr.png";"image";"png";"1283";"1,25 Ko";"Référencé par 1 fichier(s) source.";"print-multimedia-qr-fr.html";"doublon-binaire";"D008";"non";"shared";"partage";"https://media.artdaci.com/shared/qr/multimedia-audio-fr.png";"C9FB73E1A0DF8C5BBC934D7AE58D4B2A2493B38752AABD845FA4BF0F9E326A3A"
"print-multimedia-qr.html";"transversal";"infrastructure ou contenu partagé";"en";"assets/qr/multimedia-book-en.png";"image";"png";"913";"913 o";"Référencé par 1 fichier(s) source.";"print-multimedia-qr.html";"reference";"";"non";"shared";"partage";"https://media.artdaci.com/shared/qr/multimedia-book-en.png";"719F412DEAF5CBA23488A83EA9CE54824388BC311EB3CF9F4E179483EBDA14E5"
"print-multimedia-qr-fr.html";"transversal";"infrastructure ou contenu partagé";"fr";"assets/qr/multimedia-book-fr.png";"image";"png";"885";"885 o";"Référencé par 1 fichier(s) source.";"print-multimedia-qr-fr.html";"reference";"";"non";"shared";"partage";"https://media.artdaci.com/shared/qr/multimedia-book-fr.png";"D5C01229F55CC18A8A5D3828F268B1372F4936D4298C9E27CDAA42FABB03A02A"
"print-multimedia-qr.html";"transversal";"infrastructure ou contenu partagé";"en";"assets/qr/multimedia-gallery-en.png";"image";"png";"1127";"1,10 Ko";"Référencé par 1 fichier(s) source.";"print-multimedia-qr.html";"reference";"";"non";"shared";"partage";"https://media.artdaci.com/shared/qr/multimedia-gallery-en.png";"D2AD271BC5C34DF68042BC6B70F1166D9635B19D16A4564A1B0D732B68FF6005"
"print-multimedia-qr-fr.html";"transversal";"infrastructure ou contenu partagé";"fr";"assets/qr/multimedia-gallery-fr.png";"image";"png";"1153";"1,13 Ko";"Référencé par 1 fichier(s) source.";"print-multimedia-qr-fr.html";"reference";"";"non";"shared";"partage";"https://media.artdaci.com/shared/qr/multimedia-gallery-fr.png";"C6DA99F69B5834B149EFC0C321957290A428BA64392DAE4D76D65CC23EBC6DF1"
"print-multimedia-qr-fr.html | print-multimedia-qr.html";"transversal";"infrastructure ou contenu partagé";"neutre-ou-inconnu";"assets/qr/multimedia-leonardo-enriched-studio.png";"image";"png";"1199";"1,17 Ko";"Référencé par 2 fichier(s) source.";"print-multimedia-qr-fr.html | print-multimedia-qr.html";"reference";"";"non";"shared";"partage";"https://media.artdaci.com/shared/qr/multimedia-leonardo-enriched-studio.png";"A9255E7500847A824BB5EBD4D7DD9E46397D73260911BC12494BB12893E6872F"
"print-multimedia-qr-fr.html | print-multimedia-qr.html";"transversal";"infrastructure ou contenu partagé";"neutre-ou-inconnu";"assets/qr/multimedia-leonardo-world.png";"image";"png";"1123";"1,10 Ko";"Référencé par 2 fichier(s) source.";"print-multimedia-qr-fr.html | print-multimedia-qr.html";"reference";"";"non";"shared";"partage";"https://media.artdaci.com/shared/qr/multimedia-leonardo-world.png";"06E9B1AF46DCD99ECA1CF3602FD36E7CAE4B00FBC11BC1CBE45899CE1C73D2C8"
"print-multimedia-qr.html";"transversal";"infrastructure ou contenu partagé";"en";"assets/qr/multimedia-video-en.png";"image";"png";"1142";"1,12 Ko";"Référencé par 1 fichier(s) source.";"print-multimedia-qr.html";"reference";"";"non";"shared";"partage";"https://media.artdaci.com/shared/qr/multimedia-video-en.png";"4543F596FBD5B0C5E603E44A682DFBA7CDCF744FB9D0BD125ED822FAC02AACA7"
"print-multimedia-qr-fr.html";"transversal";"infrastructure ou contenu partagé";"fr";"assets/qr/multimedia-video-fr.png";"image";"png";"1131";"1,10 Ko";"Référencé par 1 fichier(s) source.";"print-multimedia-qr-fr.html";"reference";"";"non";"shared";"partage";"https://media.artdaci.com/shared/qr/multimedia-video-fr.png";"D9F2EFC5443338DE7F61A49C75CEC1E04A8D3FB0F45A63B5E3CBA6D48C5CC6F6"
"print-van-gogh.html";"transversal";"infrastructure ou contenu partagé";"ar";"assets/qr/van-gogh-ar-en.png";"image";"png";"2689";"2,63 Ko";"Référencé par 1 fichier(s) source.";"print-van-gogh.html";"reference";"";"non";"shared";"partage";"https://media.artdaci.com/shared/qr/van-gogh-ar-en.png";"F707EB6790FE0FBADFA4F5C067A266D30EFF09272A5BFE604E6EBB4E3FD9D470"
"print-van-gogh-fr.html";"transversal";"infrastructure ou contenu partagé";"ar";"assets/qr/van-gogh-ar-fr.png";"image";"png";"2674";"2,61 Ko";"Référencé par 1 fichier(s) source.";"print-van-gogh-fr.html";"reference";"";"non";"shared";"partage";"https://media.artdaci.com/shared/qr/van-gogh-ar-fr.png";"C4EAD9FF47FA93E8AB89A419CB399BAC73A2E460CA6E5DAC295EBE9E6CDC52BB"
"print-van-gogh.html";"transversal";"infrastructure ou contenu partagé";"en";"assets/qr/van-gogh-audio-en.png";"image";"png";"1358";"1,33 Ko";"Référencé par 1 fichier(s) source.";"print-van-gogh.html";"reference";"";"non";"shared";"partage";"https://media.artdaci.com/shared/qr/van-gogh-audio-en.png";"02DC5F6FEBB51F405101AA1C1907167AD9569FB8031725C9036E66F7A1D549A9"
"print-van-gogh-fr.html";"transversal";"infrastructure ou contenu partagé";"fr";"assets/qr/van-gogh-audio-fr.png";"image";"png";"1433";"1,40 Ko";"Référencé par 1 fichier(s) source.";"print-van-gogh-fr.html";"reference";"";"non";"shared";"partage";"https://media.artdaci.com/shared/qr/van-gogh-audio-fr.png";"4FF6FE61EA2C003A83CC4B7898F45D3DBE83A51B41D86C94F9B8054CCD002BC9"
"";"transversal";"infrastructure ou contenu partagé";"ar";"assets/qr/van-gogh-jo-ar-ar.png";"image";"png";"1133";"1,11 Ko";"Aucune référence textuelle détectée; vérifier les chargements dynamiques et usages éditoriaux.";"";"inutilise-probable";"";"non";"shared";"partage";"https://media.artdaci.com/shared/qr/van-gogh-jo-ar-ar.png";"227F96AF639A10CC2DDF8BBFF2851D4967B9E98389EC7A6ECFBB9EA8A39B80E5"
"print-van-gogh.html";"transversal";"infrastructure ou contenu partagé";"ar";"assets/qr/van-gogh-jo-ar-en.png";"image";"png";"1103";"1,08 Ko";"Référencé par 1 fichier(s) source.";"print-van-gogh.html";"reference";"";"non";"shared";"partage";"https://media.artdaci.com/shared/qr/van-gogh-jo-ar-en.png";"D099116668FBB591546EFFE6F682106D0BA45C0B144ED7DAD398E5B8E9C8C8DC"
"print-van-gogh-fr.html";"transversal";"infrastructure ou contenu partagé";"ar";"assets/qr/van-gogh-jo-ar-fr.png";"image";"png";"1131";"1,10 Ko";"Référencé par 1 fichier(s) source.";"print-van-gogh-fr.html";"reference";"";"non";"shared";"partage";"https://media.artdaci.com/shared/qr/van-gogh-jo-ar-fr.png";"C0C47A905A5FA81D4B253BA32B30D68B5312C9B164DD58C1C6628BA51256DC39"
"print-van-gogh.html";"transversal";"infrastructure ou contenu partagé";"en";"assets/qr/van-gogh-space-en.png";"image";"png";"2696";"2,63 Ko";"Référencé par 1 fichier(s) source.";"print-van-gogh.html";"reference";"";"non";"shared";"partage";"https://media.artdaci.com/shared/qr/van-gogh-space-en.png";"81E84B314977B3ED2E78E1385CBE0412DBF0C72D29F643F1BC53F12A7397F848"
"print-van-gogh-fr.html";"transversal";"infrastructure ou contenu partagé";"fr";"assets/qr/van-gogh-space-fr.png";"image";"png";"2664";"2,60 Ko";"Référencé par 1 fichier(s) source.";"print-van-gogh-fr.html";"reference";"";"non";"shared";"partage";"https://media.artdaci.com/shared/qr/van-gogh-space-fr.png";"8770AADC23748468B07B7BD705E14EBB801DB963312A0BF68D01390968394557"
"gallery-vr.html";"transversal";"infrastructure ou contenu partagé";"neutre-ou-inconnu";"assets/shared/reimagined-gallery/vermeer_girl-earring-p.png";"image";"png";"2378526";"2,27 Mo";"Référencé par 1 fichier(s) source.";"scripts/gallery-vr.js";"reference";"";"non";"shared";"partage";"https://media.artdaci.com/shared/shared/reimagined-gallery/vermeer_girl-earring-p.png";"11401984F16788FE91A4E484F97067B05DFFB59B7FB917A6DC99D8EB96C1AC23"
"book-3d.html | gallery-vr.html | index-ar.html | index-fr.html | index.html | print-leonardo-tribute.html | print-multimedia-qr-fr.html | print-multimedia-qr.html";"transversal";"infrastructure ou contenu partagé";"neutre-ou-inconnu";"assets/varia/artdaci-logo.png";"image";"png";"2546976";"2,43 Mo";"Référencé par 10 fichier(s) source.";"book-3d.html | index-ar.html | index-fr.html | index.html | manifest.webmanifest | print-leonardo-tribute.html | print-multimedia-qr-fr.html | print-multimedia-qr.html | scripts/gallery-vr.js | scripts/print-leonardo-tribute.js";"reference";"";"non";"shared";"partage";"https://media.artdaci.com/shared/varia/artdaci-logo.png";"6838C5918E810CB1C227EC1FB39841D764781166E9E5CB30AB58B581C64F66AB"
"";"transversal";"infrastructure ou contenu partagé";"neutre-ou-inconnu";"assets/artists/groups/models/DaVici_Monet_vanGogh_Vermeer_supporters.glb";"modele-3d";"glb";"74921908";"71,45 Mo";"Aucune référence textuelle détectée; vérifier les chargements dynamiques et usages éditoriaux.";"";"inutilise-probable";"";"non";"shared";"partage";"https://media.artdaci.com/shared/artists/groups/models/DaVici_Monet_vanGogh_Vermeer_supporters.glb";"715868E0A974D998BF66D44DD178745DB53FAFA17CF37FF76103895A13C349D0"
"";"transversal";"infrastructure ou contenu partagé";"neutre-ou-inconnu";"assets/artists/groups/models/DaVici_Monet_vanGogh_Vermeer.glb";"modele-3d";"glb";"76276388";"72,74 Mo";"Aucune référence textuelle détectée; vérifier les chargements dynamiques et usages éditoriaux.";"";"inutilise-probable";"";"non";"shared";"partage";"https://media.artdaci.com/shared/artists/groups/models/DaVici_Monet_vanGogh_Vermeer.glb";"1965AE6EEFFC9F942A4B8F395B64098282C4E4C89F3AD1403D3A6BDC8C88D8BA"
"gallery-vr.html";"transversal";"infrastructure ou contenu partagé";"neutre-ou-inconnu";"assets/artists/johannes-vermeer/reimagined/models/vermeer-pieter-van-ruijven-rig.glb";"modele-3d";"glb";"5325296";"5,08 Mo";"Référencé par 1 fichier(s) source.";"scripts/gallery-vr.js";"reference";"";"non";"shared";"partage";"https://media.artdaci.com/shared/artists/johannes-vermeer/reimagined/models/vermeer-pieter-van-ruijven-rig.glb";"AAE8216B68C959F3883BC9E66AB8AA4DE9078CF9CAA6408ABEFBF1D02F87AA92"
"gallery-vr.html";"transversal";"infrastructure ou contenu partagé";"neutre-ou-inconnu";"assets/environments/gallery/models/armchair-w.glb";"modele-3d";"glb";"4144140";"3,95 Mo";"Référencé par 1 fichier(s) source.";"scripts/gallery-vr.js";"reference";"";"non";"shared";"partage";"https://media.artdaci.com/shared/environments/gallery/models/armchair-w.glb";"6CF6BD82207541211FE97056280250935837562EBD0BB28298A7A17B486F99F8"
"gallery-vr.html";"transversal";"infrastructure ou contenu partagé";"en";"assets/environments/gallery/models/book-artdaci_en.glb";"modele-3d";"glb";"6329728";"6,04 Mo";"Référencé par 1 fichier(s) source.";"scripts/gallery-vr.js";"reference";"";"non";"shared";"partage";"https://media.artdaci.com/shared/environments/gallery/models/book-artdaci_en.glb";"D7D0D785FC1216CFCD4F40C55909E3557F7393A8BDE645F37E3B012E7FD2AEFC"
"gallery-vr.html";"transversal";"infrastructure ou contenu partagé";"neutre-ou-inconnu";"assets/environments/gallery/models/brochure_stand.glb";"modele-3d";"glb";"8470936";"8,08 Mo";"Référencé par 1 fichier(s) source.";"scripts/gallery-vr.js";"reference";"";"non";"shared";"partage";"https://media.artdaci.com/shared/environments/gallery/models/brochure_stand.glb";"D1F2CD41C514FF1E03EFBA657AF0E625B1C0AF7229E9B14D4612E20CD0E2AE8F"
"gallery-vr.html";"transversal";"infrastructure ou contenu partagé";"neutre-ou-inconnu";"assets/environments/gallery/models/Gateway_Egypt_c.glb";"modele-3d";"glb";"6226996";"5,94 Mo";"Référencé par 1 fichier(s) source.";"scripts/gallery-vr.js";"reference";"";"non";"shared";"partage";"https://media.artdaci.com/shared/environments/gallery/models/Gateway_Egypt_c.glb";"AB0C6620E4E9143B6B7611A0C46324DEC9C8F308DB1E19F69AD8321CDA3F1892"
"gallery-vr.html";"transversal";"infrastructure ou contenu partagé";"neutre-ou-inconnu";"assets/environments/gallery/models/museums/MNK-Czartoryski_museum_c3.glb";"modele-3d";"glb";"6719968";"6,41 Mo";"Référencé par 2 fichier(s) source.";"content/museums/czartoryski.json | scripts/gallery-vr.js";"reference";"";"non";"shared";"partage";"https://media.artdaci.com/shared/environments/gallery/models/museums/MNK-Czartoryski_museum_c3.glb";"581CDA8B21F990840EBEAACD50C81AABA5CD55C5780CBE02B27E6B625F7A7EE8"
"gallery-vr.html";"transversal";"infrastructure ou contenu partagé";"neutre-ou-inconnu";"assets/environments/gallery/models/museums/Vangogh_museum_c3.glb";"modele-3d";"glb";"6932936";"6,61 Mo";"Référencé par 2 fichier(s) source.";"content/museums/van-gogh-museum.json | scripts/gallery-vr.js";"reference";"";"non";"shared";"partage";"https://media.artdaci.com/shared/environments/gallery/models/museums/Vangogh_museum_c3.glb";"8FF0300A8403AB0DF0662BF4AF4E228DE400ACDC3226E825E215DDD661CA36FF"
"gallery-vr.html";"transversal";"infrastructure ou contenu partagé";"neutre-ou-inconnu";"assets/environments/gallery/models/Ornate_Turquoise_Pill_c.glb";"modele-3d";"glb";"2387656";"2,28 Mo";"Référencé par 1 fichier(s) source.";"scripts/gallery-vr.js";"reference";"";"non";"shared";"partage";"https://media.artdaci.com/shared/environments/gallery/models/Ornate_Turquoise_Pill_c.glb";"543688A2C3EA4405FAD868BB3E9DAFF19EA5F2685B4D1ED6E5F9120B744031DA"
"gallery-vr.html";"transversal";"infrastructure ou contenu partagé";"neutre-ou-inconnu";"assets/environments/gallery/models/sofa_c.glb";"modele-3d";"glb";"3078268";"2,94 Mo";"Référencé par 1 fichier(s) source.";"scripts/gallery-vr.js";"reference";"";"non";"shared";"partage";"https://media.artdaci.com/shared/environments/gallery/models/sofa_c.glb";"D960274520858ACA80EB6F8FBC7341DA256DD345760B553B2A5DF22183600F7D"
"gallery-vr.html";"transversal";"infrastructure ou contenu partagé";"neutre-ou-inconnu";"assets/environments/gallery/models/sofa1.glb";"modele-3d";"glb";"2699272";"2,57 Mo";"Référencé par 1 fichier(s) source.";"scripts/gallery-vr.js";"reference";"";"non";"shared";"partage";"https://media.artdaci.com/shared/environments/gallery/models/sofa1.glb";"E939B80E195F6437D904AE8C3D42FF9E656243037B8BBB917CD3CB3902568798"
"gallery-vr.html";"transversal";"infrastructure ou contenu partagé";"neutre-ou-inconnu";"assets/environments/gallery/models/table-vitrine-w.glb";"modele-3d";"glb";"3995232";"3,81 Mo";"Référencé par 1 fichier(s) source.";"scripts/gallery-vr.js";"reference";"";"non";"shared";"partage";"https://media.artdaci.com/shared/environments/gallery/models/table-vitrine-w.glb";"B2CE7714578C21CC200B3EC5DE913E0C5D9705278179A2E020AFD4519BF3E747"
"gallery-vr.html";"transversal";"infrastructure ou contenu partagé";"neutre-ou-inconnu";"assets/environments/gallery/models/table-w.glb";"modele-3d";"glb";"3838036";"3,66 Mo";"Référencé par 1 fichier(s) source.";"scripts/gallery-vr.js";"reference";"";"non";"shared";"partage";"https://media.artdaci.com/shared/environments/gallery/models/table-w.glb";"BAC0923D28DE637C3B4D6754B16455EA868F16AE4B95E71C4803A19E815FC935"
"gallery-vr.html";"transversal";"infrastructure ou contenu partagé";"neutre-ou-inconnu";"assets/shared/groups/dvvm_selfy.glb";"modele-3d";"glb";"9731248";"9,28 Mo";"Référencé par 1 fichier(s) source.";"scripts/gallery-vr.js";"reference";"";"non";"shared";"partage";"https://media.artdaci.com/shared/shared/groups/dvvm_selfy.glb";"61F1C954D2E81C77516EFA42DA260EDD5A4B3C33401C54667C6CCD5640976D46"
"ar.html | book-3d.html | gallery-vr.html | index-ar.html | index-fr.html | index.html | print-ar.html | space.html | vr.html";"transversal";"infrastructure ou contenu partagé";"neutre-ou-inconnu";"assets/animations/artdaci-Van_Gogh_animation.mp4";"video";"mp4";"2317628";"2,21 Mo";"Référencé par 1 fichier(s) source.";"content/paintings/van-gogh.json";"reference";"";"non";"shared";"partage";"https://media.artdaci.com/shared/animations/artdaci-Van_Gogh_animation.mp4";"BE179702F53190B4AAC54A6CFB8346A98C293D6136D518E16385A6DF1878917E"
"gallery-vr.html";"transversal";"infrastructure ou contenu partagé";"neutre-ou-inconnu";"assets/artists/johannes-vermeer/profile/introduction.mp4";"video";"mp4";"1982321";"1,89 Mo";"Référencé par 1 fichier(s) source.";"scripts/gallery-vr.js";"reference";"";"non";"shared";"partage";"https://media.artdaci.com/shared/artists/johannes-vermeer/profile/introduction.mp4";"26FF6B7F31C9A9C6383D51002C69D16544259DEE3DD130AC1DC835B043EE0979"
"gallery-vr.html";"transversal";"infrastructure ou contenu partagé";"neutre-ou-inconnu";"assets/artists/johannes-vermeer/supporters/video/animating-vermeer-thanking-patrons-pieter-van-ruijven-maria-de-knuijt.mp4";"video";"mp4";"2197446";"2,10 Mo";"Référencé par 1 fichier(s) source.";"scripts/gallery-vr.js";"reference";"";"non";"shared";"partage";"https://media.artdaci.com/shared/artists/johannes-vermeer/supporters/video/animating-vermeer-thanking-patrons-pieter-van-ruijven-maria-de-knuijt.mp4";"13C23DC8B00F400D4A1E12324A74D4565433EF5B450BD8B4241E8F8EAF1465B6"
"gallery-vr.html";"transversal";"infrastructure ou contenu partagé";"neutre-ou-inconnu";"assets/artists/johannes-vermeer/supporters/video/vermeer-thanking-pieter-an-maria-for-support.mp4";"video";"mp4";"11055604";"10,54 Mo";"Référencé par 1 fichier(s) source.";"scripts/gallery-vr.js";"reference";"";"non";"shared";"partage";"https://media.artdaci.com/shared/artists/johannes-vermeer/supporters/video/vermeer-thanking-pieter-an-maria-for-support.mp4";"FED67E669015E707AD7926B7C1823888240E0DE0829AF2227C48E74CA73C51D9"
"gallery-vr.html";"transversal";"infrastructure ou contenu partagé";"neutre-ou-inconnu";"assets/shared/four-painters/introduction.mp4";"video";"mp4";"32093218";"30,61 Mo";"Référencé par 1 fichier(s) source.";"scripts/gallery-vr.js";"reference";"";"non";"shared";"partage";"https://media.artdaci.com/shared/shared/four-painters/introduction.mp4";"7F89797E2717049BA404FF621AEEFCE5FDE71FAC976D59A073ED8070A54116E9"
"gallery-vr.html";"transversal";"infrastructure ou contenu partagé";"neutre-ou-inconnu";"assets/shared/groups/audio-video/dvvm-n-selfy.mp4";"video";"mp4";"2682847";"2,56 Mo";"Référencé par 1 fichier(s) source.";"scripts/gallery-vr.js";"reference";"";"non";"shared";"partage";"https://media.artdaci.com/shared/shared/groups/audio-video/dvvm-n-selfy.mp4";"9EBDF123DB86AF4EFA35C829FFD6363ED320DFE6F6690B56BDA6B5796CC037C8"
"gallery-vr.html";"transversal";"infrastructure ou contenu partagé";"neutre-ou-inconnu";"assets/shared/groups/audio-video/dvvm-selfy.mp4";"video";"mp4";"2825434";"2,69 Mo";"Référencé par 1 fichier(s) source.";"scripts/gallery-vr.js";"reference";"";"non";"shared";"partage";"https://media.artdaci.com/shared/shared/groups/audio-video/dvvm-selfy.mp4";"EC9E876D87436264423823508B33AA58608BCA3AF726120D12A9740A44A2AE0D"
"ar.html | book-3d.html | gallery-vr.html | index-ar.html | index-fr.html | index.html | print-ar.html | space.html | vr.html";"Johannes Vermeer";"La Jeune Fille à la perle";"fr";"assets/artists/johannes-vermeer/artworks/girl-with-a-pearl-earring/media/vermeer-girl-with-a-pearl-earring-1m54-fr.m4a";"audio";"m4a";"3678339";"3,51 Mo";"Référencé par 2 fichier(s) source.";"content/paintings/vermeer-girl-with-a-pearl-earring.json | scripts/print-ar.js";"reference";"";"non";"ve01";"oeuvre";"https://media.artdaci.com/artworks/ve01/audio/fr/vermeer-girl-with-a-pearl-earring-1m54-fr.m4a";"FCD0B0519715B31FCF527F236B8759AE291447DCC6E2CE90138DCF37EEC22CB2"
"ar.html | book-3d.html | gallery-vr.html | index-ar.html | index-fr.html | index.html | print-ar.html | print-vermeer-girl-with-a-pearl-earring.html | space.html | vr.html";"Johannes Vermeer";"La Jeune Fille à la perle";"en";"assets/artists/johannes-vermeer/artworks/girl-with-a-pearl-earring/media/vermeer-girl-with-a-pearl-earring-en.mp3";"audio";"mp3";"23462901";"22,38 Mo";"Référencé par 3 fichier(s) source.";"content/paintings/vermeer-girl-with-a-pearl-earring.json | index.html | print-vermeer-girl-with-a-pearl-earring.html";"reference";"";"non";"ve01";"oeuvre";"https://media.artdaci.com/artworks/ve01/audio/en/vermeer-girl-with-a-pearl-earring-en.mp3";"ABE69F886F00E1A64B679982A9285190724961C23C9BF05BD1A49CB7B464A8C8"
"index-fr.html | print-vermeer-girl-with-a-pearl-earring-fr.html";"Johannes Vermeer";"La Jeune Fille à la perle";"fr";"assets/artists/johannes-vermeer/artworks/girl-with-a-pearl-earring/media/vermeer-girl-with-a-pearl-earring-fr.mp3";"audio";"mp3";"28015333";"26,72 Mo";"Référencé par 2 fichier(s) source.";"index-fr.html | print-vermeer-girl-with-a-pearl-earring-fr.html";"reference";"";"non";"ve01";"oeuvre";"https://media.artdaci.com/artworks/ve01/audio/fr/vermeer-girl-with-a-pearl-earring-fr.mp3";"AEAF02906110BA521775425BD3233E360B7C7988A8CD41B8821BFAF58F882EE9"
"ar.html | book-3d.html | gallery-vr.html | index-ar.html | index-fr.html | index.html | print-ar.html | space.html | vr.html";"Johannes Vermeer";"La Jeune Fille à la perle";"neutre-ou-inconnu";"assets/targets/vermeer_Girl-with-a-Pearl-Earring.mind";"cible-ar";"mind";"212425";"207,45 Ko";"Référencé par 1 fichier(s) source.";"content/paintings/vermeer-girl-with-a-pearl-earring.json";"reference";"";"non";"ve01";"oeuvre";"https://media.artdaci.com/artworks/ve01/ar/vermeer_Girl-with-a-Pearl-Earring.mind";"6A6223B022F185C02CC31658F876D44B5AD0A70522D24B93B2EA7E675CCE560F"
"book-3d.html";"Johannes Vermeer";"La Jeune Fille à la perle";"neutre-ou-inconnu";"assets/artists/johannes-vermeer/artworks/girl-with-a-pearl-earring/images/girl-with-a-pearl-earring-standing.jpg";"image";"jpg";"90332";"88,21 Ko";"Référencé par 1 fichier(s) source.";"scripts/book-3d.js";"reference";"";"non";"ve01";"oeuvre";"https://media.artdaci.com/artworks/ve01/images/girl-with-a-pearl-earring-standing.jpg";"A064A43EA4B40C967C0F6388AB6245376B5FCCB7729C4E830CE18CF8BAE00D52"
"gallery-vr.html";"Johannes Vermeer";"La Jeune Fille à la perle";"neutre-ou-inconnu";"assets/artists/johannes-vermeer/artworks/girl-with-a-pearl-earring/images/vermee-girl-earring-t.png";"image";"png";"622065";"607,49 Ko";"Référencé par 1 fichier(s) source.";"scripts/gallery-vr.js";"reference";"";"non";"ve01";"oeuvre";"https://media.artdaci.com/artworks/ve01/images/vermee-girl-earring-t.png";"81A5EF12DB0B052B9AF5F4EAB80C33E495138B301ACE3E314B6D943453ECDAD2"
"book-3d.html | gallery-vr.html";"Johannes Vermeer";"La Jeune Fille à la perle";"neutre-ou-inconnu";"assets/artists/johannes-vermeer/artworks/girl-with-a-pearl-earring/images/vermeer-girl-with-a-pearl-earring-room.png";"image";"png";"8109987";"7,73 Mo";"Référencé par 2 fichier(s) source.";"scripts/book-3d.js | scripts/gallery-vr.js";"reference";"";"non";"ve01";"oeuvre";"https://media.artdaci.com/artworks/ve01/images/vermeer-girl-with-a-pearl-earring-room.png";"4D517103ADC96CA245F8DD8D4F5AAFB7D00CF9E6C20A75B3B4506C8A5618FCF5"
"book-3d.html | gallery-vr.html";"Johannes Vermeer";"La Jeune Fille à la perle";"neutre-ou-inconnu";"assets/artists/johannes-vermeer/artworks/girl-with-a-pearl-earring/images/vermeer-girl-with-a-pearl-earring-sitting.png";"image";"png";"1027674";"1 003,59 Ko";"Référencé par 2 fichier(s) source.";"scripts/book-3d.js | scripts/gallery-vr.js";"doublon-binaire";"D003";"non";"ve01";"oeuvre";"https://media.artdaci.com/artworks/ve01/images/vermeer-girl-with-a-pearl-earring-sitting.png";"46CF037867FAD178F7B5FA756BD269CF9E20C3BC5030D35139B2B2F7D4F7587E"
"ar.html | book-3d.html | compile-target.html | gallery-vr.html | index-ar.html | index-fr.html | index.html | print-ar.html | print-vermeer-girl-with-a-pearl-earring-fr.html | print-vermeer-girl-with-a-pearl-earring.html | space.html | vr.html";"Johannes Vermeer";"La Jeune Fille à la perle";"neutre-ou-inconnu";"assets/artists/johannes-vermeer/artworks/girl-with-a-pearl-earring/images/vermeer-girl-with-a-pearl-earring.jpg";"image";"jpg";"33883";"33,09 Ko";"Référencé par 5 fichier(s) source.";"compile-target.html | content/paintings/vermeer-girl-with-a-pearl-earring.json | print-vermeer-girl-with-a-pearl-earring-fr.html | print-vermeer-girl-with-a-pearl-earring.html | scripts/print-ar.js";"reference";"";"non";"ve01";"oeuvre";"https://media.artdaci.com/artworks/ve01/images/vermeer-girl-with-a-pearl-earring.jpg";"C3DD393B2FF8282B44E8EFA909E26141C84AC8FDE2C8B99F8D07F11015F86A6A"
"gallery-vr.html";"Johannes Vermeer";"La Jeune Fille à la perle";"neutre-ou-inconnu";"assets/artists/johannes-vermeer/collection/girl-with-a-pearl-earring-vermeer.webp";"image";"webp";"199702";"195,02 Ko";"Référencé par 1 fichier(s) source.";"scripts/gallery-vr.js";"reference";"";"non";"ve01";"oeuvre";"https://media.artdaci.com/artworks/ve01/images/girl-with-a-pearl-earring-vermeer.webp";"04CC225B24165FDB7B1B012D1858632D667255755906542BCFA8F5333E50AB50"
"";"Johannes Vermeer";"La Jeune Fille à la perle";"neutre-ou-inconnu";"assets/artists/paintings_images/vermeer/vermeer_girl-pearl-earring.png";"image";"png";"2313757";"2,21 Mo";"Aucune référence textuelle détectée; vérifier les chargements dynamiques et usages éditoriaux.";"";"inutilise-probable";"";"non";"ve01";"oeuvre";"https://media.artdaci.com/artworks/ve01/images/vermeer_girl-pearl-earring.png";"EE537EAE375CA65FD104C9A38EE3AC09C66019C1D7F800675CE2E0128D57AC20"
"print-vermeer-girl-with-a-pearl-earring.html";"Johannes Vermeer";"La Jeune Fille à la perle";"ar";"assets/qr/vermeer-girl-pearl-ar-en.png";"image";"png";"1293";"1,26 Ko";"Référencé par 1 fichier(s) source.";"print-vermeer-girl-with-a-pearl-earring.html";"reference";"";"non";"ve01";"oeuvre";"https://media.artdaci.com/artworks/ve01/images/vermeer-girl-pearl-ar-en.png";"78E00B9A5A85251F1CE004974830A760EB51BDCB5E9E1A04EDE336F6DF4BBA39"
"print-vermeer-girl-with-a-pearl-earring-fr.html";"Johannes Vermeer";"La Jeune Fille à la perle";"ar";"assets/qr/vermeer-girl-pearl-ar-fr.png";"image";"png";"1261";"1,23 Ko";"Référencé par 1 fichier(s) source.";"print-vermeer-girl-with-a-pearl-earring-fr.html";"reference";"";"non";"ve01";"oeuvre";"https://media.artdaci.com/artworks/ve01/images/vermeer-girl-pearl-ar-fr.png";"8A263BA4D3723E5770D314B3E5E6CB9A43DBF631233FCEDD50F6BC10A39E3BE7"
"print-vermeer-girl-with-a-pearl-earring.html";"Johannes Vermeer";"La Jeune Fille à la perle";"en";"assets/qr/vermeer-girl-pearl-audio-en.png";"image";"png";"1660";"1,62 Ko";"Référencé par 1 fichier(s) source.";"print-vermeer-girl-with-a-pearl-earring.html";"reference";"";"non";"ve01";"oeuvre";"https://media.artdaci.com/artworks/ve01/images/vermeer-girl-pearl-audio-en.png";"D7F47AED600DE19476425813749F6F5631C4562E1C0829B88CF4208F43C799D1"
"print-vermeer-girl-with-a-pearl-earring-fr.html";"Johannes Vermeer";"La Jeune Fille à la perle";"fr";"assets/qr/vermeer-girl-pearl-audio-fr.png";"image";"png";"1651";"1,61 Ko";"Référencé par 1 fichier(s) source.";"print-vermeer-girl-with-a-pearl-earring-fr.html";"reference";"";"non";"ve01";"oeuvre";"https://media.artdaci.com/artworks/ve01/images/vermeer-girl-pearl-audio-fr.png";"03A9F4F9F79A914F10168FE061D2F2D695D889CDB5B8B9472B56B3EDA77A0EF7"
"print-vermeer-girl-with-a-pearl-earring.html";"Johannes Vermeer";"La Jeune Fille à la perle";"en";"assets/qr/vermeer-girl-pearl-space-en.png";"image";"png";"1289";"1,26 Ko";"Référencé par 1 fichier(s) source.";"print-vermeer-girl-with-a-pearl-earring.html";"reference";"";"non";"ve01";"oeuvre";"https://media.artdaci.com/artworks/ve01/images/vermeer-girl-pearl-space-en.png";"8EDD783972E79EC06B7C7F5195BD8F9589B12E110CA3F12D12E30BC15024BDA0"
"print-vermeer-girl-with-a-pearl-earring-fr.html";"Johannes Vermeer";"La Jeune Fille à la perle";"fr";"assets/qr/vermeer-girl-pearl-space-fr.png";"image";"png";"1297";"1,27 Ko";"Référencé par 1 fichier(s) source.";"print-vermeer-girl-with-a-pearl-earring-fr.html";"reference";"";"non";"ve01";"oeuvre";"https://media.artdaci.com/artworks/ve01/images/vermeer-girl-pearl-space-fr.png";"EE28F726C5D5B5D2BE3DB8F2CF6915ED16A0097A6B572479A691918004AF8948"
"gallery-vr.html";"Johannes Vermeer";"La Jeune Fille à la perle";"neutre-ou-inconnu";"assets/shared/reimagined-gallery/vermeer_Girl-with-a-Pearl-Earring_sitting.png";"image";"png";"1027674";"1 003,59 Ko";"Référencé par 1 fichier(s) source.";"scripts/gallery-vr.js";"doublon-binaire";"D003";"non";"ve01";"oeuvre";"https://media.artdaci.com/artworks/ve01/images/vermeer_Girl-with-a-Pearl-Earring_sitting.png";"46CF037867FAD178F7B5FA756BD269CF9E20C3BC5030D35139B2B2F7D4F7587E"
"ar.html | book-3d.html | gallery-vr.html | index-ar.html | index-fr.html | index.html | print-ar.html | space.html | vr.html";"Johannes Vermeer";"La Jeune Fille à la perle";"neutre-ou-inconnu";"assets/artists/johannes-vermeer/artworks/girl-with-a-pearl-earring/models/vermeer-girl-with-a-pearl-earring-sitting-c.glb";"modele-3d";"glb";"8916276";"8,50 Mo";"Référencé par 2 fichier(s) source.";"content/paintings/vermeer-girl-with-a-pearl-earring.json | scripts/gallery-vr.js";"reference";"";"non";"ve01";"oeuvre";"https://media.artdaci.com/artworks/ve01/models/vermeer-girl-with-a-pearl-earring-sitting-c.glb";"E3171F1557F83D5AE940D5D6A5BF11786F40FD30ACB19BDFDA3E9C1B4B1B0CF9"
"ar.html | book-3d.html | gallery-vr.html | index-ar.html | index-fr.html | index.html | print-ar.html | space.html | vr.html";"Johannes Vermeer";"La Jeune Fille à la perle";"neutre-ou-inconnu";"assets/artists/johannes-vermeer/artworks/girl-with-a-pearl-earring/models/vermeer-girl-with-a-pearl-earring.glb";"modele-3d";"glb";"2320252";"2,21 Mo";"Référencé par 1 fichier(s) source.";"content/paintings/vermeer-girl-with-a-pearl-earring.json";"reference";"";"non";"ve01";"oeuvre";"https://media.artdaci.com/artworks/ve01/models/vermeer-girl-with-a-pearl-earring.glb";"A8A1553DE82644A8A21CFB19A2DD2F9E04F6316D216FDBE6C346C4C3710AF878"
"ar.html | book-3d.html | gallery-vr.html | index-ar.html | index-fr.html | index.html | print-ar.html | space.html | vr.html";"Johannes Vermeer";"La Jeune Fille à la perle";"neutre-ou-inconnu";"assets/animations/artdaci-girl-pearl-earring_animation.mp4";"video";"mp4";"2278927";"2,17 Mo";"Référencé par 1 fichier(s) source.";"content/paintings/vermeer-girl-with-a-pearl-earring.json";"reference";"";"non";"ve01";"oeuvre";"https://media.artdaci.com/artworks/ve01/videos/artdaci-girl-pearl-earring_animation.mp4";"361CF305F0119CE688F6CD6D10C8E6C4AF89AD5A414957621FDF545BCB2457E2"
"";"Johannes Vermeer";"transversal Vermeer/Mauritshuis";"neutre-ou-inconnu";"assets/targets/Mauritshuis_museum.mind";"cible-ar";"mind";"810234";"791,24 Ko";"Référencé par 1 fichier(s) source.";"content/museums/mauritshuis.json";"reference";"";"non";"ve01-ve06";"transversal-artiste";"https://media.artdaci.com/shared/targets/Mauritshuis_museum.mind";"4A2A815CB658450AE4506926C3326E4044A8A71BB12B2C0F060B79F6E3C606D0"
"gallery-vr.html";"Johannes Vermeer";"transversal Vermeer/Mauritshuis";"ar";"assets/artists/paintings_images/vermeer/6_masterpices/vermeer_6_masterpieces_ar.png";"image";"png";"2341364";"2,23 Mo";"Référencé par 1 fichier(s) source.";"scripts/gallery-vr.js";"reference";"";"non";"ve01-ve06";"transversal-artiste";"https://media.artdaci.com/shared/artists/paintings_images/vermeer/6_masterpices/vermeer_6_masterpieces_ar.png";"A2C4D27A65B9ABB3A8934C99E688BCA45CFEABE7262ED4E0EA198164E59348ED"
"gallery-vr.html";"Johannes Vermeer";"transversal Vermeer/Mauritshuis";"en";"assets/artists/paintings_images/vermeer/6_masterpices/vermeer_6_masterpieces_en.png";"image";"png";"2500328";"2,38 Mo";"Référencé par 1 fichier(s) source.";"scripts/gallery-vr.js";"reference";"";"non";"ve01-ve06";"transversal-artiste";"https://media.artdaci.com/shared/artists/paintings_images/vermeer/6_masterpices/vermeer_6_masterpieces_en.png";"A0072F12FD533E320C1545B294DE26E4F59EFB2B0BCEE250942BDA3D09934B6A"
"gallery-vr.html";"Johannes Vermeer";"transversal Vermeer/Mauritshuis";"fr";"assets/artists/paintings_images/vermeer/6_masterpices/vermeer_6_masterpieces_fr.png";"image";"png";"2491502";"2,38 Mo";"Référencé par 1 fichier(s) source.";"scripts/gallery-vr.js";"reference";"";"non";"ve01-ve06";"transversal-artiste";"https://media.artdaci.com/shared/artists/paintings_images/vermeer/6_masterpices/vermeer_6_masterpieces_fr.png";"4D480D56DC2A39D67E3C6DFA989F8AB8A553CFC05B88BBF31951B3CF149A65B0"
"";"Johannes Vermeer";"transversal Vermeer/Mauritshuis";"neutre-ou-inconnu";"assets/artists/paintings_images/vermeer/vermeer_6_paintings.png";"image";"png";"2120838";"2,02 Mo";"Aucune référence textuelle détectée; vérifier les chargements dynamiques et usages éditoriaux.";"";"inutilise-probable";"";"non";"ve01-ve06";"transversal-artiste";"https://media.artdaci.com/shared/artists/paintings_images/vermeer/vermeer_6_paintings.png";"14B6F1ED408B158F720BA52BA8E4F20837F64D8C8D79F415FD6BAAEE028F0E98"
"";"Johannes Vermeer";"transversal Vermeer/Mauritshuis";"ar";"assets/environments/gallery/images/Mauritshuis/Mauritshuis_building_plan/Mauritshuis_building_plan_ar.png";"image";"png";"2665799";"2,54 Mo";"Aucune référence textuelle détectée; vérifier les chargements dynamiques et usages éditoriaux.";"";"inutilise-probable";"";"non";"ve01-ve06";"transversal-artiste";"https://media.artdaci.com/shared/environments/gallery/images/Mauritshuis/Mauritshuis_building_plan/Mauritshuis_building_plan_ar.png";"25CD5C83B8CDF8CF4A7DFBE1B657E1B9DFEC548305136341EAF98A2611BB1BC1"
"";"Johannes Vermeer";"transversal Vermeer/Mauritshuis";"en";"assets/environments/gallery/images/Mauritshuis/Mauritshuis_building_plan/Mauritshuis_building_plan_en.png";"image";"png";"2471760";"2,36 Mo";"Aucune référence textuelle détectée; vérifier les chargements dynamiques et usages éditoriaux.";"";"inutilise-probable";"";"non";"ve01-ve06";"transversal-artiste";"https://media.artdaci.com/shared/environments/gallery/images/Mauritshuis/Mauritshuis_building_plan/Mauritshuis_building_plan_en.png";"250FAE20D00656DD7A126F1BC60C76E5169AF772B43DC5949F9BFE799FB488D9"
"";"Johannes Vermeer";"transversal Vermeer/Mauritshuis";"fr";"assets/environments/gallery/images/Mauritshuis/Mauritshuis_building_plan/Mauritshuis_building_plan_fr.png";"image";"png";"2329838";"2,22 Mo";"Aucune référence textuelle détectée; vérifier les chargements dynamiques et usages éditoriaux.";"";"inutilise-probable";"";"non";"ve01-ve06";"transversal-artiste";"https://media.artdaci.com/shared/environments/gallery/images/Mauritshuis/Mauritshuis_building_plan/Mauritshuis_building_plan_fr.png";"78AC9EC643A82F59B0AD798877699E1C419ACFF2054E735833962E9DB7176C61"
"gallery-vr.html";"Johannes Vermeer";"transversal Vermeer/Mauritshuis";"neutre-ou-inconnu";"assets/environments/gallery/images/Mauritshuis/Mauritshuis_building_plan/Mauritshuis_façade.png";"image";"png";"2568508";"2,45 Mo";"Référencé par 1 fichier(s) source.";"scripts/gallery-vr.js";"reference";"";"non";"ve01-ve06";"transversal-artiste";"https://media.artdaci.com/shared/environments/gallery/images/Mauritshuis/Mauritshuis_building_plan/Mauritshuis_façade.png";"BA45E1959235AD49CC93387CAAB94D2F4DBBFDE4327FCD12B63EF5AED07DF434"
"";"Johannes Vermeer";"transversal Vermeer/Mauritshuis";"neutre-ou-inconnu";"assets/environments/gallery/images/Mauritshuis/Mauritshuis_building_plan/Mauritshuis_museum_legende.png";"image";"png";"2648138";"2,53 Mo";"Aucune référence textuelle détectée; vérifier les chargements dynamiques et usages éditoriaux.";"";"inutilise-probable";"";"non";"ve01-ve06";"transversal-artiste";"https://media.artdaci.com/shared/environments/gallery/images/Mauritshuis/Mauritshuis_building_plan/Mauritshuis_museum_legende.png";"DB9E4EBB093AD8970A76A633627A857ED2D27B0A445F77803659D93DAAF9FF56"
"";"Johannes Vermeer";"transversal Vermeer/Mauritshuis";"neutre-ou-inconnu";"assets/environments/gallery/images/Mauritshuis/Mauritshuis_building_plan/Mauritshuis_museum.png";"image";"png";"3002758";"2,86 Mo";"Référencé par 1 fichier(s) source.";"content/museums/mauritshuis.json";"reference";"";"non";"ve01-ve06";"transversal-artiste";"https://media.artdaci.com/shared/environments/gallery/images/Mauritshuis/Mauritshuis_building_plan/Mauritshuis_museum.png";"F560D6DC0C8A4EF7079CF917C2E2D1D31F82B99B2D0FD0B91B77DB2489EBFFAC"
"";"Johannes Vermeer";"transversal Vermeer/Mauritshuis";"ar";"assets/environments/gallery/images/Mauritshuis/Mauritshuis_timeline/Mauritshuis_timeline_ar.png";"image";"png";"2589280";"2,47 Mo";"Aucune référence textuelle détectée; vérifier les chargements dynamiques et usages éditoriaux.";"";"inutilise-probable";"";"non";"ve01-ve06";"transversal-artiste";"https://media.artdaci.com/shared/environments/gallery/images/Mauritshuis/Mauritshuis_timeline/Mauritshuis_timeline_ar.png";"69E446BEA53776107EA029BF10A2826BDA1480E5855275E6AFA0A4F8DC4F0C62"
"";"Johannes Vermeer";"transversal Vermeer/Mauritshuis";"en";"assets/environments/gallery/images/Mauritshuis/Mauritshuis_timeline/Mauritshuis_timeline_en.png";"image";"png";"2677621";"2,55 Mo";"Aucune référence textuelle détectée; vérifier les chargements dynamiques et usages éditoriaux.";"";"inutilise-probable";"";"non";"ve01-ve06";"transversal-artiste";"https://media.artdaci.com/shared/environments/gallery/images/Mauritshuis/Mauritshuis_timeline/Mauritshuis_timeline_en.png";"9FF2D8EE84D0CE533912FB89229E37F8ABB52905805A38BB8FBBF787B38131D7"
"";"Johannes Vermeer";"transversal Vermeer/Mauritshuis";"fr";"assets/environments/gallery/images/Mauritshuis/Mauritshuis_timeline/Mauritshuis_timeline_fr.png";"image";"png";"2475801";"2,36 Mo";"Aucune référence textuelle détectée; vérifier les chargements dynamiques et usages éditoriaux.";"";"inutilise-probable";"";"non";"ve01-ve06";"transversal-artiste";"https://media.artdaci.com/shared/environments/gallery/images/Mauritshuis/Mauritshuis_timeline/Mauritshuis_timeline_fr.png";"9910549E29609380989EDF151DF48A080047056023DEBADBFBC6CCC6C49883DD"
"gallery-vr.html";"Johannes Vermeer";"transversal Vermeer/Mauritshuis";"neutre-ou-inconnu";"assets/environments/gallery/models/museums/Mauritshuis_museum_c3.glb";"modele-3d";"glb";"7269288";"6,93 Mo";"Référencé par 2 fichier(s) source.";"content/museums/mauritshuis.json | scripts/gallery-vr.js";"reference";"";"non";"ve01-ve06";"transversal-artiste";"https://media.artdaci.com/shared/environments/gallery/models/museums/Mauritshuis_museum_c3.glb";"C43B384280795C616537C270C16CC26BFCB61370C0233FBEEFD49B5802656C28"
"ar.html | book-3d.html | gallery-vr.html | index-ar.html | index-fr.html | index.html | print-ar.html | space.html | vr.html";"Johannes Vermeer";"Vue de Delft";"neutre-ou-inconnu";"assets/artists/johannes-vermeer/collection/view-of-delft-vermeer.webp";"image";"webp";"278284";"271,76 Ko";"Référencé par 3 fichier(s) source.";"content/paintings/view-of-delft.json | scripts/book-3d.js | scripts/gallery-vr.js";"reference";"";"non";"ve02";"oeuvre";"https://media.artdaci.com/artworks/ve02/images/view-of-delft-vermeer.webp";"28CC2B57DDFCEA613F1A203822C36557E47E92D06B98792B86A7A64483D4D1C5"
"";"Johannes Vermeer";"Vue de Delft";"neutre-ou-inconnu";"assets/artists/paintings_images/vermeer/vermeer_view-delft.png";"image";"png";"2363769";"2,25 Mo";"Aucune référence textuelle détectée; vérifier les chargements dynamiques et usages éditoriaux.";"";"inutilise-probable";"";"non";"ve02";"oeuvre";"https://media.artdaci.com/artworks/ve02/images/vermeer_view-delft.png";"68FD41F8FFFBFFFC674FD8698EADCB0BE04F4F0FFC8C8A3919E99C803DE9037F"
"gallery-vr.html";"Johannes Vermeer";"La Laitière";"neutre-ou-inconnu";"assets/artists/johannes-vermeer/collection/the-milkmaid-vermeer.webp";"image";"webp";"292726";"285,87 Ko";"Référencé par 1 fichier(s) source.";"scripts/gallery-vr.js";"reference";"";"non";"ve03";"oeuvre";"https://media.artdaci.com/artworks/ve03/images/the-milkmaid-vermeer.webp";"56070C9D0C25242A1082FA3DB4EA968969E5681756F38F9100DF9F52E39309F1"
"ar.html | book-3d.html | gallery-vr.html | index-ar.html | index-fr.html | index.html | print-ar.html | space.html | vr.html";"Johannes Vermeer";"La Laitière";"neutre-ou-inconnu";"assets/artists/paintings_images/vermeer/vermeer_milkmaid.png";"image";"png";"2552081";"2,43 Mo";"Référencé par 1 fichier(s) source.";"content/paintings/additional-16.json";"reference";"";"non";"ve03";"oeuvre";"https://media.artdaci.com/artworks/ve03/images/vermeer_milkmaid.png";"EDEA0A60AA46882949E381CA97F45D01B0C1C10E966E87E6884C27A36ABD86C9"
"gallery-vr.html";"Johannes Vermeer";"La Laitière";"neutre-ou-inconnu";"assets/artists/johannes-vermeer/profile/models/milkmaid-vermeer-c100.glb";"modele-3d";"glb";"4720584";"4,50 Mo";"Référencé par 1 fichier(s) source.";"scripts/gallery-vr.js";"reference";"";"non";"ve03";"oeuvre";"https://media.artdaci.com/artworks/ve03/models/milkmaid-vermeer-c100.glb";"14F258BCA9A174E5B7FC2B24B59728D414559A0432F354D85D034181EF83F0AB"
"gallery-vr.html";"Johannes Vermeer";"L’Art de la peinture";"neutre-ou-inconnu";"assets/artists/johannes-vermeer/collection/the-art-of-painting-vermeer.webp";"image";"webp";"235316";"229,80 Ko";"Référencé par 1 fichier(s) source.";"scripts/gallery-vr.js";"reference";"";"non";"ve04";"oeuvre";"https://media.artdaci.com/artworks/ve04/images/the-art-of-painting-vermeer.webp";"2942B0117AEDBD5E37014CFAC323B21D26CBA4F8CCE913FE77C5BE2A964C7F49"
"ar.html | book-3d.html | gallery-vr.html | index-ar.html | index-fr.html | index.html | print-ar.html | space.html | vr.html";"Johannes Vermeer";"L’Art de la peinture";"neutre-ou-inconnu";"assets/artists/paintings_images/vermeer/vermeer_art-painting.png";"image";"png";"2439921";"2,33 Mo";"Référencé par 1 fichier(s) source.";"content/paintings/additional-16.json";"reference";"";"non";"ve04";"oeuvre";"https://media.artdaci.com/artworks/ve04/images/vermeer_art-painting.png";"98380207289366A8569255C1105E7578C54E498C5680701EFF7D037E50C56F8C"
"gallery-vr.html";"Johannes Vermeer";"L’Astronome";"neutre-ou-inconnu";"assets/artists/johannes-vermeer/collection/the-astronomer-vermeer.webp";"image";"webp";"165752";"161,87 Ko";"Référencé par 1 fichier(s) source.";"scripts/gallery-vr.js";"reference";"";"non";"ve05";"oeuvre";"https://media.artdaci.com/artworks/ve05/images/the-astronomer-vermeer.webp";"2264A8812176B026456D438106FF0E96ADB5443C91FA6D4E0CF050322C041EF1"
"ar.html | book-3d.html | gallery-vr.html | index-ar.html | index-fr.html | index.html | print-ar.html | space.html | vr.html";"Johannes Vermeer";"L’Astronome";"neutre-ou-inconnu";"assets/artists/paintings_images/vermeer/vermeer_astronomer.png";"image";"png";"2329486";"2,22 Mo";"Référencé par 1 fichier(s) source.";"content/paintings/additional-16.json";"reference";"";"non";"ve05";"oeuvre";"https://media.artdaci.com/artworks/ve05/images/vermeer_astronomer.png";"A0366EB5DCBC00B90E6B6A640BCEDC4E5612F97FE5CFF0018A5B8FD071A23765"
"gallery-vr.html";"Johannes Vermeer";"L’Astronome";"neutre-ou-inconnu";"assets/artists/johannes-vermeer/profile/models/the-astronomer-vermeer-c2.glb";"modele-3d";"glb";"3621760";"3,45 Mo";"Référencé par 1 fichier(s) source.";"scripts/gallery-vr.js";"reference";"";"non";"ve05";"oeuvre";"https://media.artdaci.com/artworks/ve05/models/the-astronomer-vermeer-c2.glb";"B95881A68A703441F80171DB69430CA54F5A7EDDAB3D930596E981CE2B91BE66"
"ar.html | book-3d.html | gallery-vr.html | index-ar.html | index-fr.html | index.html | print-ar.html | space.html | vr.html";"Johannes Vermeer";"La Femme à la balance";"neutre-ou-inconnu";"assets/artists/paintings_images/vermeer/vermeer_woman-holding-balance.png";"image";"png";"2377280";"2,27 Mo";"Référencé par 1 fichier(s) source.";"content/paintings/additional-16.json";"reference";"";"non";"ve06";"oeuvre";"https://media.artdaci.com/artworks/ve06/images/vermeer_woman-holding-balance.png";"21659D218030D4AEA88355384D0C97289DC78C989C07426471BEC4EF5EC80F17"
"ar.html | book-3d.html | gallery-vr.html | index-ar.html | index-fr.html | index.html | print-ar.html | space.html | vr.html";"Vincent van Gogh";"Autoportrait";"en";"assets/artists/vincent-van-gogh/artworks/self-portrait/media/van-gogh-self-portrait-en-c.m4a";"audio";"m4a";"3614094";"3,45 Mo";"Référencé par 1 fichier(s) source.";"content/paintings/van-gogh.json";"reference";"";"non";"vg01";"oeuvre";"https://media.artdaci.com/artworks/vg01/audio/en/van-gogh-self-portrait-en-c.m4a";"6F0CC0B7A9A4B5108C12AF80664D94D20364990A34403AC24C268F83B324EFA4"
"ar.html | book-3d.html | gallery-vr.html | index-ar.html | index-fr.html | index.html | print-ar.html | print-van-gogh.html | space.html | vr.html";"Vincent van Gogh";"Autoportrait";"en";"assets/artists/vincent-van-gogh/artworks/self-portrait/media/van-gogh-self-portrait-en.mp3";"audio";"mp3";"24665215";"23,52 Mo";"Référencé par 3 fichier(s) source.";"content/paintings/van-gogh.json | index.html | print-van-gogh.html";"reference";"";"non";"vg01";"oeuvre";"https://media.artdaci.com/artworks/vg01/audio/en/van-gogh-self-portrait-en.mp3";"4491E7002CEA90DCEFED48AFB225C59BDD63AC55EE480ABDBE2A06BC59B9A707"
"ar.html | book-3d.html | gallery-vr.html | index-ar.html | index-fr.html | index.html | print-ar.html | space.html | vr.html";"Vincent van Gogh";"Autoportrait";"fr";"assets/artists/vincent-van-gogh/artworks/self-portrait/media/van-gogh-self-portrait-fr-c.m4a";"audio";"m4a";"3401072";"3,24 Mo";"Référencé par 1 fichier(s) source.";"content/paintings/van-gogh.json";"reference";"";"non";"vg01";"oeuvre";"https://media.artdaci.com/artworks/vg01/audio/fr/van-gogh-self-portrait-fr-c.m4a";"D57974ED68376F5E0989DFCF7DD155AEA1C12339B5B19234686D3A49527A16F6"
"ar.html | book-3d.html | gallery-vr.html | index-ar.html | index-fr.html | index.html | print-ar.html | print-van-gogh-fr.html | space.html | vr.html";"Vincent van Gogh";"Autoportrait";"fr";"assets/artists/vincent-van-gogh/artworks/self-portrait/media/van-gogh-self-portrait-fr.mp3";"audio";"mp3";"20197113";"19,26 Mo";"Référencé par 4 fichier(s) source.";"content/paintings/van-gogh.json | index-fr.html | print-van-gogh-fr.html | scripts/print-ar.js";"reference";"";"non";"vg01";"oeuvre";"https://media.artdaci.com/artworks/vg01/audio/fr/van-gogh-self-portrait-fr.mp3";"10BAEA3D68E382B7F78738C0E23BEB70E86AF9396733AD88CBA9307F41C53921"
"";"Vincent van Gogh";"Autoportrait";"neutre-ou-inconnu";"assets/artists/paintings_images/vangogh/vangogh_self-portrait.png";"image";"png";"3116915";"2,97 Mo";"Aucune référence textuelle détectée; vérifier les chargements dynamiques et usages éditoriaux.";"";"inutilise-probable";"";"non";"vg01";"oeuvre";"https://media.artdaci.com/artworks/vg01/images/vangogh_self-portrait.png";"7B5D7D9E4E730AAA7860DA3860DF5DF68C8E184F310312FE0BC2C3B2376F29E1"
"book-3d.html | gallery-vr.html | print-van-gogh-fr.html | print-van-gogh.html";"Vincent van Gogh";"Autoportrait";"neutre-ou-inconnu";"assets/artists/vincent-van-gogh/artworks/self-portrait/images/van-gogh-out-of-frame.png";"image";"png";"1935587";"1,85 Mo";"Référencé par 4 fichier(s) source.";"print-van-gogh-fr.html | print-van-gogh.html | scripts/book-3d.js | scripts/gallery-vr.js";"reference";"";"non";"vg01";"oeuvre";"https://media.artdaci.com/artworks/vg01/images/van-gogh-out-of-frame.png";"FEAFF76D9559AEBD51712F8DC961B0B7B81F9C6B5812AF96FABE92B73D161DDE"
"gallery-vr.html";"Vincent van Gogh";"Autoportrait";"neutre-ou-inconnu";"assets/artists/vincent-van-gogh/artworks/self-portrait/images/van-gogh-portrait-p.png";"image";"png";"799714";"780,97 Ko";"Référencé par 1 fichier(s) source.";"scripts/gallery-vr.js";"reference";"";"non";"vg01";"oeuvre";"https://media.artdaci.com/artworks/vg01/images/van-gogh-portrait-p.png";"E6EBADF74E04D2ECEC945B36D444118F17C58F581C37F4EA51C248D4412DA47F"
"ar.html | book-3d.html | compile-target.html | gallery-vr.html | index-ar.html | index-fr.html | index.html | print-ar.html | print-van-gogh-fr.html | print-van-gogh.html | space.html | vr.html";"Vincent van Gogh";"Autoportrait";"neutre-ou-inconnu";"assets/artists/vincent-van-gogh/artworks/self-portrait/images/van-gogh-portrait.jpg";"image";"jpg";"476867";"465,69 Ko";"Référencé par 7 fichier(s) source.";"compile-target.html | content/paintings/van-gogh.json | print-van-gogh-fr.html | print-van-gogh.html | README.md | scripts/book-3d.js | scripts/print-ar.js";"reference";"";"non";"vg01";"oeuvre";"https://media.artdaci.com/artworks/vg01/images/van-gogh-portrait.jpg";"A4891F2357D7C71E3E26C8BA1C4D1E78D7E99AFA88FB19C577B7D2B557FABCA0"
"gallery-vr.html";"Vincent van Gogh";"Autoportrait";"neutre-ou-inconnu";"assets/artists/vincent-van-gogh/collection/autoportrait-vangogh.webp";"image";"webp";"358580";"350,18 Ko";"Référencé par 1 fichier(s) source.";"scripts/gallery-vr.js";"reference";"";"non";"vg01";"oeuvre";"https://media.artdaci.com/artworks/vg01/images/autoportrait-vangogh.webp";"07BE648AB3F4B0176881F8CAC6F5CCBA4F73868A73486A44AC496958F24B514E"
"ar.html | book-3d.html | gallery-vr.html | index-ar.html | index-fr.html | index.html | print-ar.html | space.html | vr.html";"Vincent van Gogh";"Autoportrait";"neutre-ou-inconnu";"assets/artists/vincent-van-gogh/artworks/self-portrait/models/van-gogh-portrait.glb";"modele-3d";"glb";"25002780";"23,84 Mo";"Référencé par 2 fichier(s) source.";"content/paintings/van-gogh.json | README.md";"reference";"";"non";"vg01";"oeuvre";"https://media.artdaci.com/artworks/vg01/models/van-gogh-portrait.glb";"CE446A89039D4B724974EBC4B9AE729658D30430E1217B472AE4C440C88F2B05"
"ar.html | book-3d.html | gallery-vr.html | index-ar.html | index-fr.html | index.html | print-ar.html | space.html | vr.html";"Vincent van Gogh";"Autoportrait";"neutre-ou-inconnu";"assets/artists/vincent-van-gogh/artworks/self-portrait/models/van-gogh-standing.glb";"modele-3d";"glb";"28263540";"26,95 Mo";"Référencé par 1 fichier(s) source.";"content/paintings/van-gogh.json";"reference";"";"non";"vg01";"oeuvre";"https://media.artdaci.com/artworks/vg01/models/van-gogh-standing.glb";"9E9222B3281E974CBFB2046978E08A659A64F00659DD88703D49EC511EFE6B85"
"gallery-vr.html";"Vincent van Gogh";"Autoportrait";"neutre-ou-inconnu";"assets/artists/vincent-van-gogh/artworks/self-portrait/models/vangogh-istanding.glb";"modele-3d";"glb";"26303316";"25,08 Mo";"Référencé par 1 fichier(s) source.";"scripts/gallery-vr.js";"reference";"";"non";"vg01";"oeuvre";"https://media.artdaci.com/artworks/vg01/models/vangogh-istanding.glb";"2DDC4E7903A02BB9E26DB176921B1BFB2ED2413426451E83F03B50CD3DA7F2FF"
"gallery-vr.html";"Vincent van Gogh";"transversal Van Gogh";"neutre-ou-inconnu";"assets/artists/johannes-vermeer/supporters/music/vincent-van-gogh-theo-impasto-sky.mp3";"audio";"mp3";"744609";"727,16 Ko";"Référencé par 1 fichier(s) source.";"scripts/gallery-vr.js";"reference";"";"non";"vg01-vg06";"transversal-artiste";"https://media.artdaci.com/shared/artists/johannes-vermeer/supporters/music/vincent-van-gogh-theo-impasto-sky.mp3";"A1922D7CD83896E3F2394D891ACB7FA0027C206B6488EF771AF74CBD828769A1"
"gallery-vr.html";"Vincent van Gogh";"transversal Van Gogh";"fr";"assets/artists/vincent-van-gogh/supporters/audio/short_audio/la-femme-qui-a-inventé-van-gogh-short.m4a";"audio";"m4a";"3254652";"3,10 Mo";"Référencé par 2 fichier(s) source.";"content/people/van-gogh-jo.json | scripts/gallery-vr.js";"reference";"";"non";"vg01-vg06";"transversal-artiste";"https://media.artdaci.com/shared/artists/vincent-van-gogh/supporters/audio/short_audio/la-femme-qui-a-inventé-van-gogh-short.m4a";"236FF061E99D6D1DFCBFE1643975DD39C1A6DDA514793720C8B4F3430B092AD5"
"gallery-vr.html";"Vincent van Gogh";"transversal Van Gogh";"en";"assets/artists/vincent-van-gogh/supporters/audio/short_audio/the-woman-who-made-van-gogh-famous-short.m4a";"audio";"m4a";"3384637";"3,23 Mo";"Référencé par 2 fichier(s) source.";"content/people/van-gogh-jo.json | scripts/gallery-vr.js";"reference";"";"non";"vg01-vg06";"transversal-artiste";"https://media.artdaci.com/shared/artists/vincent-van-gogh/supporters/audio/short_audio/the-woman-who-made-van-gogh-famous-short.m4a";"B52E0174254D86DB60E034374FCC92B640A336B6B91FF88C415FBAE3281B71F1"
"gallery-vr.html";"Vincent van Gogh";"transversal Van Gogh";"ar";"assets/artists/vincent-van-gogh/supporters/audio/short_audio/جو-بونغر-المرأة-التي-خلدت-فان-غوخ-short.m4a";"audio";"m4a";"4173742";"3,98 Mo";"Référencé par 2 fichier(s) source.";"content/people/van-gogh-jo.json | scripts/gallery-vr.js";"reference";"";"non";"vg01-vg06";"transversal-artiste";"https://media.artdaci.com/shared/artists/vincent-van-gogh/supporters/audio/short_audio/جو-بونغر-المرأة-التي-خلدت-فان-غوخ-short.m4a";"AB6903AE49BA746B30D965DFD9A595BFFBB6DAE868A3D72CC5355FFAADC36B24"
"gallery-vr.html";"Vincent van Gogh";"transversal Van Gogh";"neutre-ou-inconnu";"assets/artists/vincent-van-gogh/supporters/music/jo-van-gogh-bonger-theo-s-wife-letters-and-lonely-reds.mp3";"audio";"mp3";"744609";"727,16 Ko";"Référencé par 2 fichier(s) source.";"content/people/van-gogh-jo.json | scripts/gallery-vr.js";"reference";"";"non";"vg01-vg06";"transversal-artiste";"https://media.artdaci.com/shared/artists/vincent-van-gogh/supporters/music/jo-van-gogh-bonger-theo-s-wife-letters-and-lonely-reds.mp3";"3CF39E04F4E758A7270FABB241052A50A8B97F60601007479B3FEBD77B22A054"
"gallery-vr.html";"Vincent van Gogh";"transversal Van Gogh";"fr";"assets/artists/vincent-van-gogh/supporters/music/vincent-van-gogh-theo-mon-frère-mon-ancre.mp3";"audio";"mp3";"744608";"727,16 Ko";"Référencé par 1 fichier(s) source.";"scripts/gallery-vr.js";"reference";"";"non";"vg01-vg06";"transversal-artiste";"https://media.artdaci.com/shared/artists/vincent-van-gogh/supporters/music/vincent-van-gogh-theo-mon-frère-mon-ancre.mp3";"599C9091C1D5041DCDCCDB7362CF3871E9AB01E1CF0017EA04E2C438D82E3FAE"
"gallery-vr.html";"Vincent van Gogh";"transversal Van Gogh";"ar";"assets/artists/paintings_images/vangogh/6_masterpieces/vangogh_6_masterpieces_ar.png";"image";"png";"2688838";"2,56 Mo";"Référencé par 1 fichier(s) source.";"scripts/gallery-vr.js";"reference";"";"non";"vg01-vg06";"transversal-artiste";"https://media.artdaci.com/shared/artists/paintings_images/vangogh/6_masterpieces/vangogh_6_masterpieces_ar.png";"E13D5DA2D0B27F780911BBB189610E51D2B3E992B728DA665DDF1603E389CFFA"
"gallery-vr.html";"Vincent van Gogh";"transversal Van Gogh";"en";"assets/artists/paintings_images/vangogh/6_masterpieces/vangogh_6_masterpieces_en.png";"image";"png";"2705561";"2,58 Mo";"Référencé par 1 fichier(s) source.";"scripts/gallery-vr.js";"reference";"";"non";"vg01-vg06";"transversal-artiste";"https://media.artdaci.com/shared/artists/paintings_images/vangogh/6_masterpieces/vangogh_6_masterpieces_en.png";"D981CBD4FDDD849683FD62BF5D718BBD6D10A29788EDE9C6A844CBF6C4506548"
"gallery-vr.html";"Vincent van Gogh";"transversal Van Gogh";"fr";"assets/artists/paintings_images/vangogh/6_masterpieces/vangogh_6_masterpieces_fr.png";"image";"png";"2817383";"2,69 Mo";"Référencé par 1 fichier(s) source.";"scripts/gallery-vr.js";"reference";"";"non";"vg01-vg06";"transversal-artiste";"https://media.artdaci.com/shared/artists/paintings_images/vangogh/6_masterpieces/vangogh_6_masterpieces_fr.png";"07B2C9E5B508F31A817895D74F70D6509F2C091C71A67C45660143B05A3B9837"
"";"Vincent van Gogh";"transversal Van Gogh";"neutre-ou-inconnu";"assets/artists/paintings_images/vangogh/vangogh_6_paintings.png";"image";"png";"2975036";"2,84 Mo";"Aucune référence textuelle détectée; vérifier les chargements dynamiques et usages éditoriaux.";"";"inutilise-probable";"";"non";"vg01-vg06";"transversal-artiste";"https://media.artdaci.com/shared/artists/paintings_images/vangogh/vangogh_6_paintings.png";"D873A5F91FB1A3CC6C8ABC3B6EDFA9658394A078E8B6E489C2CCEAB5DB955555"
"gallery-vr.html";"Vincent van Gogh";"transversal Van Gogh";"neutre-ou-inconnu";"assets/artists/vincent-van-gogh/collection/café-terrasse-at-night-vangogh.webp";"image";"webp";"445264";"434,83 Ko";"Référencé par 1 fichier(s) source.";"scripts/gallery-vr.js";"reference";"";"non";"vg01-vg06";"transversal-artiste";"https://media.artdaci.com/shared/artists/vincent-van-gogh/collection/café-terrasse-at-night-vangogh.webp";"9B95CB889E608DF2EF3A711FE4440AFCD2CF5D8DFB85D878C3FCB6362F8D3C91"
"gallery-vr.html";"Vincent van Gogh";"transversal Van Gogh";"neutre-ou-inconnu";"assets/artists/vincent-van-gogh/profile/portrait.png";"image";"png";"3022221";"2,88 Mo";"Référencé par 1 fichier(s) source.";"scripts/gallery-vr.js";"reference";"";"non";"vg01-vg06";"transversal-artiste";"https://media.artdaci.com/shared/artists/vincent-van-gogh/profile/portrait.png";"8BABA9D20DA9683A9A7A4F5B4843EBCC657A17CF876CE411CC9564B5FCB624DB"
"gallery-vr.html";"Vincent van Gogh";"transversal Van Gogh";"neutre-ou-inconnu";"assets/artists/vincent-van-gogh/supporters/images/vangogh-jo-van-gogh-bonger.png";"image";"png";"2269783";"2,16 Mo";"Référencé par 2 fichier(s) source.";"content/people/van-gogh-jo.json | scripts/gallery-vr.js";"reference";"";"non";"vg01-vg06";"transversal-artiste";"https://media.artdaci.com/shared/artists/vincent-van-gogh/supporters/images/vangogh-jo-van-gogh-bonger.png";"F72EBF28D83FE6037DE6855DE18ED3B77718E34B437355B739BBF27FA9711794"
"book-3d.html | gallery-vr.html | print-van-gogh-fr.html | print-van-gogh.html";"Vincent van Gogh";"transversal Van Gogh";"neutre-ou-inconnu";"assets/artists/vincent-van-gogh/supporters/images/vincent-van-gogh-jo-van-gogh-bonger.png";"image";"png";"2341582";"2,23 Mo";"Référencé par 5 fichier(s) source.";"content/people/van-gogh-jo.json | print-van-gogh-fr.html | print-van-gogh.html | scripts/book-3d.js | scripts/gallery-vr.js";"reference";"";"non";"vg01-vg06";"transversal-artiste";"https://media.artdaci.com/shared/artists/vincent-van-gogh/supporters/images/vincent-van-gogh-jo-van-gogh-bonger.png";"2DDD5872CD73FA65E44AC386A66E509BF358B6B1428C73DD2906F25D78690C47"
"gallery-vr.html";"Vincent van Gogh";"transversal Van Gogh";"ar";"assets/artists/vincent-van-gogh/supporters/timelines/van-gogh-family-legacy-timeline-ar.png";"image";"png";"3231742";"3,08 Mo";"Référencé par 1 fichier(s) source.";"scripts/gallery-vr.js";"reference";"";"non";"vg01-vg06";"transversal-artiste";"https://media.artdaci.com/shared/artists/vincent-van-gogh/supporters/timelines/van-gogh-family-legacy-timeline-ar.png";"158A3EE794639A674C684919F866B5FDD2AC8E258149B2C05798E62E2675FBE9"
"gallery-vr.html";"Vincent van Gogh";"transversal Van Gogh";"en";"assets/artists/vincent-van-gogh/supporters/timelines/van-gogh-family-legacy-timeline-en.png";"image";"png";"2781031";"2,65 Mo";"Référencé par 1 fichier(s) source.";"scripts/gallery-vr.js";"reference";"";"non";"vg01-vg06";"transversal-artiste";"https://media.artdaci.com/shared/artists/vincent-van-gogh/supporters/timelines/van-gogh-family-legacy-timeline-en.png";"7917E1B9C9D4657171D1DCDC5A6EFA44EF1839596BD023445AB0106AA415CFD9"
"gallery-vr.html";"Vincent van Gogh";"transversal Van Gogh";"fr";"assets/artists/vincent-van-gogh/supporters/timelines/van-gogh-family-legacy-timeline-fr.png";"image";"png";"2879368";"2,75 Mo";"Référencé par 1 fichier(s) source.";"scripts/gallery-vr.js";"reference";"";"non";"vg01-vg06";"transversal-artiste";"https://media.artdaci.com/shared/artists/vincent-van-gogh/supporters/timelines/van-gogh-family-legacy-timeline-fr.png";"C4ED57B0B53183DAB9A45916053E551B06840CEF0C480D55ABDA1F770D3C6F5B"
"";"Vincent van Gogh";"transversal Van Gogh";"neutre-ou-inconnu";"assets/environments/gallery/images/Van-Gogh-s-Museum/vangogh-s-museum_building_plan/VanGogh_museum_legende.png";"image";"png";"2693903";"2,57 Mo";"Aucune référence textuelle détectée; vérifier les chargements dynamiques et usages éditoriaux.";"";"inutilise-probable";"";"non";"vg01-vg06";"transversal-artiste";"https://media.artdaci.com/shared/environments/gallery/images/Van-Gogh-s-Museum/vangogh-s-museum_building_plan/VanGogh_museum_legende.png";"520AE76091AEFE94F6BB3722E42A75ABDF7FBF2537AC416A795E04BC68C87421"
"";"Vincent van Gogh";"transversal Van Gogh";"neutre-ou-inconnu";"assets/environments/gallery/images/Van-Gogh-s-Museum/vangogh-s-museum_building_plan/VanGogh_museum.png";"image";"png";"2594462";"2,47 Mo";"Référencé par 1 fichier(s) source.";"content/museums/van-gogh-museum.json";"reference";"";"non";"vg01-vg06";"transversal-artiste";"https://media.artdaci.com/shared/environments/gallery/images/Van-Gogh-s-Museum/vangogh-s-museum_building_plan/VanGogh_museum.png";"4BBBA8B156778BF26672CA3A858CB54F45D7B4A109E8544319A6E012A5C405FF"
"";"Vincent van Gogh";"transversal Van Gogh";"ar";"assets/environments/gallery/images/Van-Gogh-s-Museum/vangogh-s-museum_building_plan/vangogh-s-museum_building_plan_ar.png";"image";"png";"2775660";"2,65 Mo";"Aucune référence textuelle détectée; vérifier les chargements dynamiques et usages éditoriaux.";"";"inutilise-probable";"";"non";"vg01-vg06";"transversal-artiste";"https://media.artdaci.com/shared/environments/gallery/images/Van-Gogh-s-Museum/vangogh-s-museum_building_plan/vangogh-s-museum_building_plan_ar.png";"1F6C655C260705591D1F3CC9603B6F1C4A1F9316C56E4C9EB5AC6620D38AE0F3"
"";"Vincent van Gogh";"transversal Van Gogh";"en";"assets/environments/gallery/images/Van-Gogh-s-Museum/vangogh-s-museum_building_plan/vangogh-s-museum_building_plan_en.png";"image";"png";"2606228";"2,49 Mo";"Aucune référence textuelle détectée; vérifier les chargements dynamiques et usages éditoriaux.";"";"inutilise-probable";"";"non";"vg01-vg06";"transversal-artiste";"https://media.artdaci.com/shared/environments/gallery/images/Van-Gogh-s-Museum/vangogh-s-museum_building_plan/vangogh-s-museum_building_plan_en.png";"FCCA3618BD6172933906E3F96C02301F87ABC5A340E145790B8A059CB7B27CFD"
"";"Vincent van Gogh";"transversal Van Gogh";"fr";"assets/environments/gallery/images/Van-Gogh-s-Museum/vangogh-s-museum_building_plan/vangogh-s-museum_building_plan_fr.png";"image";"png";"2314758";"2,21 Mo";"Aucune référence textuelle détectée; vérifier les chargements dynamiques et usages éditoriaux.";"";"inutilise-probable";"";"non";"vg01-vg06";"transversal-artiste";"https://media.artdaci.com/shared/environments/gallery/images/Van-Gogh-s-Museum/vangogh-s-museum_building_plan/vangogh-s-museum_building_plan_fr.png";"428196D651B9F090DFEEACE930293ABB6973520A15A6841A429E3BC1B147BAE0"
"gallery-vr.html";"Vincent van Gogh";"transversal Van Gogh";"neutre-ou-inconnu";"assets/environments/gallery/images/Van-Gogh-s-Museum/vangogh-s-museum_building_plan/vangogh-s-museum.png";"image";"png";"2481656";"2,37 Mo";"Référencé par 1 fichier(s) source.";"scripts/gallery-vr.js";"reference";"";"non";"vg01-vg06";"transversal-artiste";"https://media.artdaci.com/shared/environments/gallery/images/Van-Gogh-s-Museum/vangogh-s-museum_building_plan/vangogh-s-museum.png";"1B4E8742C483FA594810B62CD36F7B31C21D8F4E37BCFF85E9CD4D31994B834F"
"";"Vincent van Gogh";"transversal Van Gogh";"ar";"assets/environments/gallery/images/Van-Gogh-s-Museum/vangogh-s-museum_timeline/vangogh-s-museum_timeline_ar.png";"image";"png";"2625601";"2,50 Mo";"Aucune référence textuelle détectée; vérifier les chargements dynamiques et usages éditoriaux.";"";"inutilise-probable";"";"non";"vg01-vg06";"transversal-artiste";"https://media.artdaci.com/shared/environments/gallery/images/Van-Gogh-s-Museum/vangogh-s-museum_timeline/vangogh-s-museum_timeline_ar.png";"2183BCF602B1722707125089826197B8B049B27E14A50B7CEFB0A3F88BBBF7ED"
"";"Vincent van Gogh";"transversal Van Gogh";"en";"assets/environments/gallery/images/Van-Gogh-s-Museum/vangogh-s-museum_timeline/vangogh-s-museum_timeline_en.png";"image";"png";"2658770";"2,54 Mo";"Aucune référence textuelle détectée; vérifier les chargements dynamiques et usages éditoriaux.";"";"inutilise-probable";"";"non";"vg01-vg06";"transversal-artiste";"https://media.artdaci.com/shared/environments/gallery/images/Van-Gogh-s-Museum/vangogh-s-museum_timeline/vangogh-s-museum_timeline_en.png";"BE2D8CEA4832F4849456807B58BE3765C21D3802C30A2BB55370CD3D0C8F6843"
"";"Vincent van Gogh";"transversal Van Gogh";"fr";"assets/environments/gallery/images/Van-Gogh-s-Museum/vangogh-s-museum_timeline/vangogh-s-museum_timeline_fr.png";"image";"png";"2733815";"2,61 Mo";"Aucune référence textuelle détectée; vérifier les chargements dynamiques et usages éditoriaux.";"";"inutilise-probable";"";"non";"vg01-vg06";"transversal-artiste";"https://media.artdaci.com/shared/environments/gallery/images/Van-Gogh-s-Museum/vangogh-s-museum_timeline/vangogh-s-museum_timeline_fr.png";"F073EF9D282B2B53FD4346C07371466510595DD68AA24A3E9789633204A567FE"
"gallery-vr.html";"Vincent van Gogh";"transversal Van Gogh";"neutre-ou-inconnu";"assets/artists/vincent-van-gogh/profile/models/standing.glb";"modele-3d";"glb";"4562864";"4,35 Mo";"Référencé par 1 fichier(s) source.";"scripts/gallery-vr.js";"reference";"";"non";"vg01-vg06";"transversal-artiste";"https://media.artdaci.com/shared/artists/vincent-van-gogh/profile/models/standing.glb";"E3591F493AD1F6FDC99C56FC2E39D38E5B936DEB162CE10ACD61F2529FA25E1F"
"";"Vincent van Gogh";"transversal Van Gogh";"neutre-ou-inconnu";"assets/artists/vincent-van-gogh/supporters/models/bou-veil.glb";"modele-3d";"glb";"56092692";"53,49 Mo";"Référencé par 1 fichier(s) source.";"content/people/van-gogh-jo.json";"reference";"";"non";"vg01-vg06";"transversal-artiste";"https://media.artdaci.com/shared/artists/vincent-van-gogh/supporters/models/bou-veil.glb";"866D6ECC91D08AA6D114C149D8FE2028FFA005A61C87224D105E4C7F1674BE7F"
"gallery-vr.html";"Vincent van Gogh";"transversal Van Gogh";"neutre-ou-inconnu";"assets/artists/vincent-van-gogh/supporters/models/van-gogh-jo-c.glb";"modele-3d";"glb";"11041724";"10,53 Mo";"Référencé par 1 fichier(s) source.";"scripts/gallery-vr.js";"reference";"";"non";"vg01-vg06";"transversal-artiste";"https://media.artdaci.com/shared/artists/vincent-van-gogh/supporters/models/van-gogh-jo-c.glb";"21CDED58DB9B64035CA1AB5C25F49D940AA8E1882F953F0985CB59AF39D247E3"
"gallery-vr.html";"Vincent van Gogh";"transversal Van Gogh";"neutre-ou-inconnu";"assets/artists/vincent-van-gogh/profile/introduction.mp4";"video";"mp4";"9173071";"8,75 Mo";"Référencé par 1 fichier(s) source.";"scripts/gallery-vr.js";"reference";"";"non";"vg01-vg06";"transversal-artiste";"https://media.artdaci.com/shared/artists/vincent-van-gogh/profile/introduction.mp4";"1BA9FA610F0243288679BAF5A7B18D0A0E6FFCBF28B3150FEE0060417D8FD4F2"
"gallery-vr.html";"Vincent van Gogh";"transversal Van Gogh";"neutre-ou-inconnu";"assets/artists/vincent-van-gogh/supporters/video/vincent-theo-jo-last-words.mp4";"video";"mp4";"26078080";"24,87 Mo";"Référencé par 1 fichier(s) source.";"scripts/gallery-vr.js";"reference";"";"non";"vg01-vg06";"transversal-artiste";"https://media.artdaci.com/shared/artists/vincent-van-gogh/supporters/video/vincent-theo-jo-last-words.mp4";"7B1820B30E2044681D930DBE2A562B8640937F7E27E08D1268B830D7E51110EF"
"ar.html | book-3d.html | gallery-vr.html | index-ar.html | index-fr.html | index.html | print-ar.html | space.html | vr.html";"Vincent van Gogh";"La Chambre à Arles";"en";"assets/artists/vincent-van-gogh/artworks/the-bedroom/media/van-gogh-bedroom-1m25-en.m4a";"audio";"m4a";"2752410";"2,62 Mo";"Référencé par 1 fichier(s) source.";"content/paintings/van-gogh-bedroom.json";"reference";"";"non";"vg02";"oeuvre";"https://media.artdaci.com/artworks/vg02/audio/en/van-gogh-bedroom-1m25-en.m4a";"D974287957B290160C655DD2D65A573D9AAD8202E000D4F7B7C2A80AA2218AD6"
"ar.html | book-3d.html | gallery-vr.html | index-ar.html | index-fr.html | index.html | print-ar.html | print-van-gogh-bedroom.html | space.html | vr.html";"Vincent van Gogh";"La Chambre à Arles";"en";"assets/artists/vincent-van-gogh/artworks/the-bedroom/media/van-gogh-bedroom-en.mp3";"audio";"mp3";"20210343";"19,27 Mo";"Référencé par 3 fichier(s) source.";"content/paintings/van-gogh-bedroom.json | index.html | print-van-gogh-bedroom.html";"reference";"";"non";"vg02";"oeuvre";"https://media.artdaci.com/artworks/vg02/audio/en/van-gogh-bedroom-en.mp3";"F160735A5BD5D349A5B2FBD33FF306520C1BF1AF466188A32B27078456700ECB"
"ar.html | book-3d.html | gallery-vr.html | index-ar.html | index-fr.html | index.html | print-ar.html | print-van-gogh-bedroom-fr.html | space.html | vr.html";"Vincent van Gogh";"La Chambre à Arles";"fr";"assets/artists/vincent-van-gogh/artworks/the-bedroom/media/van-gogh-la-chambre-fr.mp3";"audio";"mp3";"12813719";"12,22 Mo";"Référencé par 4 fichier(s) source.";"content/paintings/van-gogh-bedroom.json | index-fr.html | print-van-gogh-bedroom-fr.html | scripts/print-ar.js";"reference";"";"non";"vg02";"oeuvre";"https://media.artdaci.com/artworks/vg02/audio/fr/van-gogh-la-chambre-fr.mp3";"F46386C258E77ED04A198038BC717391BD282385F21CB2F16D2B660E865FF7B7"
"ar.html | book-3d.html | gallery-vr.html | index-ar.html | index-fr.html | index.html | print-ar.html | space.html | vr.html";"Vincent van Gogh";"La Chambre à Arles";"neutre-ou-inconnu";"assets/targets/bed_van-gogh.mind";"cible-ar";"mind";"791076";"772,54 Ko";"Référencé par 1 fichier(s) source.";"content/paintings/van-gogh-bedroom.json";"reference";"";"non";"vg02";"oeuvre";"https://media.artdaci.com/artworks/vg02/ar/bed_van-gogh.mind";"4E5928206517F62506BBFA858A1C46BE5BAA322D5845D2E2C0560B7E6A3B2613"
"";"Vincent van Gogh";"La Chambre à Arles";"neutre-ou-inconnu";"assets/artists/paintings_images/vangogh/vangogh_bedroom.png";"image";"png";"2845615";"2,71 Mo";"Aucune référence textuelle détectée; vérifier les chargements dynamiques et usages éditoriaux.";"";"inutilise-probable";"";"non";"vg02";"oeuvre";"https://media.artdaci.com/artworks/vg02/images/vangogh_bedroom.png";"941E596F2876597E6AB568B90A8C8FEA26965CC373300CEEF8061E3762041714"
"book-3d.html | gallery-vr.html | print-van-gogh-fr.html | print-van-gogh.html";"Vincent van Gogh";"La Chambre à Arles";"neutre-ou-inconnu";"assets/artists/vincent-van-gogh/artworks/self-portrait/images/van-gogh-in-bedroom-standing.png";"image";"png";"2412121";"2,30 Mo";"Référencé par 4 fichier(s) source.";"print-van-gogh-fr.html | print-van-gogh.html | scripts/book-3d.js | scripts/gallery-vr.js";"doublon-binaire";"D005";"non";"vg02";"oeuvre";"https://media.artdaci.com/artworks/vg02/images/van-gogh-in-bedroom-standing.png";"7B8B56A20F363CB1B30A389D7D1C9F495C3AFF8F83914449627407645047461A"
"ar.html | book-3d.html | compile-target.html | gallery-vr.html | index-ar.html | index-fr.html | index.html | print-ar.html | print-van-gogh-bedroom-fr.html | print-van-gogh-bedroom.html | space.html | vr.html";"Vincent van Gogh";"La Chambre à Arles";"neutre-ou-inconnu";"assets/artists/vincent-van-gogh/artworks/the-bedroom/images/bed-van-gogh.jpeg";"image";"jpeg";"422624";"412,72 Ko";"Référencé par 7 fichier(s) source.";"compile-target.html | content/paintings/van-gogh-bedroom.json | print-van-gogh-bedroom-fr.html | print-van-gogh-bedroom.html | scripts/book-3d.js | scripts/gallery-vr.js | scripts/print-ar.js";"reference";"";"non";"vg02";"oeuvre";"https://media.artdaci.com/artworks/vg02/images/bed-van-gogh.jpeg";"3066E225229E2237FCBD8B92209019FE4A7391F01865C461177845F9400F0ADC"
"book-3d.html | gallery-vr.html";"Vincent van Gogh";"La Chambre à Arles";"neutre-ou-inconnu";"assets/artists/vincent-van-gogh/artworks/the-bedroom/images/van-gogh-bedroom-t.png";"image";"png";"725184";"708,19 Ko";"Référencé par 2 fichier(s) source.";"scripts/book-3d.js | scripts/gallery-vr.js";"reference";"";"non";"vg02";"oeuvre";"https://media.artdaci.com/artworks/vg02/images/van-gogh-bedroom-t.png";"BE1935D44983D0A0960ED9997693163D21E0FC0A54FC2DD07CCAE236F023DD80"
"gallery-vr.html";"Vincent van Gogh";"La Chambre à Arles";"neutre-ou-inconnu";"assets/artists/vincent-van-gogh/collection/the-bedroom-vangogh.webp";"image";"webp";"324272";"316,67 Ko";"Référencé par 1 fichier(s) source.";"scripts/gallery-vr.js";"reference";"";"non";"vg02";"oeuvre";"https://media.artdaci.com/artworks/vg02/images/the-bedroom-vangogh.webp";"EB6035A54EB49CEB19529BD49B138ECF25CBE4F421217336A9F6734180106B12"
"print-multimedia-qr-fr.html | print-multimedia-qr.html";"Vincent van Gogh";"La Chambre à Arles";"neutre-ou-inconnu";"assets/qr/multimedia-bedroom-world.png";"image";"png";"1122";"1,10 Ko";"Référencé par 2 fichier(s) source.";"print-multimedia-qr-fr.html | print-multimedia-qr.html";"reference";"";"non";"vg02";"oeuvre";"https://media.artdaci.com/artworks/vg02/images/multimedia-bedroom-world.png";"C0D2AEF2E255FF4A83670F40F9D8395C110EE24B9E262FE473E3A20C2E43D2CB"
"print-van-gogh-bedroom.html";"Vincent van Gogh";"La Chambre à Arles";"ar";"assets/qr/van-gogh-bedroom-ar-en.png";"image";"png";"2666";"2,60 Ko";"Référencé par 1 fichier(s) source.";"print-van-gogh-bedroom.html";"reference";"";"non";"vg02";"oeuvre";"https://media.artdaci.com/artworks/vg02/images/van-gogh-bedroom-ar-en.png";"623E60CF77592BDBEE8ED4DD19D65BFC3E714EBED76D25883D25CCCCA33C3EB0"
"print-van-gogh-bedroom-fr.html";"Vincent van Gogh";"La Chambre à Arles";"ar";"assets/qr/van-gogh-bedroom-ar-fr.png";"image";"png";"2710";"2,65 Ko";"Référencé par 1 fichier(s) source.";"print-van-gogh-bedroom-fr.html";"reference";"";"non";"vg02";"oeuvre";"https://media.artdaci.com/artworks/vg02/images/van-gogh-bedroom-ar-fr.png";"87849EA70496923DADC00BC66B8903BBCE051A4B737D61C10F543AC21C9EC00E"
"print-van-gogh-bedroom.html";"Vincent van Gogh";"La Chambre à Arles";"en";"assets/qr/van-gogh-bedroom-audio-en.png";"image";"png";"1422";"1,39 Ko";"Référencé par 1 fichier(s) source.";"print-van-gogh-bedroom.html";"reference";"";"non";"vg02";"oeuvre";"https://media.artdaci.com/artworks/vg02/images/van-gogh-bedroom-audio-en.png";"14710BE168A60ADB16F41BEF3AD5A02FFB75F27BD957641A2138126936C34909"
"print-van-gogh-bedroom-fr.html";"Vincent van Gogh";"La Chambre à Arles";"fr";"assets/qr/van-gogh-bedroom-audio-fr.png";"image";"png";"1412";"1,38 Ko";"Référencé par 1 fichier(s) source.";"print-van-gogh-bedroom-fr.html";"reference";"";"non";"vg02";"oeuvre";"https://media.artdaci.com/artworks/vg02/images/van-gogh-bedroom-audio-fr.png";"4383B1E4A0E5E9656EB8B31E4A450F047838876D6126D5EB134CF0B3C6906E3D"
"print-van-gogh-bedroom.html";"Vincent van Gogh";"La Chambre à Arles";"en";"assets/qr/van-gogh-bedroom-space-en.png";"image";"png";"3404";"3,32 Ko";"Référencé par 1 fichier(s) source.";"print-van-gogh-bedroom.html";"reference";"";"non";"vg02";"oeuvre";"https://media.artdaci.com/artworks/vg02/images/van-gogh-bedroom-space-en.png";"63A48674BFA3A3AA7E5A1074E7DC63F69C4F825BF25307A77B71865DCE8EA107"
"print-van-gogh-bedroom-fr.html";"Vincent van Gogh";"La Chambre à Arles";"fr";"assets/qr/van-gogh-bedroom-space-fr.png";"image";"png";"3400";"3,32 Ko";"Référencé par 1 fichier(s) source.";"print-van-gogh-bedroom-fr.html";"reference";"";"non";"vg02";"oeuvre";"https://media.artdaci.com/artworks/vg02/images/van-gogh-bedroom-space-fr.png";"23FF1BCBBF65D127584C4D11A9C165698F2835D66D591189134916DE64A3086D"
"gallery-vr.html";"Vincent van Gogh";"La Chambre à Arles";"neutre-ou-inconnu";"assets/shared/reimagined-gallery/the-bedroom.avif";"image";"avif";"80684";"78,79 Ko";"Référencé par 1 fichier(s) source.";"scripts/gallery-vr.js";"reference";"";"non";"vg02";"oeuvre";"https://media.artdaci.com/artworks/vg02/images/the-bedroom.avif";"F876122E38A95129C295BB4763D192EF529412832678997A8C4980D0B0BF9D3C"
"gallery-vr.html";"Vincent van Gogh";"La Chambre à Arles";"neutre-ou-inconnu";"assets/shared/reimagined-gallery/van-gogh_in_bedroom-standing.png";"image";"png";"2412121";"2,30 Mo";"Référencé par 1 fichier(s) source.";"scripts/gallery-vr.js";"doublon-binaire";"D005";"non";"vg02";"oeuvre";"https://media.artdaci.com/artworks/vg02/images/van-gogh_in_bedroom-standing.png";"7B8B56A20F363CB1B30A389D7D1C9F495C3AFF8F83914449627407645047461A"
"ar.html | book-3d.html | gallery-vr.html | index-ar.html | index-fr.html | index.html | print-ar.html | space.html | vr.html";"Vincent van Gogh";"La Chambre à Arles";"neutre-ou-inconnu";"assets/artists/vincent-van-gogh/artworks/self-portrait/models/van-gogh-in-bedroom-standing.glb";"modele-3d";"glb";"26338176";"25,12 Mo";"Référencé par 1 fichier(s) source.";"content/paintings/van-gogh.json";"reference";"";"non";"vg02";"oeuvre";"https://media.artdaci.com/artworks/vg02/models/van-gogh-in-bedroom-standing.glb";"7EFA12316BF4D1D9F427CE081F4912D22C0858ACD9E0808008071B26181153E3"
"ar.html | book-3d.html | gallery-vr.html | index-ar.html | index-fr.html | index.html | print-ar.html | space.html | vr.html";"Vincent van Gogh";"La Chambre à Arles";"neutre-ou-inconnu";"assets/artists/vincent-van-gogh/artworks/the-bedroom/models/bed-van-gogh-f-s.glb";"modele-3d";"glb";"3792992";"3,62 Mo";"Référencé par 1 fichier(s) source.";"content/paintings/van-gogh-bedroom.json";"reference";"";"non";"vg02";"oeuvre";"https://media.artdaci.com/artworks/vg02/models/bed-van-gogh-f-s.glb";"16A378E6383F7C1808F1998BB3E3CB6D4753B4F4FBF60773F280B2304C68D5D3"
"ar.html | book-3d.html | gallery-vr.html | index-ar.html | index-fr.html | index.html | print-ar.html | space.html | vr.html";"Vincent van Gogh";"La Chambre à Arles";"neutre-ou-inconnu";"assets/artists/vincent-van-gogh/artworks/the-bedroom/models/bed-van-gogh.glb";"modele-3d";"glb";"36632464";"34,94 Mo";"Référencé par 1 fichier(s) source.";"content/paintings/van-gogh-bedroom.json";"reference";"";"non";"vg02";"oeuvre";"https://media.artdaci.com/artworks/vg02/models/bed-van-gogh.glb";"A83CA00B24E158FA71941A14CFDFD1811C60FFB2A9D32404E0A242D84AA6661A"
"gallery-vr.html";"Vincent van Gogh";"La Chambre à Arles";"neutre-ou-inconnu";"assets/artists/vincent-van-gogh/artworks/the-bedroom/models/bed.glb";"modele-3d";"glb";"11832824";"11,28 Mo";"Référencé par 1 fichier(s) source.";"scripts/gallery-vr.js";"reference";"";"non";"vg02";"oeuvre";"https://media.artdaci.com/artworks/vg02/models/bed.glb";"36F7924BF9C0D076CD425BCA5D0250D82DC8E9EE77180E9B713B86B2E45DE802"
"ar.html | book-3d.html | gallery-vr.html | index-ar.html | index-fr.html | index.html | print-ar.html | space.html | vr.html";"Vincent van Gogh";"La Nuit étoilée";"neutre-ou-inconnu";"assets/artists/paintings_images/vangogh/vangogh_starry-night.png";"image";"png";"3401531";"3,24 Mo";"Référencé par 1 fichier(s) source.";"content/paintings/additional-16.json";"reference";"";"non";"vg03";"oeuvre";"https://media.artdaci.com/artworks/vg03/images/vangogh_starry-night.png";"2861C77A7BA130DFD9B456F78FB0FC8E2F84F61FBFF68E3A3461C65CB8B29E69"
"gallery-vr.html";"Vincent van Gogh";"La Nuit étoilée";"neutre-ou-inconnu";"assets/artists/vincent-van-gogh/collection/the-starry-night-vangogh.webp";"image";"webp";"431238";"421,13 Ko";"Référencé par 1 fichier(s) source.";"scripts/gallery-vr.js";"reference";"";"non";"vg03";"oeuvre";"https://media.artdaci.com/artworks/vg03/images/the-starry-night-vangogh.webp";"AD54E099AE0DAC6CC5668BB010EC594835205999D429BF1DBB11B75A3758BAAC"
"gallery-vr.html";"Vincent van Gogh";"Les Tournesols";"neutre-ou-inconnu";"assets/artists/vincent-van-gogh/supporters/music/jo-van-gogh-bonger-theo-s-wife-le-champ-de-tournesols.mp3";"audio";"mp3";"742102";"724,71 Ko";"Référencé par 2 fichier(s) source.";"content/people/van-gogh-jo.json | scripts/gallery-vr.js";"reference";"";"non";"vg04";"oeuvre";"https://media.artdaci.com/artworks/vg04/audio/jo-van-gogh-bonger-theo-s-wife-le-champ-de-tournesols.mp3";"58DC17CE5CECDCAD61DE69F6BC487D270218675B97A569A436A38A4869461077"
"ar.html | book-3d.html | gallery-vr.html | index-ar.html | index-fr.html | index.html | print-ar.html | space.html | vr.html";"Vincent van Gogh";"Les Tournesols";"neutre-ou-inconnu";"assets/artists/paintings_images/vangogh/vangogh_sunflower.png";"image";"png";"2973639";"2,84 Mo";"Référencé par 1 fichier(s) source.";"content/paintings/additional-16.json";"reference";"";"non";"vg04";"oeuvre";"https://media.artdaci.com/artworks/vg04/images/vangogh_sunflower.png";"91DD511B944142F962957D78640B36B9E85459D8BD15BA71D91CF52F85DDC0B3"
"gallery-vr.html";"Vincent van Gogh";"Les Tournesols";"neutre-ou-inconnu";"assets/artists/vincent-van-gogh/collection/tournesols-vangogh.webp";"image";"webp";"376212";"367,39 Ko";"Référencé par 1 fichier(s) source.";"scripts/gallery-vr.js";"reference";"";"non";"vg04";"oeuvre";"https://media.artdaci.com/artworks/vg04/images/tournesols-vangogh.webp";"AA5A12EEA8D5D21619C636D16CCCED08E5232452502B3589C64565F977C370FB"
"ar.html | book-3d.html | gallery-vr.html | index-ar.html | index-fr.html | index.html | print-ar.html | space.html | vr.html";"Vincent van Gogh";"Terrasse du café le soir";"neutre-ou-inconnu";"assets/artists/paintings_images/vangogh/vangogh_café-terrace.png";"image";"png";"3256021";"3,11 Mo";"Référencé par 1 fichier(s) source.";"content/paintings/additional-16.json";"reference";"";"non";"vg05";"oeuvre";"https://media.artdaci.com/artworks/vg05/images/vangogh_café-terrace.png";"D45DE4B0648D824CD72B97D3D4537B16AFB8DB30D2AEAD61716AD7C71FA23F5D"
"ar.html | book-3d.html | gallery-vr.html | index-ar.html | index-fr.html | index.html | print-ar.html | space.html | vr.html";"Vincent van Gogh";"Le Café de nuit";"neutre-ou-inconnu";"assets/artists/paintings_images/vangogh/vangogh_night-café.png";"image";"png";"3241274";"3,09 Mo";"Référencé par 1 fichier(s) source.";"content/paintings/additional-16.json";"reference";"";"non";"vg06";"oeuvre";"https://media.artdaci.com/artworks/vg06/images/vangogh_night-café.png";"B01F9305313E9DF01FC9AB30C9E2F57D0957FEED04E1BBC6D2D0E8F9890A8585"
"gallery-vr.html";"Vincent van Gogh";"Le Café de nuit";"neutre-ou-inconnu";"assets/artists/vincent-van-gogh/collection/the-night-café-vangogh.webp";"image";"webp";"356730";"348,37 Ko";"Référencé par 1 fichier(s) source.";"scripts/gallery-vr.js";"reference";"";"non";"vg06";"oeuvre";"https://media.artdaci.com/artworks/vg06/images/the-night-café-vangogh.webp";"C62278FBB37CFFC6987A33698B8BB5DC405FB9D0AE62848865F2D4FF5C2A3D55"
